﻿时间,炉号,预警/报警类型,预警/报警事件,预警/报警区分
2025-03-06 00:00:00,3,预警,瞬时低炉温焚烧,预警
2025-03-06 00:00:00,3,报警,低炉温焚烧,报警
2025-03-06 00:00:00,3,预警,烟气中一氧化碳（CO）浓度较高,预警
2025-03-06 00:00:00,3,预警,烟气中氯化氢（HCl）浓度较高,预警
2025-03-06 00:00:00,3,预警,烟气中二氧化硫（SO₂）浓度较高,预警
2025-03-06 00:00:00,3,预警,烟气中氮氧化物（NOx）浓度较高,预警
2025-03-06 00:00:00,3,预警,烟气中颗粒物（PM）浓度较高,预警
2025-03-06 00:00:00,4,预警,焚烧炉出口氧含量偏高,预警
2025-03-06 00:00:00,3,预警,焚烧炉出口氧含量偏高,预警
2025-03-06 00:00:00,3,预警,布袋除尘器压力损失偏低,预警
2025-03-06 00:02:00,5,预警,焚烧炉出口氧含量偏低,预警
2025-03-06 00:05:00,3,预警,瞬时低炉温焚烧,预警
2025-03-06 00:05:00,3,报警,低炉温焚烧,报警
2025-03-06 00:10:00,3,报警,低炉温焚烧,报警
2025-03-06 00:10:00,3,预警,瞬时低炉温焚烧,预警
2025-03-06 00:15:00,3,预警,瞬时低炉温焚烧,预警
2025-03-06 00:15:00,3,报警,低炉温焚烧,报警
2025-03-06 00:20:00,3,预警,瞬时低炉温焚烧,预警
2025-03-06 00:20:00,3,报警,低炉温焚烧,报警
2025-03-06 00:25:00,3,报警,低炉温焚烧,报警
2025-03-06 00:25:00,3,预警,瞬时低炉温焚烧,预警
2025-03-06 00:30:00,3,预警,瞬时低炉温焚烧,预警
2025-03-06 00:30:00,3,报警,低炉温焚烧,报警
2025-03-06 00:35:00,3,报警,低炉温焚烧,报警
2025-03-06 00:35:00,3,预警,瞬时低炉温焚烧,预警
2025-03-06 00:40:00,3,报警,低炉温焚烧,报警
2025-03-06 00:40:00,3,预警,瞬时低炉温焚烧,预警
2025-03-06 00:45:00,3,预警,瞬时低炉温焚烧,预警
2025-03-06 00:45:00,3,报警,低炉温焚烧,报警
2025-03-06 00:48:00,5,预警,焚烧炉出口氧含量偏低,预警
2025-03-06 00:50:00,3,报警,低炉温焚烧,报警
2025-03-06 00:50:00,3,预警,瞬时低炉温焚烧,预警
2025-03-06 00:54:00,5,预警,焚烧炉出口氧含量偏低,预警
2025-03-06 00:55:00,3,报警,低炉温焚烧,报警
2025-03-06 00:55:00,3,预警,瞬时低炉温焚烧,预警
2025-03-06 01:00:00,3,预警,烟气中一氧化碳（CO）浓度较高,预警
2025-03-06 01:00:00,3,预警,烟气中二氧化硫（SO₂）浓度较高,预警
2025-03-06 01:00:00,3,预警,烟气中氮氧化物（NOx）浓度较高,预警
2025-03-06 01:00:00,3,报警,低炉温焚烧,报警
2025-03-06 01:00:00,3,预警,烟气中氯化氢（HCl）浓度较高,预警
2025-03-06 01:00:00,3,预警,烟气中颗粒物（PM）浓度较高,预警
2025-03-06 01:00:00,3,预警,瞬时低炉温焚烧,预警
2025-03-06 01:02:00,5,预警,焚烧炉出口氧含量偏低,预警
2025-03-06 01:05:00,3,预警,瞬时低炉温焚烧,预警
2025-03-06 01:05:00,3,报警,低炉温焚烧,报警
2025-03-06 01:10:00,3,预警,瞬时低炉温焚烧,预警
2025-03-06 01:10:00,3,报警,低炉温焚烧,报警
2025-03-06 01:15:00,3,报警,低炉温焚烧,报警
2025-03-06 01:15:00,3,预警,瞬时低炉温焚烧,预警
2025-03-06 01:20:00,3,预警,瞬时低炉温焚烧,预警
2025-03-06 01:20:00,3,报警,低炉温焚烧,报警
2025-03-06 01:25:00,3,报警,低炉温焚烧,报警
2025-03-06 01:25:00,3,预警,瞬时低炉温焚烧,预警
2025-03-06 01:30:00,3,预警,瞬时低炉温焚烧,预警
2025-03-06 01:30:00,3,报警,低炉温焚烧,报警
2025-03-06 01:35:00,3,预警,瞬时低炉温焚烧,预警
2025-03-06 01:35:00,3,报警,低炉温焚烧,报警
2025-03-06 01:40:00,3,预警,瞬时低炉温焚烧,预警
2025-03-06 01:40:00,3,报警,低炉温焚烧,报警
2025-03-06 01:42:00,6,预警,焚烧炉出口氧含量偏高,预警
2025-03-06 01:45:00,3,预警,瞬时低炉温焚烧,预警
2025-03-06 01:45:00,3,报警,低炉温焚烧,报警
2025-03-06 01:50:00,3,报警,低炉温焚烧,报警
2025-03-06 01:50:00,3,预警,瞬时低炉温焚烧,预警
2025-03-06 01:55:00,3,报警,低炉温焚烧,报警
2025-03-06 01:55:00,3,预警,瞬时低炉温焚烧,预警
2025-03-06 02:00:00,3,预警,瞬时低炉温焚烧,预警
2025-03-06 02:00:00,3,预警,烟气中一氧化碳（CO）浓度较高,预警
2025-03-06 02:00:00,3,预警,烟气中氯化氢（HCl）浓度较高,预警
2025-03-06 02:00:00,3,预警,烟气中二氧化硫（SO₂）浓度较高,预警
2025-03-06 02:00:00,3,预警,烟气中氮氧化物（NOx）浓度较高,预警
2025-03-06 02:00:00,3,预警,烟气中颗粒物（PM）浓度较高,预警
2025-03-06 02:00:00,6,预警,焚烧炉出口氧含量偏高,预警
2025-03-06 02:00:00,3,报警,低炉温焚烧,报警
2025-03-06 02:05:00,3,报警,低炉温焚烧,报警
2025-03-06 02:05:00,3,预警,瞬时低炉温焚烧,预警
2025-03-06 02:10:00,3,报警,低炉温焚烧,报警
2025-03-06 02:10:00,3,预警,瞬时低炉温焚烧,预警
2025-03-06 02:10:00,5,预警,焚烧炉出口氧含量偏低,预警
2025-03-06 02:12:00,6,预警,焚烧炉出口氧含量偏高,预警
2025-03-06 02:15:00,3,报警,低炉温焚烧,报警
2025-03-06 02:15:00,3,预警,瞬时低炉温焚烧,预警
2025-03-06 02:20:00,3,报警,低炉温焚烧,报警
2025-03-06 02:20:00,3,预警,瞬时低炉温焚烧,预警
2025-03-06 02:25:00,3,报警,低炉温焚烧,报警
2025-03-06 02:25:00,3,预警,瞬时低炉温焚烧,预警
2025-03-06 02:26:00,6,预警,焚烧炉出口氧含量偏高,预警
2025-03-06 02:30:00,3,报警,低炉温焚烧,报警
2025-03-06 02:30:00,3,预警,瞬时低炉温焚烧,预警
2025-03-06 02:32:00,5,预警,焚烧炉出口氧含量偏低,预警
2025-03-06 02:35:00,3,报警,低炉温焚烧,报警
2025-03-06 02:35:00,3,预警,瞬时低炉温焚烧,预警
2025-03-06 02:40:00,3,预警,瞬时低炉温焚烧,预警
2025-03-06 02:40:00,3,报警,低炉温焚烧,报警
2025-03-06 02:42:00,5,预警,焚烧炉出口氧含量偏低,预警
2025-03-06 02:45:00,3,预警,瞬时低炉温焚烧,预警
2025-03-06 02:45:00,3,报警,低炉温焚烧,报警
2025-03-06 02:50:00,3,预警,瞬时低炉温焚烧,预警
2025-03-06 02:50:00,3,报警,低炉温焚烧,报警
2025-03-06 02:55:00,3,预警,瞬时低炉温焚烧,预警
2025-03-06 02:55:00,3,报警,低炉温焚烧,报警
2025-03-06 03:00:00,3,预警,瞬时低炉温焚烧,预警
2025-03-06 03:00:00,3,报警,低炉温焚烧,报警
2025-03-06 03:04:00,5,预警,焚烧炉出口氧含量偏低,预警
2025-03-06 03:05:00,3,预警,瞬时低炉温焚烧,预警
2025-03-06 03:05:00,3,报警,低炉温焚烧,报警
2025-03-06 03:10:00,3,报警,低炉温焚烧,报警
2025-03-06 03:10:00,3,预警,瞬时低炉温焚烧,预警
2025-03-06 03:14:00,6,预警,焚烧炉出口氧含量偏高,预警
2025-03-06 03:15:00,3,报警,低炉温焚烧,报警
2025-03-06 03:15:00,3,预警,瞬时低炉温焚烧,预警
2025-03-06 03:20:00,3,报警,低炉温焚烧,报警
2025-03-06 03:20:00,3,预警,瞬时低炉温焚烧,预警
2025-03-06 03:25:00,3,报警,低炉温焚烧,报警
2025-03-06 03:25:00,3,预警,瞬时低炉温焚烧,预警
2025-03-06 03:30:00,3,报警,低炉温焚烧,报警
2025-03-06 03:30:00,3,预警,瞬时低炉温焚烧,预警
2025-03-06 03:35:00,3,报警,低炉温焚烧,报警
2025-03-06 03:35:00,3,预警,瞬时低炉温焚烧,预警
2025-03-06 03:40:00,3,预警,瞬时低炉温焚烧,预警
2025-03-06 03:40:00,3,报警,低炉温焚烧,报警
2025-03-06 03:42:00,5,预警,焚烧炉出口氧含量偏低,预警
2025-03-06 03:45:00,3,报警,低炉温焚烧,报警
2025-03-06 03:45:00,3,预警,瞬时低炉温焚烧,预警
2025-03-06 03:48:00,5,预警,焚烧炉出口氧含量偏低,预警
2025-03-06 03:50:00,3,报警,低炉温焚烧,报警
2025-03-06 03:50:00,3,预警,瞬时低炉温焚烧,预警
2025-03-06 03:54:00,5,预警,焚烧炉出口氧含量偏低,预警
2025-03-06 03:55:00,3,预警,瞬时低炉温焚烧,预警
2025-03-06 03:55:00,3,报警,低炉温焚烧,报警
2025-03-06 04:00:00,3,预警,瞬时低炉温焚烧,预警
2025-03-06 04:00:00,3,报警,低炉温焚烧,报警
2025-03-06 04:05:00,3,预警,瞬时低炉温焚烧,预警
2025-03-06 04:05:00,3,报警,低炉温焚烧,报警
2025-03-06 04:10:00,3,预警,瞬时低炉温焚烧,预警
2025-03-06 04:10:00,3,报警,低炉温焚烧,报警
2025-03-06 04:15:00,3,预警,瞬时低炉温焚烧,预警
2025-03-06 04:15:00,3,报警,低炉温焚烧,报警
2025-03-06 04:20:00,3,报警,低炉温焚烧,报警
2025-03-06 04:20:00,3,预警,瞬时低炉温焚烧,预警
2025-03-06 04:25:00,3,报警,低炉温焚烧,报警
2025-03-06 04:25:00,3,预警,瞬时低炉温焚烧,预警
2025-03-06 04:30:00,3,预警,瞬时低炉温焚烧,预警
2025-03-06 04:30:00,3,报警,低炉温焚烧,报警
2025-03-06 04:35:00,3,报警,低炉温焚烧,报警
2025-03-06 04:35:00,3,预警,瞬时低炉温焚烧,预警
2025-03-06 04:40:00,3,预警,瞬时低炉温焚烧,预警
2025-03-06 04:40:00,3,报警,低炉温焚烧,报警
2025-03-06 04:45:00,3,报警,低炉温焚烧,报警
2025-03-06 04:45:00,3,预警,瞬时低炉温焚烧,预警
2025-03-06 04:46:00,5,预警,焚烧炉出口氧含量偏低,预警
2025-03-06 04:50:00,3,报警,低炉温焚烧,报警
2025-03-06 04:50:00,3,预警,瞬时低炉温焚烧,预警
2025-03-06 04:55:00,3,报警,低炉温焚烧,报警
2025-03-06 04:55:00,3,预警,瞬时低炉温焚烧,预警
2025-03-06 04:58:00,5,预警,焚烧炉出口氧含量偏低,预警
2025-03-06 05:00:00,3,预警,瞬时低炉温焚烧,预警
2025-03-06 05:00:00,3,报警,低炉温焚烧,报警
2025-03-06 05:05:00,3,报警,低炉温焚烧,报警
2025-03-06 05:05:00,3,预警,瞬时低炉温焚烧,预警
2025-03-06 05:08:00,5,预警,布袋除尘器压力损失偏高,预警
2025-03-06 05:10:00,3,报警,低炉温焚烧,报警
2025-03-06 05:10:00,5,预警,焚烧炉出口氧含量偏低,预警
2025-03-06 05:10:00,3,预警,瞬时低炉温焚烧,预警
2025-03-06 05:15:00,3,报警,低炉温焚烧,报警
2025-03-06 05:15:00,3,预警,瞬时低炉温焚烧,预警
2025-03-06 05:16:00,5,预警,布袋除尘器压力损失偏高,预警
2025-03-06 05:20:00,3,预警,瞬时低炉温焚烧,预警
2025-03-06 05:20:00,3,报警,低炉温焚烧,报警
2025-03-06 05:25:00,3,报警,低炉温焚烧,报警
2025-03-06 05:25:00,3,预警,瞬时低炉温焚烧,预警
2025-03-06 05:30:00,3,预警,瞬时低炉温焚烧,预警
2025-03-06 05:30:00,3,报警,低炉温焚烧,报警
2025-03-06 05:35:00,3,报警,低炉温焚烧,报警
2025-03-06 05:35:00,3,预警,瞬时低炉温焚烧,预警
2025-03-06 05:40:00,3,报警,低炉温焚烧,报警
2025-03-06 05:40:00,3,预警,瞬时低炉温焚烧,预警
2025-03-06 05:45:00,3,报警,低炉温焚烧,报警
2025-03-06 05:45:00,3,预警,瞬时低炉温焚烧,预警
2025-03-06 05:50:00,6,预警,焚烧炉出口氧含量偏高,预警
2025-03-06 05:50:00,3,预警,瞬时低炉温焚烧,预警
2025-03-06 05:50:00,3,报警,低炉温焚烧,报警
2025-03-06 05:55:00,3,报警,低炉温焚烧,报警
2025-03-06 05:55:00,3,预警,瞬时低炉温焚烧,预警
2025-03-06 06:00:00,3,预警,瞬时低炉温焚烧,预警
2025-03-06 06:00:00,3,报警,低炉温焚烧,报警
2025-03-06 06:05:00,3,报警,低炉温焚烧,报警
2025-03-06 06:05:00,3,预警,瞬时低炉温焚烧,预警
2025-03-06 06:10:00,3,报警,低炉温焚烧,报警
2025-03-06 06:10:00,3,预警,瞬时低炉温焚烧,预警
2025-03-06 06:12:00,5,预警,焚烧炉出口氧含量偏低,预警
2025-03-06 06:15:00,3,预警,瞬时低炉温焚烧,预警
2025-03-06 06:15:00,3,报警,低炉温焚烧,报警
2025-03-06 06:20:00,3,报警,低炉温焚烧,报警
2025-03-06 06:20:00,3,预警,瞬时低炉温焚烧,预警
2025-03-06 06:24:00,5,预警,焚烧炉出口氧含量偏低,预警
2025-03-06 06:25:00,3,报警,低炉温焚烧,报警
2025-03-06 06:25:00,3,预警,瞬时低炉温焚烧,预警
2025-03-06 06:30:00,3,报警,低炉温焚烧,报警
2025-03-06 06:30:00,3,预警,瞬时低炉温焚烧,预警
2025-03-06 06:32:00,5,预警,焚烧炉出口氧含量偏低,预警
2025-03-06 06:35:00,3,报警,低炉温焚烧,报警
2025-03-06 06:35:00,3,预警,瞬时低炉温焚烧,预警
2025-03-06 06:40:00,3,报警,低炉温焚烧,报警
2025-03-06 06:40:00,3,预警,瞬时低炉温焚烧,预警
2025-03-06 06:45:00,3,预警,瞬时低炉温焚烧,预警
2025-03-06 06:45:00,3,报警,低炉温焚烧,报警
2025-03-06 06:50:00,3,预警,瞬时低炉温焚烧,预警
2025-03-06 06:50:00,3,报警,低炉温焚烧,报警
2025-03-06 06:55:00,3,报警,低炉温焚烧,报警
2025-03-06 06:55:00,3,预警,瞬时低炉温焚烧,预警
2025-03-06 07:00:00,3,报警,低炉温焚烧,报警
2025-03-06 07:00:00,3,预警,瞬时低炉温焚烧,预警
2025-03-06 07:05:00,3,预警,瞬时低炉温焚烧,预警
2025-03-06 07:05:00,3,报警,低炉温焚烧,报警
2025-03-06 07:10:00,3,预警,瞬时低炉温焚烧,预警
2025-03-06 07:10:00,3,报警,低炉温焚烧,报警
2025-03-06 07:10:00,5,预警,焚烧炉出口氧含量偏低,预警
2025-03-06 07:12:00,5,预警,布袋除尘器压力损失偏高,预警
2025-03-06 07:14:00,5,预警,焚烧炉出口氧含量偏低,预警
2025-03-06 07:15:00,3,报警,低炉温焚烧,报警
2025-03-06 07:15:00,3,预警,瞬时低炉温焚烧,预警
2025-03-06 07:20:00,3,预警,瞬时低炉温焚烧,预警
2025-03-06 07:20:00,3,报警,低炉温焚烧,报警
2025-03-06 07:25:00,3,预警,瞬时低炉温焚烧,预警
2025-03-06 07:25:00,3,报警,低炉温焚烧,报警
2025-03-06 07:30:00,3,预警,瞬时低炉温焚烧,预警
2025-03-06 07:30:00,3,报警,低炉温焚烧,报警
2025-03-06 07:35:00,3,报警,低炉温焚烧,报警
2025-03-06 07:35:00,3,预警,瞬时低炉温焚烧,预警
2025-03-06 07:36:00,5,预警,布袋除尘器压力损失偏高,预警
2025-03-06 07:40:00,3,预警,瞬时低炉温焚烧,预警
2025-03-06 07:40:00,3,报警,低炉温焚烧,报警
2025-03-06 07:45:00,3,预警,瞬时低炉温焚烧,预警
2025-03-06 07:45:00,3,报警,低炉温焚烧,报警
2025-03-06 07:50:00,3,报警,低炉温焚烧,报警
2025-03-06 07:50:00,3,预警,瞬时低炉温焚烧,预警
2025-03-06 07:55:00,3,报警,低炉温焚烧,报警
2025-03-06 07:55:00,3,预警,瞬时低炉温焚烧,预警
2025-03-06 08:00:00,3,报警,低炉温焚烧,报警
2025-03-06 08:00:00,3,预警,瞬时低炉温焚烧,预警
2025-03-06 08:05:00,3,预警,瞬时低炉温焚烧,预警
2025-03-06 08:05:00,3,报警,低炉温焚烧,报警
2025-03-06 08:10:00,3,报警,低炉温焚烧,报警
2025-03-06 08:10:00,3,预警,瞬时低炉温焚烧,预警
2025-03-06 08:12:00,5,预警,布袋除尘器压力损失偏高,预警
2025-03-06 08:15:00,3,报警,低炉温焚烧,报警
2025-03-06 08:15:00,3,预警,瞬时低炉温焚烧,预警
2025-03-06 08:16:00,5,预警,焚烧炉出口氧含量偏低,预警
2025-03-06 08:20:00,3,报警,低炉温焚烧,报警
2025-03-06 08:20:00,3,预警,瞬时低炉温焚烧,预警
2025-03-06 08:25:00,3,报警,低炉温焚烧,报警
2025-03-06 08:25:00,3,预警,瞬时低炉温焚烧,预警
2025-03-06 08:30:00,3,预警,瞬时低炉温焚烧,预警
2025-03-06 08:30:00,3,报警,低炉温焚烧,报警
2025-03-06 08:35:00,3,预警,瞬时低炉温焚烧,预警
2025-03-06 08:35:00,3,报警,低炉温焚烧,报警
2025-03-06 08:40:00,3,预警,瞬时低炉温焚烧,预警
2025-03-06 08:40:00,3,报警,低炉温焚烧,报警
2025-03-06 08:42:00,5,预警,焚烧炉出口氧含量偏低,预警
2025-03-06 08:45:00,3,预警,瞬时低炉温焚烧,预警
2025-03-06 08:45:00,3,报警,低炉温焚烧,报警
2025-03-06 08:50:00,3,报警,低炉温焚烧,报警
2025-03-06 08:50:00,3,预警,瞬时低炉温焚烧,预警
2025-03-06 08:55:00,3,预警,瞬时低炉温焚烧,预警
2025-03-06 08:55:00,3,报警,低炉温焚烧,报警
2025-03-06 09:00:00,3,预警,瞬时低炉温焚烧,预警
2025-03-06 09:00:00,3,报警,低炉温焚烧,报警
2025-03-06 09:05:00,3,预警,瞬时低炉温焚烧,预警
2025-03-06 09:05:00,3,报警,低炉温焚烧,报警
2025-03-06 09:10:00,3,报警,低炉温焚烧,报警
2025-03-06 09:10:00,3,预警,瞬时低炉温焚烧,预警
2025-03-06 09:15:00,3,预警,瞬时低炉温焚烧,预警
2025-03-06 09:15:00,3,报警,低炉温焚烧,报警
2025-03-06 09:20:00,3,预警,瞬时低炉温焚烧,预警
2025-03-06 09:20:00,3,报警,低炉温焚烧,报警
2025-03-06 09:24:00,6,预警,焚烧炉出口氧含量偏高,预警
2025-03-06 09:25:00,3,预警,瞬时低炉温焚烧,预警
2025-03-06 09:25:00,3,报警,低炉温焚烧,报警
2025-03-06 09:30:00,3,预警,瞬时低炉温焚烧,预警
2025-03-06 09:30:00,3,报警,低炉温焚烧,报警
2025-03-06 09:34:00,6,预警,焚烧炉出口氧含量偏高,预警
2025-03-06 09:35:00,3,报警,低炉温焚烧,报警
2025-03-06 09:35:00,3,预警,瞬时低炉温焚烧,预警
2025-03-06 09:40:00,3,报警,低炉温焚烧,报警
2025-03-06 09:40:00,3,预警,瞬时低炉温焚烧,预警
2025-03-06 09:45:00,3,报警,低炉温焚烧,报警
2025-03-06 09:45:00,3,预警,瞬时低炉温焚烧,预警
2025-03-06 09:50:00,3,报警,低炉温焚烧,报警
2025-03-06 09:50:00,3,预警,瞬时低炉温焚烧,预警
2025-03-06 09:55:00,3,预警,瞬时低炉温焚烧,预警
2025-03-06 09:55:00,3,报警,低炉温焚烧,报警
2025-03-06 10:00:00,3,预警,瞬时低炉温焚烧,预警
2025-03-06 10:00:00,3,报警,低炉温焚烧,报警
2025-03-06 10:02:00,5,预警,焚烧炉出口氧含量偏低,预警
2025-03-06 10:05:00,3,预警,瞬时低炉温焚烧,预警
2025-03-06 10:05:00,3,报警,低炉温焚烧,报警
2025-03-06 10:06:00,5,预警,焚烧炉出口氧含量偏低,预警
2025-03-06 10:10:00,3,报警,低炉温焚烧,报警
2025-03-06 10:10:00,3,预警,瞬时低炉温焚烧,预警
2025-03-06 10:15:00,3,预警,瞬时低炉温焚烧,预警
2025-03-06 10:15:00,3,报警,低炉温焚烧,报警
2025-03-06 10:20:00,3,报警,低炉温焚烧,报警
2025-03-06 10:20:00,3,预警,瞬时低炉温焚烧,预警
2025-03-06 10:25:00,3,报警,低炉温焚烧,报警
2025-03-06 10:25:00,3,预警,瞬时低炉温焚烧,预警
2025-03-06 10:30:00,3,报警,低炉温焚烧,报警
2025-03-06 10:30:00,3,预警,瞬时低炉温焚烧,预警
2025-03-06 10:32:00,5,预警,焚烧炉出口氧含量偏低,预警
2025-03-06 10:35:00,3,报警,低炉温焚烧,报警
2025-03-06 10:35:00,3,预警,瞬时低炉温焚烧,预警
2025-03-06 10:40:00,3,报警,低炉温焚烧,报警
2025-03-06 10:40:00,3,预警,瞬时低炉温焚烧,预警
2025-03-06 10:45:00,3,报警,低炉温焚烧,报警
2025-03-06 10:45:00,3,预警,瞬时低炉温焚烧,预警
2025-03-06 10:48:00,6,预警,焚烧炉出口氧含量偏高,预警
2025-03-06 10:50:00,3,报警,低炉温焚烧,报警
2025-03-06 10:50:00,3,预警,瞬时低炉温焚烧,预警
2025-03-06 10:55:00,3,预警,瞬时低炉温焚烧,预警
2025-03-06 10:55:00,3,报警,低炉温焚烧,报警
2025-03-06 11:00:00,3,报警,低炉温焚烧,报警
2025-03-06 11:00:00,3,预警,瞬时低炉温焚烧,预警
2025-03-06 11:05:00,3,报警,低炉温焚烧,报警
2025-03-06 11:05:00,3,预警,瞬时低炉温焚烧,预警
2025-03-06 11:10:00,3,报警,低炉温焚烧,报警
2025-03-06 11:10:00,3,预警,瞬时低炉温焚烧,预警
2025-03-06 11:10:00,6,预警,焚烧炉出口氧含量偏高,预警
2025-03-06 11:15:00,3,报警,低炉温焚烧,报警
2025-03-06 11:15:00,3,预警,瞬时低炉温焚烧,预警
2025-03-06 11:20:00,3,报警,低炉温焚烧,报警
2025-03-06 11:20:00,3,预警,瞬时低炉温焚烧,预警
2025-03-06 11:25:00,3,报警,低炉温焚烧,报警
2025-03-06 11:25:00,3,预警,瞬时低炉温焚烧,预警
2025-03-06 11:30:00,6,预警,焚烧炉出口氧含量偏高,预警
2025-03-06 11:30:00,3,预警,瞬时低炉温焚烧,预警
2025-03-06 11:30:00,3,报警,低炉温焚烧,报警
2025-03-06 11:35:00,3,预警,瞬时低炉温焚烧,预警
2025-03-06 11:35:00,3,报警,低炉温焚烧,报警
2025-03-06 11:40:00,3,预警,瞬时低炉温焚烧,预警
2025-03-06 11:40:00,3,报警,低炉温焚烧,报警
2025-03-06 11:45:00,3,预警,瞬时低炉温焚烧,预警
2025-03-06 11:45:00,3,报警,低炉温焚烧,报警
2025-03-06 11:50:00,3,预警,瞬时低炉温焚烧,预警
2025-03-06 11:50:00,3,报警,低炉温焚烧,报警
2025-03-06 11:52:00,5,预警,布袋除尘器压力损失偏高,预警
2025-03-06 11:55:00,3,预警,瞬时低炉温焚烧,预警
2025-03-06 11:55:00,3,报警,低炉温焚烧,报警
2025-03-06 12:00:00,3,报警,低炉温焚烧,报警
2025-03-06 12:00:00,3,预警,瞬时低炉温焚烧,预警
2025-03-06 12:05:00,3,报警,低炉温焚烧,报警
2025-03-06 12:05:00,3,预警,瞬时低炉温焚烧,预警
2025-03-06 12:06:00,6,预警,焚烧炉出口氧含量偏高,预警
2025-03-06 12:10:00,3,报警,低炉温焚烧,报警
2025-03-06 12:10:00,3,预警,瞬时低炉温焚烧,预警
2025-03-06 12:15:00,3,报警,低炉温焚烧,报警
2025-03-06 12:15:00,3,预警,瞬时低炉温焚烧,预警
2025-03-06 12:20:00,3,报警,低炉温焚烧,报警
2025-03-06 12:20:00,3,预警,瞬时低炉温焚烧,预警
2025-03-06 12:25:00,3,报警,低炉温焚烧,报警
2025-03-06 12:25:00,3,预警,瞬时低炉温焚烧,预警
2025-03-06 12:30:00,3,预警,瞬时低炉温焚烧,预警
2025-03-06 12:30:00,3,报警,低炉温焚烧,报警
2025-03-06 12:35:00,3,预警,瞬时低炉温焚烧,预警
2025-03-06 12:35:00,3,报警,低炉温焚烧,报警
2025-03-06 12:40:00,3,预警,瞬时低炉温焚烧,预警
2025-03-06 12:40:00,3,报警,低炉温焚烧,报警
2025-03-06 12:45:00,3,预警,瞬时低炉温焚烧,预警
2025-03-06 12:45:00,3,报警,低炉温焚烧,报警
2025-03-06 12:50:00,3,预警,瞬时低炉温焚烧,预警
2025-03-06 12:50:00,3,报警,低炉温焚烧,报警
2025-03-06 12:55:00,3,预警,瞬时低炉温焚烧,预警
2025-03-06 12:55:00,3,报警,低炉温焚烧,报警
2025-03-06 13:00:00,3,报警,低炉温焚烧,报警
2025-03-06 13:00:00,3,预警,瞬时低炉温焚烧,预警
2025-03-06 13:05:00,3,报警,低炉温焚烧,报警
2025-03-06 13:05:00,3,预警,瞬时低炉温焚烧,预警
2025-03-06 13:10:00,3,预警,瞬时低炉温焚烧,预警
2025-03-06 13:10:00,3,报警,低炉温焚烧,报警
2025-03-06 13:15:00,3,预警,瞬时低炉温焚烧,预警
2025-03-06 13:15:00,3,报警,低炉温焚烧,报警
2025-03-06 13:20:00,3,预警,瞬时低炉温焚烧,预警
2025-03-06 13:20:00,3,报警,低炉温焚烧,报警
2025-03-06 13:25:00,3,预警,瞬时低炉温焚烧,预警
2025-03-06 13:25:00,3,报警,低炉温焚烧,报警
2025-03-06 13:30:00,3,报警,低炉温焚烧,报警
2025-03-06 13:30:00,3,预警,瞬时低炉温焚烧,预警
2025-03-06 13:35:00,3,报警,低炉温焚烧,报警
2025-03-06 13:35:00,3,预警,瞬时低炉温焚烧,预警
2025-03-06 13:40:00,3,预警,瞬时低炉温焚烧,预警
2025-03-06 13:40:00,3,报警,低炉温焚烧,报警
2025-03-06 13:44:00,5,预警,焚烧炉出口氧含量偏低,预警
2025-03-06 13:45:00,3,报警,低炉温焚烧,报警
2025-03-06 13:45:00,3,预警,瞬时低炉温焚烧,预警
2025-03-06 13:50:00,3,预警,瞬时低炉温焚烧,预警
2025-03-06 13:50:00,3,报警,低炉温焚烧,报警
2025-03-06 13:55:00,3,报警,低炉温焚烧,报警
2025-03-06 13:55:00,3,预警,瞬时低炉温焚烧,预警
2025-03-06 14:00:00,5,预警,焚烧炉出口氧含量偏高,预警
2025-03-06 14:00:00,3,预警,瞬时低炉温焚烧,预警
2025-03-06 14:00:00,3,报警,低炉温焚烧,报警
2025-03-06 14:05:00,3,预警,瞬时低炉温焚烧,预警
2025-03-06 14:05:00,3,报警,低炉温焚烧,报警
2025-03-06 14:06:00,5,预警,焚烧炉出口氧含量偏低,预警
2025-03-06 14:10:00,3,报警,低炉温焚烧,报警
2025-03-06 14:10:00,3,预警,瞬时低炉温焚烧,预警
2025-03-06 14:14:00,5,预警,焚烧炉出口氧含量偏低,预警
2025-03-06 14:15:00,3,报警,低炉温焚烧,报警
2025-03-06 14:15:00,3,预警,瞬时低炉温焚烧,预警
2025-03-06 14:20:00,3,报警,低炉温焚烧,报警
2025-03-06 14:20:00,3,预警,瞬时低炉温焚烧,预警
2025-03-06 14:22:00,6,预警,焚烧炉出口氧含量偏高,预警
2025-03-06 14:24:00,5,预警,焚烧炉出口氧含量偏低,预警
2025-03-06 14:25:00,3,预警,瞬时低炉温焚烧,预警
2025-03-06 14:25:00,3,报警,低炉温焚烧,报警
2025-03-06 14:28:00,5,预警,焚烧炉出口氧含量偏低,预警
2025-03-06 14:30:00,3,预警,瞬时低炉温焚烧,预警
2025-03-06 14:30:00,3,报警,低炉温焚烧,报警
2025-03-06 14:34:00,5,预警,焚烧炉出口氧含量偏低,预警
2025-03-06 14:35:00,3,预警,瞬时低炉温焚烧,预警
2025-03-06 14:35:00,3,报警,低炉温焚烧,报警
2025-03-06 14:40:00,3,报警,低炉温焚烧,报警
2025-03-06 14:40:00,3,预警,瞬时低炉温焚烧,预警
2025-03-06 14:45:00,3,报警,低炉温焚烧,报警
2025-03-06 14:45:00,3,预警,瞬时低炉温焚烧,预警
2025-03-06 14:50:00,3,报警,低炉温焚烧,报警
2025-03-06 14:50:00,3,预警,瞬时低炉温焚烧,预警
2025-03-06 14:55:00,3,预警,瞬时低炉温焚烧,预警
2025-03-06 14:55:00,3,报警,低炉温焚烧,报警
2025-03-06 15:00:00,3,预警,瞬时低炉温焚烧,预警
2025-03-06 15:00:00,3,报警,低炉温焚烧,报警
2025-03-06 15:05:00,3,报警,低炉温焚烧,报警
2025-03-06 15:05:00,3,预警,瞬时低炉温焚烧,预警
2025-03-06 15:10:00,3,报警,低炉温焚烧,报警
2025-03-06 15:10:00,3,预警,瞬时低炉温焚烧,预警
2025-03-06 15:12:00,5,预警,焚烧炉出口氧含量偏低,预警
2025-03-06 15:15:00,3,预警,瞬时低炉温焚烧,预警
2025-03-06 15:15:00,3,报警,低炉温焚烧,报警
2025-03-06 15:16:00,5,预警,焚烧炉出口氧含量偏低,预警
2025-03-06 15:18:00,6,预警,焚烧炉出口氧含量偏高,预警
2025-03-06 15:20:00,3,预警,瞬时低炉温焚烧,预警
2025-03-06 15:20:00,5,预警,焚烧炉出口氧含量偏低,预警
2025-03-06 15:20:00,3,报警,低炉温焚烧,报警
2025-03-06 15:25:00,3,预警,瞬时低炉温焚烧,预警
2025-03-06 15:25:00,3,报警,低炉温焚烧,报警
2025-03-06 15:30:00,3,预警,瞬时低炉温焚烧,预警
2025-03-06 15:30:00,3,报警,低炉温焚烧,报警
2025-03-06 15:35:00,3,预警,瞬时低炉温焚烧,预警
2025-03-06 15:35:00,3,报警,低炉温焚烧,报警
2025-03-06 15:40:00,3,报警,低炉温焚烧,报警
2025-03-06 15:40:00,3,预警,瞬时低炉温焚烧,预警
2025-03-06 15:44:00,6,预警,焚烧炉出口氧含量偏高,预警
2025-03-06 15:45:00,3,预警,瞬时低炉温焚烧,预警
2025-03-06 15:45:00,3,报警,低炉温焚烧,报警
2025-03-06 15:48:00,6,预警,焚烧炉出口氧含量偏高,预警
2025-03-06 15:50:00,3,预警,瞬时低炉温焚烧,预警
2025-03-06 15:50:00,3,报警,低炉温焚烧,报警
2025-03-06 15:55:00,3,预警,瞬时低炉温焚烧,预警
2025-03-06 15:55:00,3,报警,低炉温焚烧,报警
2025-03-06 16:00:00,3,预警,瞬时低炉温焚烧,预警
2025-03-06 16:00:00,3,报警,低炉温焚烧,报警
2025-03-06 16:05:00,3,预警,瞬时低炉温焚烧,预警
2025-03-06 16:05:00,3,报警,低炉温焚烧,报警
2025-03-06 16:08:00,6,预警,焚烧炉出口氧含量偏高,预警
2025-03-06 16:10:00,3,预警,瞬时低炉温焚烧,预警
2025-03-06 16:10:00,3,报警,低炉温焚烧,报警
2025-03-06 16:14:00,6,预警,焚烧炉出口氧含量偏高,预警
2025-03-06 16:15:00,3,预警,瞬时低炉温焚烧,预警
2025-03-06 16:15:00,3,报警,低炉温焚烧,报警
2025-03-06 16:20:00,3,预警,瞬时低炉温焚烧,预警
2025-03-06 16:20:00,3,报警,低炉温焚烧,报警
2025-03-06 16:24:00,6,预警,焚烧炉出口氧含量偏高,预警
2025-03-06 16:25:00,3,预警,瞬时低炉温焚烧,预警
2025-03-06 16:25:00,3,报警,低炉温焚烧,报警
2025-03-06 16:30:00,5,预警,焚烧炉出口氧含量偏低,预警
2025-03-06 16:30:00,3,报警,低炉温焚烧,报警
2025-03-06 16:30:00,3,预警,瞬时低炉温焚烧,预警
2025-03-06 16:34:00,6,预警,焚烧炉出口氧含量偏高,预警
2025-03-06 16:35:00,3,报警,低炉温焚烧,报警
2025-03-06 16:35:00,3,预警,瞬时低炉温焚烧,预警
2025-03-06 16:40:00,3,报警,低炉温焚烧,报警
2025-03-06 16:40:00,3,预警,瞬时低炉温焚烧,预警
2025-03-06 16:45:00,3,预警,瞬时低炉温焚烧,预警
2025-03-06 16:45:00,3,报警,低炉温焚烧,报警
2025-03-06 16:48:00,6,预警,焚烧炉出口氧含量偏高,预警
2025-03-06 16:48:00,5,预警,焚烧炉出口氧含量偏低,预警
2025-03-06 16:50:00,3,预警,瞬时低炉温焚烧,预警
2025-03-06 16:50:00,3,报警,低炉温焚烧,报警
2025-03-06 16:54:00,6,预警,焚烧炉出口氧含量偏高,预警
2025-03-06 16:54:00,5,预警,焚烧炉出口氧含量偏低,预警
2025-03-06 16:55:00,3,预警,瞬时低炉温焚烧,预警
2025-03-06 16:55:00,3,报警,低炉温焚烧,报警
2025-03-06 16:58:00,6,预警,焚烧炉出口氧含量偏高,预警
2025-03-06 17:00:00,3,报警,低炉温焚烧,报警
2025-03-06 17:00:00,3,预警,瞬时低炉温焚烧,预警
2025-03-06 17:02:00,6,预警,焚烧炉出口氧含量偏高,预警
2025-03-06 17:05:00,3,预警,瞬时低炉温焚烧,预警
2025-03-06 17:05:00,3,报警,低炉温焚烧,报警
2025-03-06 17:06:00,5,预警,焚烧炉出口氧含量偏低,预警
2025-03-06 17:10:00,3,预警,瞬时低炉温焚烧,预警
2025-03-06 17:10:00,3,报警,低炉温焚烧,报警
2025-03-06 17:14:00,6,预警,焚烧炉出口氧含量偏高,预警
2025-03-06 17:15:00,3,预警,瞬时低炉温焚烧,预警
2025-03-06 17:15:00,3,报警,低炉温焚烧,报警
2025-03-06 17:20:00,5,预警,焚烧炉出口氧含量偏低,预警
2025-03-06 17:20:00,3,预警,瞬时低炉温焚烧,预警
2025-03-06 17:20:00,3,报警,低炉温焚烧,报警
2025-03-06 17:24:00,5,预警,焚烧炉出口氧含量偏低,预警
2025-03-06 17:25:00,3,预警,瞬时低炉温焚烧,预警
2025-03-06 17:25:00,3,报警,低炉温焚烧,报警
2025-03-06 17:26:00,6,预警,焚烧炉出口氧含量偏高,预警
2025-03-06 17:30:00,3,报警,低炉温焚烧,报警
2025-03-06 17:30:00,5,预警,焚烧炉出口氧含量偏低,预警
2025-03-06 17:30:00,3,预警,瞬时低炉温焚烧,预警
2025-03-06 17:35:00,3,预警,瞬时低炉温焚烧,预警
2025-03-06 17:35:00,3,报警,低炉温焚烧,报警
2025-03-06 17:40:00,3,预警,瞬时低炉温焚烧,预警
2025-03-06 17:40:00,3,报警,低炉温焚烧,报警
2025-03-06 17:42:00,5,预警,焚烧炉出口氧含量偏低,预警
2025-03-06 17:45:00,3,预警,瞬时低炉温焚烧,预警
2025-03-06 17:45:00,3,报警,低炉温焚烧,报警
2025-03-06 17:48:00,5,预警,焚烧炉出口氧含量偏低,预警
2025-03-06 17:50:00,3,预警,瞬时低炉温焚烧,预警
2025-03-06 17:50:00,3,报警,低炉温焚烧,报警
2025-03-06 17:55:00,3,报警,低炉温焚烧,报警
2025-03-06 17:55:00,3,预警,瞬时低炉温焚烧,预警
2025-03-06 17:58:00,5,预警,焚烧炉出口氧含量偏低,预警
2025-03-06 18:00:00,3,报警,低炉温焚烧,报警
2025-03-06 18:00:00,3,预警,瞬时低炉温焚烧,预警
2025-03-06 18:05:00,3,报警,低炉温焚烧,报警
2025-03-06 18:05:00,3,预警,瞬时低炉温焚烧,预警
2025-03-06 18:10:00,3,报警,低炉温焚烧,报警
2025-03-06 18:10:00,3,预警,瞬时低炉温焚烧,预警
2025-03-06 18:14:00,5,预警,焚烧炉出口氧含量偏低,预警
2025-03-06 18:15:00,3,报警,低炉温焚烧,报警
2025-03-06 18:15:00,3,预警,瞬时低炉温焚烧,预警
2025-03-06 18:20:00,3,预警,瞬时低炉温焚烧,预警
2025-03-06 18:20:00,5,预警,焚烧炉出口氧含量偏低,预警
2025-03-06 18:20:00,3,报警,低炉温焚烧,报警
2025-03-06 18:25:00,3,预警,瞬时低炉温焚烧,预警
2025-03-06 18:25:00,3,报警,低炉温焚烧,报警
2025-03-06 18:30:00,5,预警,焚烧炉出口氧含量偏低,预警
2025-03-06 18:30:00,3,预警,瞬时低炉温焚烧,预警
2025-03-06 18:30:00,3,报警,低炉温焚烧,报警
2025-03-06 18:35:00,3,预警,瞬时低炉温焚烧,预警
2025-03-06 18:35:00,3,报警,低炉温焚烧,报警
2025-03-06 18:40:00,3,预警,瞬时低炉温焚烧,预警
2025-03-06 18:40:00,3,报警,低炉温焚烧,报警
2025-03-06 18:45:00,3,预警,瞬时低炉温焚烧,预警
2025-03-06 18:45:00,3,报警,低炉温焚烧,报警
2025-03-06 18:50:00,3,报警,低炉温焚烧,报警
2025-03-06 18:50:00,3,预警,瞬时低炉温焚烧,预警
2025-03-06 18:50:00,5,预警,焚烧炉出口氧含量偏低,预警
2025-03-06 18:55:00,3,报警,低炉温焚烧,报警
2025-03-06 18:55:00,3,预警,瞬时低炉温焚烧,预警
2025-03-06 19:00:00,3,报警,低炉温焚烧,报警
2025-03-06 19:00:00,3,预警,瞬时低炉温焚烧,预警
2025-03-06 19:05:00,3,报警,低炉温焚烧,报警
2025-03-06 19:05:00,3,预警,瞬时低炉温焚烧,预警
2025-03-06 19:10:00,3,预警,瞬时低炉温焚烧,预警
2025-03-06 19:10:00,3,报警,低炉温焚烧,报警
2025-03-06 19:15:00,3,预警,瞬时低炉温焚烧,预警
2025-03-06 19:15:00,3,报警,低炉温焚烧,报警
2025-03-06 19:20:00,3,预警,瞬时低炉温焚烧,预警
2025-03-06 19:20:00,3,报警,低炉温焚烧,报警
2025-03-06 19:25:00,3,报警,低炉温焚烧,报警
2025-03-06 19:25:00,3,预警,瞬时低炉温焚烧,预警
2025-03-06 19:30:00,3,预警,瞬时低炉温焚烧,预警
2025-03-06 19:30:00,3,报警,低炉温焚烧,报警
2025-03-06 19:35:00,3,预警,瞬时低炉温焚烧,预警
2025-03-06 19:35:00,3,报警,低炉温焚烧,报警
2025-03-06 19:40:00,3,预警,瞬时低炉温焚烧,预警
2025-03-06 19:40:00,5,预警,焚烧炉出口氧含量偏低,预警
2025-03-06 19:40:00,3,报警,低炉温焚烧,报警
2025-03-06 19:45:00,3,预警,瞬时低炉温焚烧,预警
2025-03-06 19:45:00,3,报警,低炉温焚烧,报警
2025-03-06 19:50:00,3,预警,瞬时低炉温焚烧,预警
2025-03-06 19:50:00,5,预警,焚烧炉出口氧含量偏低,预警
2025-03-06 19:50:00,3,报警,低炉温焚烧,报警
2025-03-06 19:54:00,5,预警,焚烧炉出口氧含量偏低,预警
2025-03-06 19:55:00,3,预警,瞬时低炉温焚烧,预警
2025-03-06 19:55:00,3,报警,低炉温焚烧,报警
2025-03-06 19:58:00,5,预警,焚烧炉出口氧含量偏低,预警
2025-03-06 20:00:00,3,预警,瞬时低炉温焚烧,预警
2025-03-06 20:00:00,3,报警,低炉温焚烧,报警
2025-03-06 20:05:00,3,预警,瞬时低炉温焚烧,预警
2025-03-06 20:05:00,3,报警,低炉温焚烧,报警
2025-03-06 20:08:00,5,预警,焚烧炉出口氧含量偏低,预警
2025-03-06 20:10:00,3,预警,瞬时低炉温焚烧,预警
2025-03-06 20:10:00,3,报警,低炉温焚烧,报警
2025-03-06 20:14:00,6,预警,焚烧炉出口氧含量偏高,预警
2025-03-06 20:14:00,5,预警,焚烧炉出口氧含量偏低,预警
2025-03-06 20:15:00,3,报警,低炉温焚烧,报警
2025-03-06 20:15:00,3,预警,瞬时低炉温焚烧,预警
2025-03-06 20:20:00,3,预警,瞬时低炉温焚烧,预警
2025-03-06 20:20:00,3,报警,低炉温焚烧,报警
2025-03-06 20:20:00,5,预警,焚烧炉出口氧含量偏低,预警
2025-03-06 20:25:00,3,预警,瞬时低炉温焚烧,预警
2025-03-06 20:25:00,3,报警,低炉温焚烧,报警
2025-03-06 20:30:00,3,预警,瞬时低炉温焚烧,预警
2025-03-06 20:30:00,3,报警,低炉温焚烧,报警
2025-03-06 20:35:00,3,报警,低炉温焚烧,报警
2025-03-06 20:35:00,3,预警,瞬时低炉温焚烧,预警
2025-03-06 20:40:00,3,预警,瞬时低炉温焚烧,预警
2025-03-06 20:40:00,3,报警,低炉温焚烧,报警
2025-03-06 20:45:00,3,报警,低炉温焚烧,报警
2025-03-06 20:45:00,3,预警,瞬时低炉温焚烧,预警
2025-03-06 20:50:00,3,报警,低炉温焚烧,报警
2025-03-06 20:50:00,3,预警,瞬时低炉温焚烧,预警
2025-03-06 20:55:00,3,预警,瞬时低炉温焚烧,预警
2025-03-06 20:55:00,3,报警,低炉温焚烧,报警
2025-03-06 21:00:00,5,预警,焚烧炉出口氧含量偏低,预警
2025-03-06 21:00:00,3,预警,瞬时低炉温焚烧,预警
2025-03-06 21:00:00,3,报警,低炉温焚烧,报警
2025-03-06 21:05:00,3,预警,瞬时低炉温焚烧,预警
2025-03-06 21:05:00,3,报警,低炉温焚烧,报警
2025-03-06 21:10:00,3,预警,瞬时低炉温焚烧,预警
2025-03-06 21:10:00,3,报警,低炉温焚烧,报警
2025-03-06 21:10:00,5,预警,焚烧炉出口氧含量偏低,预警
2025-03-06 21:15:00,3,预警,瞬时低炉温焚烧,预警
2025-03-06 21:15:00,3,报警,低炉温焚烧,报警
2025-03-06 21:18:00,5,预警,焚烧炉出口氧含量偏低,预警
2025-03-06 21:20:00,3,报警,低炉温焚烧,报警
2025-03-06 21:20:00,3,预警,瞬时低炉温焚烧,预警
2025-03-06 21:25:00,3,预警,瞬时低炉温焚烧,预警
2025-03-06 21:25:00,3,报警,低炉温焚烧,报警
2025-03-06 21:28:00,5,预警,焚烧炉出口氧含量偏低,预警
2025-03-06 21:30:00,3,报警,低炉温焚烧,报警
2025-03-06 21:30:00,3,预警,瞬时低炉温焚烧,预警
2025-03-06 21:34:00,5,预警,焚烧炉出口氧含量偏低,预警
2025-03-06 21:35:00,3,报警,低炉温焚烧,报警
2025-03-06 21:35:00,3,预警,瞬时低炉温焚烧,预警
2025-03-06 21:40:00,3,预警,瞬时低炉温焚烧,预警
2025-03-06 21:40:00,5,预警,焚烧炉出口氧含量偏低,预警
2025-03-06 21:40:00,3,报警,低炉温焚烧,报警
2025-03-06 21:45:00,3,报警,低炉温焚烧,报警
2025-03-06 21:45:00,3,预警,瞬时低炉温焚烧,预警
2025-03-06 21:50:00,3,预警,瞬时低炉温焚烧,预警
2025-03-06 21:50:00,3,报警,低炉温焚烧,报警
2025-03-06 21:54:00,5,预警,焚烧炉出口氧含量偏低,预警
2025-03-06 21:55:00,3,报警,低炉温焚烧,报警
2025-03-06 21:55:00,3,预警,瞬时低炉温焚烧,预警
2025-03-06 22:00:00,5,预警,焚烧炉出口氧含量偏低,预警
2025-03-06 22:00:00,3,报警,低炉温焚烧,报警
2025-03-06 22:00:00,3,预警,瞬时低炉温焚烧,预警
2025-03-06 22:05:00,3,报警,低炉温焚烧,报警
2025-03-06 22:05:00,3,预警,瞬时低炉温焚烧,预警
2025-03-06 22:10:00,3,预警,瞬时低炉温焚烧,预警
2025-03-06 22:10:00,3,报警,低炉温焚烧,报警
2025-03-06 22:15:00,3,报警,低炉温焚烧,报警
2025-03-06 22:15:00,3,预警,瞬时低炉温焚烧,预警
2025-03-06 22:20:00,3,报警,低炉温焚烧,报警
2025-03-06 22:20:00,5,预警,焚烧炉出口氧含量偏低,预警
2025-03-06 22:20:00,3,预警,瞬时低炉温焚烧,预警
2025-03-06 22:24:00,5,预警,焚烧炉出口氧含量偏低,预警
2025-03-06 22:25:00,3,报警,低炉温焚烧,报警
2025-03-06 22:25:00,3,预警,瞬时低炉温焚烧,预警
2025-03-06 22:30:00,3,报警,低炉温焚烧,报警
2025-03-06 22:30:00,3,预警,瞬时低炉温焚烧,预警
2025-03-06 22:35:00,3,预警,瞬时低炉温焚烧,预警
2025-03-06 22:35:00,3,报警,低炉温焚烧,报警
2025-03-06 22:40:00,3,预警,瞬时低炉温焚烧,预警
2025-03-06 22:40:00,3,报警,低炉温焚烧,报警
2025-03-06 22:45:00,3,报警,低炉温焚烧,报警
2025-03-06 22:45:00,3,预警,瞬时低炉温焚烧,预警
2025-03-06 22:48:00,5,预警,焚烧炉出口氧含量偏低,预警
2025-03-06 22:50:00,3,报警,低炉温焚烧,报警
2025-03-06 22:50:00,3,预警,瞬时低炉温焚烧,预警
2025-03-06 22:55:00,3,报警,低炉温焚烧,报警
2025-03-06 22:55:00,3,预警,瞬时低炉温焚烧,预警
2025-03-06 23:00:00,3,报警,低炉温焚烧,报警
2025-03-06 23:00:00,3,预警,瞬时低炉温焚烧,预警
2025-03-06 23:00:00,5,预警,焚烧炉出口氧含量偏低,预警
2025-03-06 23:05:00,3,报警,低炉温焚烧,报警
2025-03-06 23:05:00,3,预警,瞬时低炉温焚烧,预警
2025-03-06 23:10:00,3,预警,瞬时低炉温焚烧,预警
2025-03-06 23:10:00,3,报警,低炉温焚烧,报警
2025-03-06 23:15:00,3,报警,低炉温焚烧,报警
2025-03-06 23:15:00,3,预警,瞬时低炉温焚烧,预警
2025-03-06 23:20:00,3,报警,低炉温焚烧,报警
2025-03-06 23:20:00,3,预警,瞬时低炉温焚烧,预警
2025-03-06 23:25:00,3,预警,瞬时低炉温焚烧,预警
2025-03-06 23:25:00,3,报警,低炉温焚烧,报警
2025-03-06 23:30:00,3,预警,瞬时低炉温焚烧,预警
2025-03-06 23:30:00,3,报警,低炉温焚烧,报警
2025-03-06 23:35:00,3,预警,瞬时低炉温焚烧,预警
2025-03-06 23:35:00,3,报警,低炉温焚烧,报警
2025-03-06 23:40:00,3,预警,瞬时低炉温焚烧,预警
2025-03-06 23:40:00,3,报警,低炉温焚烧,报警
2025-03-06 23:44:00,5,预警,焚烧炉出口氧含量偏低,预警
2025-03-06 23:45:00,3,预警,瞬时低炉温焚烧,预警
2025-03-06 23:45:00,3,报警,低炉温焚烧,报警
2025-03-06 23:50:00,3,预警,瞬时低炉温焚烧,预警
2025-03-06 23:50:00,3,报警,低炉温焚烧,报警
2025-03-06 23:55:00,3,报警,低炉温焚烧,报警
2025-03-06 23:55:00,3,预警,瞬时低炉温焚烧,预警
2025-03-06 23:58:00,5,预警,焚烧炉出口氧含量偏低,预警
