﻿时间,炉号,预警/报警类型,预警/报警事件,预警/报警区分
2025-03-08 00:00:00,3,预警,瞬时低炉温焚烧,预警
2025-03-08 00:00:00,3,报警,低炉温焚烧,报警
2025-03-08 00:00:00,4,预警,焚烧炉出口氧含量偏高,预警
2025-03-08 00:00:00,3,预警,焚烧炉出口氧含量偏高,预警
2025-03-08 00:00:00,3,预警,布袋除尘器压力损失偏低,预警
2025-03-08 00:05:00,3,预警,瞬时低炉温焚烧,预警
2025-03-08 00:05:00,3,报警,低炉温焚烧,报警
2025-03-08 00:06:00,5,预警,焚烧炉出口氧含量偏低,预警
2025-03-08 00:10:00,3,预警,瞬时低炉温焚烧,预警
2025-03-08 00:10:00,3,报警,低炉温焚烧,报警
2025-03-08 00:10:00,5,预警,焚烧炉出口氧含量偏低,预警
2025-03-08 00:15:00,3,预警,瞬时低炉温焚烧,预警
2025-03-08 00:15:00,3,报警,低炉温焚烧,报警
2025-03-08 00:18:00,6,预警,焚烧炉出口氧含量偏高,预警
2025-03-08 00:20:00,3,预警,瞬时低炉温焚烧,预警
2025-03-08 00:20:00,3,报警,低炉温焚烧,报警
2025-03-08 00:25:00,3,报警,低炉温焚烧,报警
2025-03-08 00:25:00,3,预警,瞬时低炉温焚烧,预警
2025-03-08 00:30:00,3,预警,瞬时低炉温焚烧,预警
2025-03-08 00:30:00,3,报警,低炉温焚烧,报警
2025-03-08 00:35:00,3,预警,瞬时低炉温焚烧,预警
2025-03-08 00:35:00,3,报警,低炉温焚烧,报警
2025-03-08 00:40:00,3,报警,低炉温焚烧,报警
2025-03-08 00:40:00,3,预警,瞬时低炉温焚烧,预警
2025-03-08 00:45:00,3,报警,低炉温焚烧,报警
2025-03-08 00:45:00,3,预警,瞬时低炉温焚烧,预警
2025-03-08 00:50:00,5,预警,焚烧炉出口氧含量偏低,预警
2025-03-08 00:50:00,3,报警,低炉温焚烧,报警
2025-03-08 00:50:00,3,预警,瞬时低炉温焚烧,预警
2025-03-08 00:54:00,5,预警,焚烧炉出口氧含量偏低,预警
2025-03-08 00:55:00,3,报警,低炉温焚烧,报警
2025-03-08 00:55:00,3,预警,瞬时低炉温焚烧,预警
2025-03-08 01:00:00,3,预警,瞬时低炉温焚烧,预警
2025-03-08 01:00:00,3,报警,低炉温焚烧,报警
2025-03-08 01:05:00,3,报警,低炉温焚烧,报警
2025-03-08 01:05:00,3,预警,瞬时低炉温焚烧,预警
2025-03-08 01:10:00,3,报警,低炉温焚烧,报警
2025-03-08 01:10:00,3,预警,瞬时低炉温焚烧,预警
2025-03-08 01:15:00,3,预警,瞬时低炉温焚烧,预警
2025-03-08 01:15:00,3,报警,低炉温焚烧,报警
2025-03-08 01:20:00,3,报警,低炉温焚烧,报警
2025-03-08 01:20:00,3,预警,瞬时低炉温焚烧,预警
2025-03-08 01:25:00,3,预警,瞬时低炉温焚烧,预警
2025-03-08 01:25:00,3,报警,低炉温焚烧,报警
2025-03-08 01:30:00,3,预警,瞬时低炉温焚烧,预警
2025-03-08 01:30:00,3,报警,低炉温焚烧,报警
2025-03-08 01:34:00,5,预警,焚烧炉出口氧含量偏低,预警
2025-03-08 01:35:00,3,预警,瞬时低炉温焚烧,预警
2025-03-08 01:35:00,3,报警,低炉温焚烧,报警
2025-03-08 01:38:00,5,预警,焚烧炉出口氧含量偏低,预警
2025-03-08 01:40:00,3,预警,瞬时低炉温焚烧,预警
2025-03-08 01:40:00,3,报警,低炉温焚烧,报警
2025-03-08 01:45:00,3,预警,瞬时低炉温焚烧,预警
2025-03-08 01:45:00,3,报警,低炉温焚烧,报警
2025-03-08 01:50:00,3,预警,瞬时低炉温焚烧,预警
2025-03-08 01:50:00,3,报警,低炉温焚烧,报警
2025-03-08 01:55:00,3,预警,瞬时低炉温焚烧,预警
2025-03-08 01:55:00,3,报警,低炉温焚烧,报警
2025-03-08 02:00:00,3,预警,瞬时低炉温焚烧,预警
2025-03-08 02:00:00,3,报警,低炉温焚烧,报警
2025-03-08 02:02:00,5,预警,焚烧炉出口氧含量偏低,预警
2025-03-08 02:05:00,3,报警,低炉温焚烧,报警
2025-03-08 02:05:00,3,预警,瞬时低炉温焚烧,预警
2025-03-08 02:10:00,3,报警,低炉温焚烧,报警
2025-03-08 02:10:00,5,预警,焚烧炉出口氧含量偏低,预警
2025-03-08 02:10:00,3,预警,瞬时低炉温焚烧,预警
2025-03-08 02:14:00,5,预警,焚烧炉出口氧含量偏低,预警
2025-03-08 02:14:00,6,预警,焚烧炉出口氧含量偏高,预警
2025-03-08 02:15:00,3,报警,低炉温焚烧,报警
2025-03-08 02:15:00,3,预警,瞬时低炉温焚烧,预警
2025-03-08 02:18:00,6,预警,焚烧炉出口氧含量偏高,预警
2025-03-08 02:20:00,3,报警,低炉温焚烧,报警
2025-03-08 02:20:00,3,预警,瞬时低炉温焚烧,预警
2025-03-08 02:25:00,3,报警,低炉温焚烧,报警
2025-03-08 02:25:00,3,预警,瞬时低炉温焚烧,预警
2025-03-08 02:30:00,3,预警,瞬时低炉温焚烧,预警
2025-03-08 02:30:00,3,报警,低炉温焚烧,报警
2025-03-08 02:32:00,5,预警,焚烧炉出口氧含量偏低,预警
2025-03-08 02:35:00,3,预警,瞬时低炉温焚烧,预警
2025-03-08 02:35:00,3,报警,低炉温焚烧,报警
2025-03-08 02:40:00,5,预警,焚烧炉出口氧含量偏低,预警
2025-03-08 02:40:00,3,预警,瞬时低炉温焚烧,预警
2025-03-08 02:40:00,3,报警,低炉温焚烧,报警
2025-03-08 02:45:00,3,预警,瞬时低炉温焚烧,预警
2025-03-08 02:45:00,3,报警,低炉温焚烧,报警
2025-03-08 02:46:00,5,预警,焚烧炉出口氧含量偏低,预警
2025-03-08 02:50:00,3,预警,瞬时低炉温焚烧,预警
2025-03-08 02:50:00,3,报警,低炉温焚烧,报警
2025-03-08 02:54:00,6,预警,焚烧炉出口氧含量偏高,预警
2025-03-08 02:55:00,3,预警,瞬时低炉温焚烧,预警
2025-03-08 02:55:00,3,报警,低炉温焚烧,报警
2025-03-08 02:56:00,5,预警,焚烧炉出口氧含量偏低,预警
2025-03-08 03:00:00,3,报警,低炉温焚烧,报警
2025-03-08 03:00:00,3,预警,瞬时低炉温焚烧,预警
2025-03-08 03:02:00,6,预警,焚烧炉出口氧含量偏高,预警
2025-03-08 03:05:00,3,预警,瞬时低炉温焚烧,预警
2025-03-08 03:05:00,3,报警,低炉温焚烧,报警
2025-03-08 03:08:00,5,预警,焚烧炉出口氧含量偏低,预警
2025-03-08 03:10:00,3,预警,瞬时低炉温焚烧,预警
2025-03-08 03:10:00,3,报警,低炉温焚烧,报警
2025-03-08 03:12:00,5,预警,焚烧炉出口氧含量偏低,预警
2025-03-08 03:15:00,3,预警,瞬时低炉温焚烧,预警
2025-03-08 03:15:00,3,报警,低炉温焚烧,报警
2025-03-08 03:18:00,6,预警,焚烧炉出口氧含量偏高,预警
2025-03-08 03:20:00,3,预警,瞬时低炉温焚烧,预警
2025-03-08 03:20:00,3,报警,低炉温焚烧,报警
2025-03-08 03:25:00,3,报警,低炉温焚烧,报警
2025-03-08 03:25:00,3,预警,瞬时低炉温焚烧,预警
2025-03-08 03:26:00,6,预警,焚烧炉出口氧含量偏高,预警
2025-03-08 03:30:00,3,报警,低炉温焚烧,报警
2025-03-08 03:30:00,3,预警,瞬时低炉温焚烧,预警
2025-03-08 03:32:00,5,预警,焚烧炉出口氧含量偏低,预警
2025-03-08 03:34:00,6,预警,焚烧炉出口氧含量偏高,预警
2025-03-08 03:35:00,3,报警,低炉温焚烧,报警
2025-03-08 03:35:00,3,预警,瞬时低炉温焚烧,预警
2025-03-08 03:38:00,6,预警,焚烧炉出口氧含量偏高,预警
2025-03-08 03:40:00,3,预警,瞬时低炉温焚烧,预警
2025-03-08 03:40:00,3,报警,低炉温焚烧,报警
2025-03-08 03:40:00,5,预警,焚烧炉出口氧含量偏低,预警
2025-03-08 03:42:00,6,预警,焚烧炉出口氧含量偏高,预警
2025-03-08 03:45:00,3,报警,低炉温焚烧,报警
2025-03-08 03:45:00,3,预警,瞬时低炉温焚烧,预警
2025-03-08 03:50:00,5,预警,焚烧炉出口氧含量偏低,预警
2025-03-08 03:50:00,3,预警,瞬时低炉温焚烧,预警
2025-03-08 03:50:00,3,报警,低炉温焚烧,报警
2025-03-08 03:55:00,3,报警,低炉温焚烧,报警
2025-03-08 03:55:00,3,预警,瞬时低炉温焚烧,预警
2025-03-08 03:56:00,5,预警,焚烧炉出口氧含量偏低,预警
2025-03-08 04:00:00,3,报警,低炉温焚烧,报警
2025-03-08 04:00:00,3,预警,瞬时低炉温焚烧,预警
2025-03-08 04:02:00,5,预警,焚烧炉出口氧含量偏低,预警
2025-03-08 04:05:00,3,预警,瞬时低炉温焚烧,预警
2025-03-08 04:05:00,3,报警,低炉温焚烧,报警
2025-03-08 04:08:00,5,预警,焚烧炉出口氧含量偏低,预警
2025-03-08 04:10:00,3,预警,瞬时低炉温焚烧,预警
2025-03-08 04:10:00,3,报警,低炉温焚烧,报警
2025-03-08 04:15:00,3,报警,低炉温焚烧,报警
2025-03-08 04:15:00,3,预警,瞬时低炉温焚烧,预警
2025-03-08 04:16:00,5,预警,焚烧炉出口氧含量偏低,预警
2025-03-08 04:20:00,3,报警,低炉温焚烧,报警
2025-03-08 04:20:00,6,预警,焚烧炉出口氧含量偏高,预警
2025-03-08 04:20:00,3,预警,瞬时低炉温焚烧,预警
2025-03-08 04:22:00,5,预警,焚烧炉出口氧含量偏低,预警
2025-03-08 04:25:00,3,预警,瞬时低炉温焚烧,预警
2025-03-08 04:25:00,3,报警,低炉温焚烧,报警
2025-03-08 04:26:00,6,预警,焚烧炉出口氧含量偏高,预警
2025-03-08 04:26:00,5,预警,焚烧炉出口氧含量偏低,预警
2025-03-08 04:30:00,5,预警,焚烧炉出口氧含量偏低,预警
2025-03-08 04:30:00,3,报警,低炉温焚烧,报警
2025-03-08 04:30:00,3,预警,瞬时低炉温焚烧,预警
2025-03-08 04:34:00,5,预警,焚烧炉出口氧含量偏低,预警
2025-03-08 04:35:00,3,预警,瞬时低炉温焚烧,预警
2025-03-08 04:35:00,3,报警,低炉温焚烧,报警
2025-03-08 04:38:00,5,预警,焚烧炉出口氧含量偏低,预警
2025-03-08 04:40:00,3,预警,瞬时低炉温焚烧,预警
2025-03-08 04:40:00,3,报警,低炉温焚烧,报警
2025-03-08 04:45:00,3,预警,瞬时低炉温焚烧,预警
2025-03-08 04:45:00,3,报警,低炉温焚烧,报警
2025-03-08 04:50:00,5,预警,焚烧炉出口氧含量偏低,预警
2025-03-08 04:50:00,3,预警,瞬时低炉温焚烧,预警
2025-03-08 04:50:00,3,报警,低炉温焚烧,报警
2025-03-08 04:55:00,3,报警,低炉温焚烧,报警
2025-03-08 04:55:00,3,预警,瞬时低炉温焚烧,预警
2025-03-08 05:00:00,3,预警,瞬时低炉温焚烧,预警
2025-03-08 05:00:00,3,报警,低炉温焚烧,报警
2025-03-08 05:05:00,3,报警,低炉温焚烧,报警
2025-03-08 05:05:00,3,预警,瞬时低炉温焚烧,预警
2025-03-08 05:10:00,3,预警,瞬时低炉温焚烧,预警
2025-03-08 05:10:00,3,报警,低炉温焚烧,报警
2025-03-08 05:12:00,5,预警,焚烧炉出口氧含量偏低,预警
2025-03-08 05:15:00,3,报警,低炉温焚烧,报警
2025-03-08 05:15:00,3,预警,瞬时低炉温焚烧,预警
2025-03-08 05:18:00,5,预警,焚烧炉出口氧含量偏低,预警
2025-03-08 05:20:00,3,预警,瞬时低炉温焚烧,预警
2025-03-08 05:20:00,3,报警,低炉温焚烧,报警
2025-03-08 05:22:00,5,预警,焚烧炉出口氧含量偏低,预警
2025-03-08 05:25:00,3,报警,低炉温焚烧,报警
2025-03-08 05:25:00,3,预警,瞬时低炉温焚烧,预警
2025-03-08 05:30:00,3,报警,低炉温焚烧,报警
2025-03-08 05:30:00,6,预警,焚烧炉出口氧含量偏高,预警
2025-03-08 05:30:00,3,预警,瞬时低炉温焚烧,预警
2025-03-08 05:32:00,5,预警,焚烧炉出口氧含量偏低,预警
2025-03-08 05:35:00,3,预警,瞬时低炉温焚烧,预警
2025-03-08 05:35:00,3,报警,低炉温焚烧,报警
2025-03-08 05:40:00,3,预警,瞬时低炉温焚烧,预警
2025-03-08 05:40:00,3,报警,低炉温焚烧,报警
2025-03-08 05:40:00,6,预警,焚烧炉出口氧含量偏高,预警
2025-03-08 05:45:00,3,报警,低炉温焚烧,报警
2025-03-08 05:45:00,3,预警,瞬时低炉温焚烧,预警
2025-03-08 05:46:00,5,预警,焚烧炉出口氧含量偏低,预警
2025-03-08 05:50:00,3,报警,低炉温焚烧,报警
2025-03-08 05:50:00,3,预警,瞬时低炉温焚烧,预警
2025-03-08 05:55:00,3,预警,瞬时低炉温焚烧,预警
2025-03-08 05:55:00,3,报警,低炉温焚烧,报警
2025-03-08 06:00:00,3,预警,瞬时低炉温焚烧,预警
2025-03-08 06:00:00,3,报警,低炉温焚烧,报警
2025-03-08 06:05:00,3,报警,低炉温焚烧,报警
2025-03-08 06:05:00,3,预警,瞬时低炉温焚烧,预警
2025-03-08 06:06:00,5,预警,焚烧炉出口氧含量偏低,预警
2025-03-08 06:10:00,3,报警,低炉温焚烧,报警
2025-03-08 06:10:00,3,预警,瞬时低炉温焚烧,预警
2025-03-08 06:10:00,5,预警,焚烧炉出口氧含量偏低,预警
2025-03-08 06:14:00,5,预警,焚烧炉出口氧含量偏低,预警
2025-03-08 06:15:00,3,报警,低炉温焚烧,报警
2025-03-08 06:15:00,3,预警,瞬时低炉温焚烧,预警
2025-03-08 06:20:00,3,报警,低炉温焚烧,报警
2025-03-08 06:20:00,3,预警,瞬时低炉温焚烧,预警
2025-03-08 06:20:00,5,预警,焚烧炉出口氧含量偏低,预警
2025-03-08 06:25:00,3,预警,瞬时低炉温焚烧,预警
2025-03-08 06:25:00,3,报警,低炉温焚烧,报警
2025-03-08 06:30:00,3,报警,低炉温焚烧,报警
2025-03-08 06:30:00,3,预警,瞬时低炉温焚烧,预警
2025-03-08 06:35:00,3,报警,低炉温焚烧,报警
2025-03-08 06:35:00,3,预警,瞬时低炉温焚烧,预警
2025-03-08 06:36:00,5,预警,焚烧炉出口氧含量偏低,预警
2025-03-08 06:40:00,3,报警,低炉温焚烧,报警
2025-03-08 06:40:00,3,预警,瞬时低炉温焚烧,预警
2025-03-08 06:45:00,3,预警,瞬时低炉温焚烧,预警
2025-03-08 06:45:00,3,报警,低炉温焚烧,报警
2025-03-08 06:46:00,6,预警,焚烧炉出口氧含量偏高,预警
2025-03-08 06:48:00,5,预警,焚烧炉出口氧含量偏低,预警
2025-03-08 06:50:00,3,报警,低炉温焚烧,报警
2025-03-08 06:50:00,6,预警,焚烧炉出口氧含量偏高,预警
2025-03-08 06:50:00,3,预警,瞬时低炉温焚烧,预警
2025-03-08 06:52:00,5,预警,焚烧炉出口氧含量偏低,预警
2025-03-08 06:55:00,3,报警,低炉温焚烧,报警
2025-03-08 06:55:00,3,预警,瞬时低炉温焚烧,预警
2025-03-08 06:56:00,6,预警,焚烧炉出口氧含量偏高,预警
2025-03-08 07:00:00,3,报警,低炉温焚烧,报警
2025-03-08 07:00:00,5,预警,焚烧炉出口氧含量偏低,预警
2025-03-08 07:00:00,3,预警,瞬时低炉温焚烧,预警
2025-03-08 07:05:00,3,报警,低炉温焚烧,报警
2025-03-08 07:05:00,3,预警,瞬时低炉温焚烧,预警
2025-03-08 07:10:00,3,报警,低炉温焚烧,报警
2025-03-08 07:10:00,3,预警,瞬时低炉温焚烧,预警
2025-03-08 07:12:00,5,预警,焚烧炉出口氧含量偏低,预警
2025-03-08 07:15:00,3,报警,低炉温焚烧,报警
2025-03-08 07:15:00,3,预警,瞬时低炉温焚烧,预警
2025-03-08 07:20:00,3,报警,低炉温焚烧,报警
2025-03-08 07:20:00,3,预警,瞬时低炉温焚烧,预警
2025-03-08 07:25:00,3,报警,低炉温焚烧,报警
2025-03-08 07:25:00,3,预警,瞬时低炉温焚烧,预警
2025-03-08 07:30:00,3,报警,低炉温焚烧,报警
2025-03-08 07:30:00,3,预警,瞬时低炉温焚烧,预警
2025-03-08 07:30:00,5,预警,焚烧炉出口氧含量偏低,预警
2025-03-08 07:34:00,6,预警,焚烧炉出口氧含量偏高,预警
2025-03-08 07:34:00,5,预警,焚烧炉出口氧含量偏低,预警
2025-03-08 07:35:00,3,预警,瞬时低炉温焚烧,预警
2025-03-08 07:35:00,3,报警,低炉温焚烧,报警
2025-03-08 07:40:00,3,报警,低炉温焚烧,报警
2025-03-08 07:40:00,3,预警,瞬时低炉温焚烧,预警
2025-03-08 07:44:00,5,预警,焚烧炉出口氧含量偏低,预警
2025-03-08 07:44:00,5,预警,布袋除尘器压力损失偏高,预警
2025-03-08 07:45:00,3,报警,低炉温焚烧,报警
2025-03-08 07:45:00,3,预警,瞬时低炉温焚烧,预警
2025-03-08 07:50:00,3,预警,瞬时低炉温焚烧,预警
2025-03-08 07:50:00,3,报警,低炉温焚烧,报警
2025-03-08 07:50:00,5,预警,焚烧炉出口氧含量偏低,预警
2025-03-08 07:55:00,3,预警,瞬时低炉温焚烧,预警
2025-03-08 07:55:00,3,报警,低炉温焚烧,报警
2025-03-08 07:56:00,5,预警,焚烧炉出口氧含量偏低,预警
2025-03-08 08:00:00,3,预警,瞬时低炉温焚烧,预警
2025-03-08 08:00:00,3,报警,低炉温焚烧,报警
2025-03-08 08:02:00,6,预警,焚烧炉出口氧含量偏高,预警
2025-03-08 08:05:00,3,报警,低炉温焚烧,报警
2025-03-08 08:05:00,3,预警,瞬时低炉温焚烧,预警
2025-03-08 08:10:00,3,报警,低炉温焚烧,报警
2025-03-08 08:10:00,3,预警,瞬时低炉温焚烧,预警
2025-03-08 08:14:00,5,预警,焚烧炉出口氧含量偏低,预警
2025-03-08 08:15:00,3,预警,瞬时低炉温焚烧,预警
2025-03-08 08:15:00,3,报警,低炉温焚烧,报警
2025-03-08 08:18:00,5,预警,焚烧炉出口氧含量偏低,预警
2025-03-08 08:20:00,3,报警,低炉温焚烧,报警
2025-03-08 08:20:00,3,预警,瞬时低炉温焚烧,预警
2025-03-08 08:24:00,5,预警,焚烧炉出口氧含量偏低,预警
2025-03-08 08:25:00,3,报警,低炉温焚烧,报警
2025-03-08 08:25:00,3,预警,瞬时低炉温焚烧,预警
2025-03-08 08:30:00,3,报警,低炉温焚烧,报警
2025-03-08 08:30:00,3,预警,瞬时低炉温焚烧,预警
2025-03-08 08:35:00,3,预警,瞬时低炉温焚烧,预警
2025-03-08 08:35:00,3,报警,低炉温焚烧,报警
2025-03-08 08:36:00,5,预警,焚烧炉出口氧含量偏低,预警
2025-03-08 08:40:00,3,预警,瞬时低炉温焚烧,预警
2025-03-08 08:40:00,3,报警,低炉温焚烧,报警
2025-03-08 08:42:00,5,预警,焚烧炉出口氧含量偏低,预警
2025-03-08 08:44:00,6,预警,焚烧炉出口氧含量偏高,预警
2025-03-08 08:45:00,3,报警,低炉温焚烧,报警
2025-03-08 08:45:00,3,预警,瞬时低炉温焚烧,预警
2025-03-08 08:50:00,3,报警,低炉温焚烧,报警
2025-03-08 08:50:00,3,预警,瞬时低炉温焚烧,预警
2025-03-08 08:55:00,3,报警,低炉温焚烧,报警
2025-03-08 08:55:00,3,预警,瞬时低炉温焚烧,预警
2025-03-08 08:58:00,5,预警,焚烧炉出口氧含量偏低,预警
2025-03-08 09:00:00,3,报警,低炉温焚烧,报警
2025-03-08 09:00:00,3,预警,瞬时低炉温焚烧,预警
2025-03-08 09:04:00,5,预警,焚烧炉出口氧含量偏低,预警
2025-03-08 09:05:00,3,报警,低炉温焚烧,报警
2025-03-08 09:05:00,3,预警,瞬时低炉温焚烧,预警
2025-03-08 09:10:00,3,预警,瞬时低炉温焚烧,预警
2025-03-08 09:10:00,3,报警,低炉温焚烧,报警
2025-03-08 09:15:00,3,预警,瞬时低炉温焚烧,预警
2025-03-08 09:15:00,3,报警,低炉温焚烧,报警
2025-03-08 09:18:00,5,预警,焚烧炉出口氧含量偏低,预警
2025-03-08 09:20:00,3,预警,瞬时低炉温焚烧,预警
2025-03-08 09:20:00,3,报警,低炉温焚烧,报警
2025-03-08 09:25:00,3,预警,瞬时低炉温焚烧,预警
2025-03-08 09:25:00,3,报警,低炉温焚烧,报警
2025-03-08 09:30:00,3,预警,瞬时低炉温焚烧,预警
2025-03-08 09:30:00,3,报警,低炉温焚烧,报警
2025-03-08 09:32:00,5,预警,焚烧炉出口氧含量偏低,预警
2025-03-08 09:35:00,3,报警,低炉温焚烧,报警
2025-03-08 09:35:00,3,预警,瞬时低炉温焚烧,预警
2025-03-08 09:36:00,5,预警,焚烧炉出口氧含量偏低,预警
2025-03-08 09:40:00,3,报警,低炉温焚烧,报警
2025-03-08 09:40:00,3,预警,瞬时低炉温焚烧,预警
2025-03-08 09:40:00,5,预警,焚烧炉出口氧含量偏低,预警
2025-03-08 09:45:00,3,预警,瞬时低炉温焚烧,预警
2025-03-08 09:45:00,3,报警,低炉温焚烧,报警
2025-03-08 09:46:00,5,预警,焚烧炉出口氧含量偏低,预警
2025-03-08 09:50:00,3,预警,瞬时低炉温焚烧,预警
2025-03-08 09:50:00,3,报警,低炉温焚烧,报警
2025-03-08 09:55:00,3,预警,瞬时低炉温焚烧,预警
2025-03-08 09:55:00,3,报警,低炉温焚烧,报警
2025-03-08 09:56:00,5,预警,焚烧炉出口氧含量偏低,预警
2025-03-08 10:00:00,3,报警,低炉温焚烧,报警
2025-03-08 10:00:00,5,预警,焚烧炉出口氧含量偏低,预警
2025-03-08 10:00:00,3,预警,瞬时低炉温焚烧,预警
2025-03-08 10:05:00,3,报警,低炉温焚烧,报警
2025-03-08 10:05:00,3,预警,瞬时低炉温焚烧,预警
2025-03-08 10:06:00,5,预警,焚烧炉出口氧含量偏低,预警
2025-03-08 10:10:00,3,报警,低炉温焚烧,报警
2025-03-08 10:10:00,3,预警,瞬时低炉温焚烧,预警
2025-03-08 10:15:00,3,预警,瞬时低炉温焚烧,预警
2025-03-08 10:15:00,3,报警,低炉温焚烧,报警
2025-03-08 10:18:00,5,预警,焚烧炉出口氧含量偏低,预警
2025-03-08 10:20:00,3,预警,瞬时低炉温焚烧,预警
2025-03-08 10:20:00,3,报警,低炉温焚烧,报警
2025-03-08 10:25:00,3,报警,低炉温焚烧,报警
2025-03-08 10:25:00,3,预警,瞬时低炉温焚烧,预警
2025-03-08 10:28:00,5,预警,焚烧炉出口氧含量偏低,预警
2025-03-08 10:30:00,3,报警,低炉温焚烧,报警
2025-03-08 10:30:00,3,预警,瞬时低炉温焚烧,预警
2025-03-08 10:32:00,5,预警,焚烧炉出口氧含量偏低,预警
2025-03-08 10:35:00,3,报警,低炉温焚烧,报警
2025-03-08 10:35:00,3,预警,瞬时低炉温焚烧,预警
2025-03-08 10:40:00,3,报警,低炉温焚烧,报警
2025-03-08 10:40:00,3,预警,瞬时低炉温焚烧,预警
2025-03-08 10:45:00,3,预警,瞬时低炉温焚烧,预警
2025-03-08 10:45:00,3,报警,低炉温焚烧,报警
2025-03-08 10:50:00,3,报警,低炉温焚烧,报警
2025-03-08 10:50:00,3,预警,瞬时低炉温焚烧,预警
2025-03-08 10:54:00,5,预警,焚烧炉出口氧含量偏低,预警
2025-03-08 10:55:00,3,预警,瞬时低炉温焚烧,预警
2025-03-08 10:55:00,3,报警,低炉温焚烧,报警
2025-03-08 10:58:00,5,预警,焚烧炉出口氧含量偏低,预警
2025-03-08 11:00:00,3,预警,瞬时低炉温焚烧,预警
2025-03-08 11:00:00,3,报警,低炉温焚烧,报警
2025-03-08 11:05:00,3,预警,瞬时低炉温焚烧,预警
2025-03-08 11:05:00,3,报警,低炉温焚烧,报警
2025-03-08 11:08:00,5,预警,焚烧炉出口氧含量偏低,预警
2025-03-08 11:10:00,3,预警,瞬时低炉温焚烧,预警
2025-03-08 11:10:00,3,报警,低炉温焚烧,报警
2025-03-08 11:12:00,5,预警,焚烧炉出口氧含量偏低,预警
2025-03-08 11:15:00,3,报警,低炉温焚烧,报警
2025-03-08 11:15:00,3,预警,瞬时低炉温焚烧,预警
2025-03-08 11:20:00,3,报警,低炉温焚烧,报警
2025-03-08 11:20:00,3,预警,瞬时低炉温焚烧,预警
2025-03-08 11:25:00,3,报警,低炉温焚烧,报警
2025-03-08 11:25:00,3,预警,瞬时低炉温焚烧,预警
2025-03-08 11:26:00,6,预警,焚烧炉出口氧含量偏高,预警
2025-03-08 11:30:00,3,报警,低炉温焚烧,报警
2025-03-08 11:30:00,3,预警,瞬时低炉温焚烧,预警
2025-03-08 11:35:00,3,预警,瞬时低炉温焚烧,预警
2025-03-08 11:35:00,3,报警,低炉温焚烧,报警
2025-03-08 11:40:00,3,预警,瞬时低炉温焚烧,预警
2025-03-08 11:40:00,3,报警,低炉温焚烧,报警
2025-03-08 11:45:00,3,预警,瞬时低炉温焚烧,预警
2025-03-08 11:45:00,3,报警,低炉温焚烧,报警
2025-03-08 11:46:00,5,预警,焚烧炉出口氧含量偏低,预警
2025-03-08 11:50:00,3,报警,低炉温焚烧,报警
2025-03-08 11:50:00,3,预警,瞬时低炉温焚烧,预警
2025-03-08 11:55:00,3,报警,低炉温焚烧,报警
2025-03-08 11:55:00,3,预警,瞬时低炉温焚烧,预警
2025-03-08 12:00:00,3,预警,瞬时低炉温焚烧,预警
2025-03-08 12:00:00,3,报警,低炉温焚烧,报警
2025-03-08 12:05:00,3,预警,瞬时低炉温焚烧,预警
2025-03-08 12:05:00,3,报警,低炉温焚烧,报警
2025-03-08 12:06:00,5,预警,焚烧炉出口氧含量偏低,预警
2025-03-08 12:10:00,3,预警,瞬时低炉温焚烧,预警
2025-03-08 12:10:00,3,报警,低炉温焚烧,报警
2025-03-08 12:15:00,3,报警,低炉温焚烧,报警
2025-03-08 12:15:00,3,预警,瞬时低炉温焚烧,预警
2025-03-08 12:20:00,3,报警,低炉温焚烧,报警
2025-03-08 12:20:00,3,预警,瞬时低炉温焚烧,预警
2025-03-08 12:25:00,3,预警,瞬时低炉温焚烧,预警
2025-03-08 12:25:00,3,报警,低炉温焚烧,报警
2025-03-08 12:28:00,5,预警,焚烧炉出口氧含量偏低,预警
2025-03-08 12:30:00,3,报警,低炉温焚烧,报警
2025-03-08 12:30:00,3,预警,瞬时低炉温焚烧,预警
2025-03-08 12:34:00,5,预警,焚烧炉出口氧含量偏低,预警
2025-03-08 12:35:00,3,报警,低炉温焚烧,报警
2025-03-08 12:35:00,3,预警,瞬时低炉温焚烧,预警
2025-03-08 12:40:00,3,报警,低炉温焚烧,报警
2025-03-08 12:40:00,3,预警,瞬时低炉温焚烧,预警
2025-03-08 12:45:00,5,预警,瞬时低炉温焚烧,预警
2025-03-08 12:45:00,3,报警,低炉温焚烧,报警
2025-03-08 12:45:00,3,预警,瞬时低炉温焚烧,预警
2025-03-08 12:45:00,5,报警,低炉温焚烧,报警
2025-03-08 12:46:00,5,预警,布袋除尘器压力损失偏高,预警
2025-03-08 12:50:00,3,报警,低炉温焚烧,报警
2025-03-08 12:50:00,5,报警,低炉温焚烧,报警
2025-03-08 12:50:00,5,预警,瞬时低炉温焚烧,预警
2025-03-08 12:50:00,3,预警,瞬时低炉温焚烧,预警
2025-03-08 12:52:00,5,预警,焚烧炉出口氧含量偏高,预警
2025-03-08 12:55:00,3,报警,低炉温焚烧,报警
2025-03-08 12:55:00,3,预警,瞬时低炉温焚烧,预警
2025-03-08 13:00:00,3,报警,低炉温焚烧,报警
2025-03-08 13:00:00,3,预警,瞬时低炉温焚烧,预警
2025-03-08 13:05:00,3,预警,瞬时低炉温焚烧,预警
2025-03-08 13:05:00,3,报警,低炉温焚烧,报警
2025-03-08 13:10:00,3,报警,低炉温焚烧,报警
2025-03-08 13:10:00,3,预警,瞬时低炉温焚烧,预警
2025-03-08 13:15:00,3,报警,低炉温焚烧,报警
2025-03-08 13:15:00,3,预警,瞬时低炉温焚烧,预警
2025-03-08 13:20:00,3,报警,低炉温焚烧,报警
2025-03-08 13:20:00,3,预警,瞬时低炉温焚烧,预警
2025-03-08 13:24:00,5,预警,布袋除尘器压力损失偏高,预警
2025-03-08 13:25:00,3,预警,瞬时低炉温焚烧,预警
2025-03-08 13:25:00,3,报警,低炉温焚烧,报警
2025-03-08 13:28:00,5,预警,焚烧炉出口氧含量偏低,预警
2025-03-08 13:30:00,3,预警,瞬时低炉温焚烧,预警
2025-03-08 13:30:00,3,报警,低炉温焚烧,报警
2025-03-08 13:35:00,3,预警,瞬时低炉温焚烧,预警
2025-03-08 13:35:00,3,报警,低炉温焚烧,报警
2025-03-08 13:38:00,5,预警,焚烧炉出口氧含量偏低,预警
2025-03-08 13:40:00,3,预警,瞬时低炉温焚烧,预警
2025-03-08 13:40:00,3,报警,低炉温焚烧,报警
2025-03-08 13:45:00,3,预警,瞬时低炉温焚烧,预警
2025-03-08 13:45:00,3,报警,低炉温焚烧,报警
2025-03-08 13:48:00,5,预警,焚烧炉出口氧含量偏低,预警
2025-03-08 13:50:00,3,报警,低炉温焚烧,报警
2025-03-08 13:50:00,3,预警,瞬时低炉温焚烧,预警
2025-03-08 13:52:00,5,预警,焚烧炉出口氧含量偏低,预警
2025-03-08 13:55:00,3,报警,低炉温焚烧,报警
2025-03-08 13:55:00,3,预警,瞬时低炉温焚烧,预警
2025-03-08 13:58:00,5,预警,焚烧炉出口氧含量偏低,预警
2025-03-08 14:00:00,3,预警,瞬时低炉温焚烧,预警
2025-03-08 14:00:00,5,预警,焚烧炉出口氧含量偏高,预警
2025-03-08 14:00:00,3,报警,低炉温焚烧,报警
2025-03-08 14:05:00,3,预警,瞬时低炉温焚烧,预警
2025-03-08 14:05:00,3,报警,低炉温焚烧,报警
2025-03-08 14:06:00,5,预警,焚烧炉出口氧含量偏低,预警
2025-03-08 14:08:00,5,预警,布袋除尘器压力损失偏高,预警
2025-03-08 14:10:00,3,报警,低炉温焚烧,报警
2025-03-08 14:10:00,3,预警,瞬时低炉温焚烧,预警
2025-03-08 14:15:00,3,报警,低炉温焚烧,报警
2025-03-08 14:15:00,3,预警,瞬时低炉温焚烧,预警
2025-03-08 14:20:00,3,报警,低炉温焚烧,报警
2025-03-08 14:20:00,3,预警,瞬时低炉温焚烧,预警
2025-03-08 14:25:00,3,预警,瞬时低炉温焚烧,预警
2025-03-08 14:25:00,3,报警,低炉温焚烧,报警
2025-03-08 14:30:00,3,预警,瞬时低炉温焚烧,预警
2025-03-08 14:30:00,3,报警,低炉温焚烧,报警
2025-03-08 14:35:00,3,预警,瞬时低炉温焚烧,预警
2025-03-08 14:35:00,3,报警,低炉温焚烧,报警
2025-03-08 14:36:00,5,预警,焚烧炉出口氧含量偏低,预警
2025-03-08 14:40:00,5,预警,焚烧炉出口氧含量偏低,预警
2025-03-08 14:40:00,3,预警,瞬时低炉温焚烧,预警
2025-03-08 14:40:00,3,报警,低炉温焚烧,报警
2025-03-08 14:45:00,3,预警,瞬时低炉温焚烧,预警
2025-03-08 14:45:00,3,报警,低炉温焚烧,报警
2025-03-08 14:50:00,3,预警,瞬时低炉温焚烧,预警
2025-03-08 14:50:00,3,报警,低炉温焚烧,报警
2025-03-08 14:55:00,3,报警,低炉温焚烧,报警
2025-03-08 14:55:00,3,预警,瞬时低炉温焚烧,预警
2025-03-08 15:00:00,3,报警,低炉温焚烧,报警
2025-03-08 15:00:00,3,预警,瞬时低炉温焚烧,预警
2025-03-08 15:05:00,3,预警,瞬时低炉温焚烧,预警
2025-03-08 15:05:00,3,报警,低炉温焚烧,报警
2025-03-08 15:10:00,3,预警,瞬时低炉温焚烧,预警
2025-03-08 15:10:00,5,预警,焚烧炉出口氧含量偏低,预警
2025-03-08 15:10:00,3,报警,低炉温焚烧,报警
2025-03-08 15:12:00,6,预警,焚烧炉出口氧含量偏高,预警
2025-03-08 15:15:00,3,报警,低炉温焚烧,报警
2025-03-08 15:15:00,3,预警,瞬时低炉温焚烧,预警
2025-03-08 15:20:00,3,报警,低炉温焚烧,报警
2025-03-08 15:20:00,3,预警,瞬时低炉温焚烧,预警
2025-03-08 15:24:00,5,预警,焚烧炉出口氧含量偏低,预警
2025-03-08 15:25:00,3,报警,低炉温焚烧,报警
2025-03-08 15:25:00,3,预警,瞬时低炉温焚烧,预警
2025-03-08 15:30:00,3,预警,瞬时低炉温焚烧,预警
2025-03-08 15:30:00,3,报警,低炉温焚烧,报警
2025-03-08 15:35:00,3,报警,低炉温焚烧,报警
2025-03-08 15:35:00,3,预警,瞬时低炉温焚烧,预警
2025-03-08 15:40:00,3,报警,低炉温焚烧,报警
2025-03-08 15:40:00,3,预警,瞬时低炉温焚烧,预警
2025-03-08 15:44:00,5,预警,焚烧炉出口氧含量偏低,预警
2025-03-08 15:45:00,3,报警,低炉温焚烧,报警
2025-03-08 15:45:00,3,预警,瞬时低炉温焚烧,预警
2025-03-08 15:48:00,5,预警,焚烧炉出口氧含量偏低,预警
2025-03-08 15:50:00,3,预警,瞬时低炉温焚烧,预警
2025-03-08 15:50:00,3,报警,低炉温焚烧,报警
2025-03-08 15:55:00,3,预警,瞬时低炉温焚烧,预警
2025-03-08 15:55:00,3,报警,低炉温焚烧,报警
2025-03-08 16:00:00,3,预警,瞬时低炉温焚烧,预警
2025-03-08 16:00:00,3,报警,低炉温焚烧,报警
2025-03-08 16:02:00,5,预警,焚烧炉出口氧含量偏低,预警
2025-03-08 16:05:00,3,报警,低炉温焚烧,报警
2025-03-08 16:05:00,3,预警,瞬时低炉温焚烧,预警
2025-03-08 16:06:00,5,预警,焚烧炉出口氧含量偏低,预警
2025-03-08 16:10:00,3,报警,低炉温焚烧,报警
2025-03-08 16:10:00,3,预警,瞬时低炉温焚烧,预警
2025-03-08 16:12:00,5,预警,焚烧炉出口氧含量偏低,预警
2025-03-08 16:15:00,3,报警,低炉温焚烧,报警
2025-03-08 16:15:00,3,预警,瞬时低炉温焚烧,预警
2025-03-08 16:20:00,3,预警,瞬时低炉温焚烧,预警
2025-03-08 16:20:00,3,报警,低炉温焚烧,报警
2025-03-08 16:25:00,3,预警,瞬时低炉温焚烧,预警
2025-03-08 16:25:00,3,报警,低炉温焚烧,报警
2025-03-08 16:30:00,3,报警,低炉温焚烧,报警
2025-03-08 16:30:00,3,预警,瞬时低炉温焚烧,预警
2025-03-08 16:34:00,6,预警,焚烧炉出口氧含量偏高,预警
2025-03-08 16:35:00,3,报警,低炉温焚烧,报警
2025-03-08 16:35:00,3,预警,瞬时低炉温焚烧,预警
2025-03-08 16:40:00,3,报警,低炉温焚烧,报警
2025-03-08 16:40:00,3,预警,瞬时低炉温焚烧,预警
2025-03-08 16:45:00,3,报警,低炉温焚烧,报警
2025-03-08 16:45:00,3,预警,瞬时低炉温焚烧,预警
2025-03-08 16:46:00,5,预警,焚烧炉出口氧含量偏低,预警
2025-03-08 16:50:00,5,预警,焚烧炉出口氧含量偏低,预警
2025-03-08 16:50:00,3,预警,瞬时低炉温焚烧,预警
2025-03-08 16:50:00,3,报警,低炉温焚烧,报警
2025-03-08 16:50:00,6,预警,焚烧炉出口氧含量偏高,预警
2025-03-08 16:54:00,5,预警,焚烧炉出口氧含量偏低,预警
2025-03-08 16:55:00,3,报警,低炉温焚烧,报警
2025-03-08 16:55:00,3,预警,瞬时低炉温焚烧,预警
2025-03-08 16:58:00,5,预警,焚烧炉出口氧含量偏低,预警
2025-03-08 17:00:00,3,预警,瞬时低炉温焚烧,预警
2025-03-08 17:00:00,3,报警,低炉温焚烧,报警
2025-03-08 17:05:00,3,报警,低炉温焚烧,报警
2025-03-08 17:05:00,3,预警,瞬时低炉温焚烧,预警
2025-03-08 17:08:00,5,预警,焚烧炉出口氧含量偏低,预警
2025-03-08 17:10:00,3,预警,瞬时低炉温焚烧,预警
2025-03-08 17:10:00,3,报警,低炉温焚烧,报警
2025-03-08 17:15:00,3,报警,低炉温焚烧,报警
2025-03-08 17:15:00,3,预警,瞬时低炉温焚烧,预警
2025-03-08 17:20:00,3,报警,低炉温焚烧,报警
2025-03-08 17:20:00,3,预警,瞬时低炉温焚烧,预警
2025-03-08 17:25:00,3,预警,瞬时低炉温焚烧,预警
2025-03-08 17:25:00,3,报警,低炉温焚烧,报警
2025-03-08 17:30:00,3,报警,低炉温焚烧,报警
2025-03-08 17:30:00,3,预警,瞬时低炉温焚烧,预警
2025-03-08 17:34:00,5,预警,焚烧炉出口氧含量偏低,预警
2025-03-08 17:35:00,3,报警,低炉温焚烧,报警
2025-03-08 17:35:00,3,预警,瞬时低炉温焚烧,预警
2025-03-08 17:38:00,6,预警,焚烧炉出口氧含量偏高,预警
2025-03-08 17:40:00,3,预警,瞬时低炉温焚烧,预警
2025-03-08 17:40:00,3,报警,低炉温焚烧,报警
2025-03-08 17:45:00,3,报警,低炉温焚烧,报警
2025-03-08 17:45:00,3,预警,瞬时低炉温焚烧,预警
2025-03-08 17:46:00,5,预警,焚烧炉出口氧含量偏低,预警
2025-03-08 17:50:00,3,报警,低炉温焚烧,报警
2025-03-08 17:50:00,3,预警,瞬时低炉温焚烧,预警
2025-03-08 17:50:00,5,预警,焚烧炉出口氧含量偏低,预警
2025-03-08 17:55:00,3,报警,低炉温焚烧,报警
2025-03-08 17:55:00,3,预警,瞬时低炉温焚烧,预警
2025-03-08 18:00:00,3,预警,瞬时低炉温焚烧,预警
2025-03-08 18:00:00,3,报警,低炉温焚烧,报警
2025-03-08 18:02:00,6,预警,焚烧炉出口氧含量偏高,预警
2025-03-08 18:05:00,3,预警,瞬时低炉温焚烧,预警
2025-03-08 18:05:00,3,报警,低炉温焚烧,报警
2025-03-08 18:10:00,3,预警,瞬时低炉温焚烧,预警
2025-03-08 18:10:00,3,报警,低炉温焚烧,报警
2025-03-08 18:15:00,3,预警,瞬时低炉温焚烧,预警
2025-03-08 18:15:00,3,报警,低炉温焚烧,报警
2025-03-08 18:20:00,3,预警,瞬时低炉温焚烧,预警
2025-03-08 18:20:00,3,报警,低炉温焚烧,报警
2025-03-08 18:22:00,5,预警,焚烧炉出口氧含量偏低,预警
2025-03-08 18:25:00,3,预警,瞬时低炉温焚烧,预警
2025-03-08 18:25:00,3,报警,低炉温焚烧,报警
2025-03-08 18:26:00,5,预警,焚烧炉出口氧含量偏低,预警
2025-03-08 18:30:00,5,预警,焚烧炉出口氧含量偏低,预警
2025-03-08 18:30:00,3,预警,瞬时低炉温焚烧,预警
2025-03-08 18:30:00,3,报警,低炉温焚烧,报警
2025-03-08 18:35:00,3,预警,瞬时低炉温焚烧,预警
2025-03-08 18:35:00,3,报警,低炉温焚烧,报警
2025-03-08 18:40:00,3,预警,瞬时低炉温焚烧,预警
2025-03-08 18:40:00,3,报警,低炉温焚烧,报警
2025-03-08 18:44:00,5,预警,布袋除尘器压力损失偏高,预警
2025-03-08 18:45:00,3,报警,低炉温焚烧,报警
2025-03-08 18:45:00,3,预警,瞬时低炉温焚烧,预警
2025-03-08 18:48:00,6,预警,焚烧炉出口氧含量偏高,预警
2025-03-08 18:50:00,3,报警,低炉温焚烧,报警
2025-03-08 18:50:00,3,预警,瞬时低炉温焚烧,预警
2025-03-08 18:54:00,6,预警,焚烧炉出口氧含量偏高,预警
2025-03-08 18:55:00,3,预警,瞬时低炉温焚烧,预警
2025-03-08 18:55:00,3,报警,低炉温焚烧,报警
2025-03-08 19:00:00,3,报警,低炉温焚烧,报警
2025-03-08 19:00:00,3,预警,瞬时低炉温焚烧,预警
2025-03-08 19:02:00,5,预警,焚烧炉出口氧含量偏低,预警
2025-03-08 19:05:00,3,报警,低炉温焚烧,报警
2025-03-08 19:05:00,3,预警,瞬时低炉温焚烧,预警
2025-03-08 19:06:00,5,预警,焚烧炉出口氧含量偏低,预警
2025-03-08 19:10:00,5,预警,焚烧炉出口氧含量偏低,预警
2025-03-08 19:10:00,3,报警,低炉温焚烧,报警
2025-03-08 19:10:00,3,预警,瞬时低炉温焚烧,预警
2025-03-08 19:15:00,3,报警,低炉温焚烧,报警
2025-03-08 19:15:00,3,预警,瞬时低炉温焚烧,预警
2025-03-08 19:18:00,5,预警,焚烧炉出口氧含量偏低,预警
2025-03-08 19:20:00,3,报警,低炉温焚烧,报警
2025-03-08 19:20:00,3,预警,瞬时低炉温焚烧,预警
2025-03-08 19:24:00,6,预警,焚烧炉出口氧含量偏高,预警
2025-03-08 19:25:00,3,报警,低炉温焚烧,报警
2025-03-08 19:25:00,3,预警,瞬时低炉温焚烧,预警
2025-03-08 19:30:00,3,报警,低炉温焚烧,报警
2025-03-08 19:30:00,5,预警,焚烧炉出口氧含量偏低,预警
2025-03-08 19:30:00,3,预警,瞬时低炉温焚烧,预警
2025-03-08 19:35:00,3,预警,瞬时低炉温焚烧,预警
2025-03-08 19:35:00,3,报警,低炉温焚烧,报警
2025-03-08 19:36:00,5,预警,焚烧炉出口氧含量偏低,预警
2025-03-08 19:40:00,3,报警,低炉温焚烧,报警
2025-03-08 19:40:00,3,预警,瞬时低炉温焚烧,预警
2025-03-08 19:45:00,3,报警,低炉温焚烧,报警
2025-03-08 19:45:00,3,预警,瞬时低炉温焚烧,预警
2025-03-08 19:50:00,3,报警,低炉温焚烧,报警
2025-03-08 19:50:00,3,预警,瞬时低炉温焚烧,预警
2025-03-08 19:50:01,5,预警,焚烧炉出口氧含量偏低,预警
2025-03-08 19:55:00,3,报警,低炉温焚烧,报警
2025-03-08 19:55:00,3,预警,瞬时低炉温焚烧,预警
2025-03-08 20:00:00,3,预警,瞬时低炉温焚烧,预警
2025-03-08 20:00:00,3,报警,低炉温焚烧,报警
2025-03-08 20:02:00,5,预警,焚烧炉出口氧含量偏低,预警
2025-03-08 20:05:00,3,报警,低炉温焚烧,报警
2025-03-08 20:05:00,3,预警,瞬时低炉温焚烧,预警
2025-03-08 20:10:00,3,报警,低炉温焚烧,报警
2025-03-08 20:10:00,3,预警,瞬时低炉温焚烧,预警
2025-03-08 20:15:00,3,报警,低炉温焚烧,报警
2025-03-08 20:15:00,3,预警,瞬时低炉温焚烧,预警
2025-03-08 20:18:00,5,预警,焚烧炉出口氧含量偏低,预警
2025-03-08 20:20:00,3,预警,瞬时低炉温焚烧,预警
2025-03-08 20:20:00,3,报警,低炉温焚烧,报警
2025-03-08 20:25:00,3,预警,瞬时低炉温焚烧,预警
2025-03-08 20:25:00,3,报警,低炉温焚烧,报警
2025-03-08 20:26:00,6,预警,焚烧炉出口氧含量偏高,预警
2025-03-08 20:30:00,3,报警,低炉温焚烧,报警
2025-03-08 20:30:00,3,预警,瞬时低炉温焚烧,预警
2025-03-08 20:32:00,5,预警,布袋除尘器压力损失偏高,预警
2025-03-08 20:35:00,3,预警,瞬时低炉温焚烧,预警
2025-03-08 20:35:00,3,报警,低炉温焚烧,报警
2025-03-08 20:40:00,3,预警,瞬时低炉温焚烧,预警
2025-03-08 20:40:00,3,报警,低炉温焚烧,报警
2025-03-08 20:45:00,3,预警,瞬时低炉温焚烧,预警
2025-03-08 20:45:00,3,报警,低炉温焚烧,报警
2025-03-08 20:46:00,5,预警,焚烧炉出口氧含量偏低,预警
2025-03-08 20:50:00,3,报警,低炉温焚烧,报警
2025-03-08 20:50:00,3,预警,瞬时低炉温焚烧,预警
2025-03-08 20:52:00,5,预警,焚烧炉出口氧含量偏低,预警
2025-03-08 20:55:00,3,报警,低炉温焚烧,报警
2025-03-08 20:55:00,3,预警,瞬时低炉温焚烧,预警
2025-03-08 21:00:00,3,报警,低炉温焚烧,报警
2025-03-08 21:00:00,5,预警,焚烧炉出口氧含量偏低,预警
2025-03-08 21:00:00,3,预警,瞬时低炉温焚烧,预警
2025-03-08 21:00:00,6,预警,焚烧炉出口氧含量偏高,预警
2025-03-08 21:05:00,3,报警,低炉温焚烧,报警
2025-03-08 21:05:00,3,预警,瞬时低炉温焚烧,预警
2025-03-08 21:06:00,5,预警,焚烧炉出口氧含量偏低,预警
2025-03-08 21:10:00,3,报警,低炉温焚烧,报警
2025-03-08 21:10:00,3,预警,瞬时低炉温焚烧,预警
2025-03-08 21:15:00,3,报警,低炉温焚烧,报警
2025-03-08 21:15:00,3,预警,瞬时低炉温焚烧,预警
2025-03-08 21:20:00,3,预警,瞬时低炉温焚烧,预警
2025-03-08 21:20:00,3,报警,低炉温焚烧,报警
2025-03-08 21:22:00,6,预警,焚烧炉出口氧含量偏高,预警
2025-03-08 21:25:00,3,报警,低炉温焚烧,报警
2025-03-08 21:25:00,3,预警,瞬时低炉温焚烧,预警
2025-03-08 21:30:00,3,预警,瞬时低炉温焚烧,预警
2025-03-08 21:30:00,3,报警,低炉温焚烧,报警
2025-03-08 21:32:00,6,预警,焚烧炉出口氧含量偏高,预警
2025-03-08 21:35:00,3,报警,低炉温焚烧,报警
2025-03-08 21:35:00,3,预警,瞬时低炉温焚烧,预警
2025-03-08 21:36:00,6,预警,焚烧炉出口氧含量偏高,预警
2025-03-08 21:40:00,3,预警,瞬时低炉温焚烧,预警
2025-03-08 21:40:00,3,报警,低炉温焚烧,报警
2025-03-08 21:45:00,3,预警,瞬时低炉温焚烧,预警
2025-03-08 21:45:00,3,报警,低炉温焚烧,报警
2025-03-08 21:50:00,3,报警,低炉温焚烧,报警
2025-03-08 21:50:00,3,预警,瞬时低炉温焚烧,预警
2025-03-08 21:55:00,3,报警,低炉温焚烧,报警
2025-03-08 21:55:00,3,预警,瞬时低炉温焚烧,预警
2025-03-08 22:00:00,3,预警,瞬时低炉温焚烧,预警
2025-03-08 22:00:00,3,报警,低炉温焚烧,报警
2025-03-08 22:00:00,5,预警,焚烧炉出口氧含量偏低,预警
2025-03-08 22:05:00,3,报警,低炉温焚烧,报警
2025-03-08 22:05:00,3,预警,瞬时低炉温焚烧,预警
2025-03-08 22:06:00,5,预警,焚烧炉出口氧含量偏低,预警
2025-03-08 22:10:00,3,预警,瞬时低炉温焚烧,预警
2025-03-08 22:10:00,3,报警,低炉温焚烧,报警
2025-03-08 22:15:00,3,预警,瞬时低炉温焚烧,预警
2025-03-08 22:15:00,3,报警,低炉温焚烧,报警
2025-03-08 22:20:00,3,预警,瞬时低炉温焚烧,预警
2025-03-08 22:20:00,3,报警,低炉温焚烧,报警
2025-03-08 22:25:00,3,预警,瞬时低炉温焚烧,预警
2025-03-08 22:25:00,3,报警,低炉温焚烧,报警
2025-03-08 22:26:00,5,预警,焚烧炉出口氧含量偏低,预警
2025-03-08 22:30:00,5,预警,焚烧炉出口氧含量偏低,预警
2025-03-08 22:30:00,3,预警,瞬时低炉温焚烧,预警
2025-03-08 22:30:00,3,报警,低炉温焚烧,报警
2025-03-08 22:35:00,3,预警,瞬时低炉温焚烧,预警
2025-03-08 22:35:00,3,报警,低炉温焚烧,报警
2025-03-08 22:38:00,6,预警,焚烧炉出口氧含量偏高,预警
2025-03-08 22:40:00,3,报警,低炉温焚烧,报警
2025-03-08 22:40:00,3,预警,瞬时低炉温焚烧,预警
2025-03-08 22:44:00,5,预警,焚烧炉出口氧含量偏低,预警
2025-03-08 22:45:00,3,报警,低炉温焚烧,报警
2025-03-08 22:45:00,3,预警,瞬时低炉温焚烧,预警
2025-03-08 22:50:00,3,报警,低炉温焚烧,报警
2025-03-08 22:50:00,3,预警,瞬时低炉温焚烧,预警
2025-03-08 22:50:00,5,预警,焚烧炉出口氧含量偏低,预警
2025-03-08 22:52:00,6,预警,焚烧炉出口氧含量偏高,预警
2025-03-08 22:55:00,3,报警,低炉温焚烧,报警
2025-03-08 22:55:00,3,预警,瞬时低炉温焚烧,预警
2025-03-08 22:56:00,6,预警,焚烧炉出口氧含量偏高,预警
2025-03-08 23:00:00,3,报警,低炉温焚烧,报警
2025-03-08 23:00:00,3,预警,瞬时低炉温焚烧,预警
2025-03-08 23:05:00,3,报警,低炉温焚烧,报警
2025-03-08 23:05:00,3,预警,瞬时低炉温焚烧,预警
2025-03-08 23:10:00,6,预警,焚烧炉出口氧含量偏高,预警
2025-03-08 23:10:00,3,报警,低炉温焚烧,报警
2025-03-08 23:10:00,3,预警,瞬时低炉温焚烧,预警
2025-03-08 23:15:00,3,预警,瞬时低炉温焚烧,预警
2025-03-08 23:15:00,3,报警,低炉温焚烧,报警
2025-03-08 23:20:00,3,报警,低炉温焚烧,报警
2025-03-08 23:20:00,3,预警,瞬时低炉温焚烧,预警
2025-03-08 23:25:00,3,报警,低炉温焚烧,报警
2025-03-08 23:25:00,3,预警,瞬时低炉温焚烧,预警
2025-03-08 23:30:00,3,报警,低炉温焚烧,报警
2025-03-08 23:30:00,5,预警,焚烧炉出口氧含量偏低,预警
2025-03-08 23:30:00,3,预警,瞬时低炉温焚烧,预警
2025-03-08 23:35:00,3,预警,瞬时低炉温焚烧,预警
2025-03-08 23:35:00,3,报警,低炉温焚烧,报警
2025-03-08 23:36:00,5,预警,焚烧炉出口氧含量偏低,预警
2025-03-08 23:40:00,3,预警,瞬时低炉温焚烧,预警
2025-03-08 23:40:00,3,报警,低炉温焚烧,报警
2025-03-08 23:42:00,5,预警,焚烧炉出口氧含量偏低,预警
2025-03-08 23:45:00,3,预警,瞬时低炉温焚烧,预警
2025-03-08 23:45:00,3,报警,低炉温焚烧,报警
2025-03-08 23:46:00,6,预警,焚烧炉出口氧含量偏高,预警
2025-03-08 23:50:00,3,预警,瞬时低炉温焚烧,预警
2025-03-08 23:50:00,3,报警,低炉温焚烧,报警
2025-03-08 23:52:00,5,预警,焚烧炉出口氧含量偏低,预警
2025-03-08 23:55:00,3,预警,瞬时低炉温焚烧,预警
2025-03-08 23:55:00,3,报警,低炉温焚烧,报警
