﻿时间,炉号,预警/报警类型,预警/报警事件,预警/报警区分
2025-03-12 00:00:00,3,预警,瞬时低炉温焚烧,预警
2025-03-12 00:00:00,3,报警,低炉温焚烧,报警
2025-03-12 00:00:00,3,预警,烟气中一氧化碳（CO）浓度较高,预警
2025-03-12 00:00:00,3,预警,烟气中氯化氢（HCl）浓度较高,预警
2025-03-12 00:00:00,3,预警,烟气中二氧化硫（SO₂）浓度较高,预警
2025-03-12 00:00:00,3,预警,烟气中氮氧化物（NOx）浓度较高,预警
2025-03-12 00:00:00,5,报警,低炉温焚烧,报警
2025-03-12 00:00:00,3,预警,烟气中颗粒物（PM）浓度较高,预警
2025-03-12 00:00:00,4,预警,焚烧炉出口氧含量偏高,预警
2025-03-12 00:00:00,3,预警,焚烧炉出口氧含量偏高,预警
2025-03-12 00:00:00,3,预警,布袋除尘器压力损失偏低,预警
2025-03-12 00:00:00,5,预警,瞬时低炉温焚烧,预警
2025-03-12 00:05:00,3,报警,低炉温焚烧,报警
2025-03-12 00:05:00,5,预警,瞬时低炉温焚烧,预警
2025-03-12 00:05:00,5,报警,低炉温焚烧,报警
2025-03-12 00:05:00,3,预警,瞬时低炉温焚烧,预警
2025-03-12 00:10:00,3,报警,低炉温焚烧,报警
2025-03-12 00:10:00,3,预警,瞬时低炉温焚烧,预警
2025-03-12 00:15:00,3,报警,低炉温焚烧,报警
2025-03-12 00:15:00,3,预警,瞬时低炉温焚烧,预警
2025-03-12 00:20:00,3,报警,低炉温焚烧,报警
2025-03-12 00:20:00,3,预警,瞬时低炉温焚烧,预警
2025-03-12 00:22:00,5,预警,焚烧炉出口氧含量偏低,预警
2025-03-12 00:25:00,3,预警,瞬时低炉温焚烧,预警
2025-03-12 00:25:00,3,报警,低炉温焚烧,报警
2025-03-12 00:30:00,3,报警,低炉温焚烧,报警
2025-03-12 00:30:00,3,预警,瞬时低炉温焚烧,预警
2025-03-12 00:35:00,3,预警,瞬时低炉温焚烧,预警
2025-03-12 00:35:00,3,报警,低炉温焚烧,报警
2025-03-12 00:40:00,3,报警,低炉温焚烧,报警
2025-03-12 00:40:00,3,预警,瞬时低炉温焚烧,预警
2025-03-12 00:40:00,5,预警,焚烧炉出口氧含量偏低,预警
2025-03-12 00:45:00,3,报警,低炉温焚烧,报警
2025-03-12 00:45:00,3,预警,瞬时低炉温焚烧,预警
2025-03-12 00:50:00,3,报警,低炉温焚烧,报警
2025-03-12 00:50:00,3,预警,瞬时低炉温焚烧,预警
2025-03-12 00:55:00,3,报警,低炉温焚烧,报警
2025-03-12 00:55:00,3,预警,瞬时低炉温焚烧,预警
2025-03-12 01:00:00,3,报警,低炉温焚烧,报警
2025-03-12 01:00:00,3,预警,烟气中一氧化碳（CO）浓度较高,预警
2025-03-12 01:00:00,3,预警,瞬时低炉温焚烧,预警
2025-03-12 01:00:00,3,预警,烟气中氯化氢（HCl）浓度较高,预警
2025-03-12 01:00:00,3,预警,烟气中二氧化硫（SO₂）浓度较高,预警
2025-03-12 01:00:00,3,预警,烟气中氮氧化物（NOx）浓度较高,预警
2025-03-12 01:00:00,3,预警,烟气中颗粒物（PM）浓度较高,预警
2025-03-12 01:05:00,3,报警,低炉温焚烧,报警
2025-03-12 01:05:00,3,预警,瞬时低炉温焚烧,预警
2025-03-12 01:10:00,3,预警,瞬时低炉温焚烧,预警
2025-03-12 01:10:00,3,报警,低炉温焚烧,报警
2025-03-12 01:15:00,3,报警,低炉温焚烧,报警
2025-03-12 01:15:00,3,预警,瞬时低炉温焚烧,预警
2025-03-12 01:20:00,3,预警,瞬时低炉温焚烧,预警
2025-03-12 01:20:00,3,报警,低炉温焚烧,报警
2025-03-12 01:25:00,3,预警,瞬时低炉温焚烧,预警
2025-03-12 01:25:00,3,报警,低炉温焚烧,报警
2025-03-12 01:30:00,3,预警,瞬时低炉温焚烧,预警
2025-03-12 01:30:00,3,报警,低炉温焚烧,报警
2025-03-12 01:35:00,3,预警,瞬时低炉温焚烧,预警
2025-03-12 01:35:00,3,报警,低炉温焚烧,报警
2025-03-12 01:40:00,3,报警,低炉温焚烧,报警
2025-03-12 01:40:00,3,预警,瞬时低炉温焚烧,预警
2025-03-12 01:40:00,5,预警,焚烧炉出口氧含量偏低,预警
2025-03-12 01:45:00,3,报警,低炉温焚烧,报警
2025-03-12 01:45:00,3,预警,瞬时低炉温焚烧,预警
2025-03-12 01:46:00,5,预警,焚烧炉出口氧含量偏低,预警
2025-03-12 01:50:00,3,预警,瞬时低炉温焚烧,预警
2025-03-12 01:50:00,3,报警,低炉温焚烧,报警
2025-03-12 01:55:00,3,预警,瞬时低炉温焚烧,预警
2025-03-12 01:55:00,3,报警,低炉温焚烧,报警
2025-03-12 02:00:00,3,预警,烟气中一氧化碳（CO）浓度较高,预警
2025-03-12 02:00:00,3,预警,烟气中二氧化硫（SO₂）浓度较高,预警
2025-03-12 02:00:00,3,预警,烟气中氮氧化物（NOx）浓度较高,预警
2025-03-12 02:00:00,3,预警,瞬时低炉温焚烧,预警
2025-03-12 02:00:00,3,预警,烟气中颗粒物（PM）浓度较高,预警
2025-03-12 02:00:00,3,预警,烟气中氯化氢（HCl）浓度较高,预警
2025-03-12 02:00:00,3,报警,低炉温焚烧,报警
2025-03-12 02:05:00,3,报警,低炉温焚烧,报警
2025-03-12 02:05:00,3,预警,瞬时低炉温焚烧,预警
2025-03-12 02:10:00,3,预警,瞬时低炉温焚烧,预警
2025-03-12 02:10:00,3,报警,低炉温焚烧,报警
2025-03-12 02:15:00,3,报警,低炉温焚烧,报警
2025-03-12 02:15:00,3,预警,瞬时低炉温焚烧,预警
2025-03-12 02:20:00,3,报警,低炉温焚烧,报警
2025-03-12 02:20:00,3,预警,瞬时低炉温焚烧,预警
2025-03-12 02:25:00,3,预警,瞬时低炉温焚烧,预警
2025-03-12 02:25:00,3,报警,低炉温焚烧,报警
2025-03-12 02:26:00,5,预警,焚烧炉出口氧含量偏低,预警
2025-03-12 02:30:00,3,预警,瞬时低炉温焚烧,预警
2025-03-12 02:30:00,3,报警,低炉温焚烧,报警
2025-03-12 02:35:00,3,预警,瞬时低炉温焚烧,预警
2025-03-12 02:35:00,3,报警,低炉温焚烧,报警
2025-03-12 02:40:00,3,报警,低炉温焚烧,报警
2025-03-12 02:40:00,3,预警,瞬时低炉温焚烧,预警
2025-03-12 02:45:00,3,预警,瞬时低炉温焚烧,预警
2025-03-12 02:45:00,3,报警,低炉温焚烧,报警
2025-03-12 02:50:00,3,报警,低炉温焚烧,报警
2025-03-12 02:50:00,3,预警,瞬时低炉温焚烧,预警
2025-03-12 02:55:00,3,预警,瞬时低炉温焚烧,预警
2025-03-12 02:55:00,3,报警,低炉温焚烧,报警
2025-03-12 03:00:00,3,预警,烟气中颗粒物（PM）浓度较高,预警
2025-03-12 03:00:00,3,预警,烟气中氮氧化物（NOx）浓度较高,预警
2025-03-12 03:00:00,3,预警,烟气中二氧化硫（SO₂）浓度较高,预警
2025-03-12 03:00:00,3,预警,烟气中氯化氢（HCl）浓度较高,预警
2025-03-12 03:00:00,3,预警,瞬时低炉温焚烧,预警
2025-03-12 03:00:00,3,预警,烟气中一氧化碳（CO）浓度较高,预警
2025-03-12 03:00:00,3,报警,低炉温焚烧,报警
2025-03-12 03:04:00,5,预警,焚烧炉出口氧含量偏低,预警
2025-03-12 03:05:00,3,报警,低炉温焚烧,报警
2025-03-12 03:05:00,3,预警,瞬时低炉温焚烧,预警
2025-03-12 03:10:00,3,报警,低炉温焚烧,报警
2025-03-12 03:10:00,3,预警,瞬时低炉温焚烧,预警
2025-03-12 03:15:00,3,预警,瞬时低炉温焚烧,预警
2025-03-12 03:15:00,3,报警,低炉温焚烧,报警
2025-03-12 03:20:00,3,预警,瞬时低炉温焚烧,预警
2025-03-12 03:20:00,3,报警,低炉温焚烧,报警
2025-03-12 03:25:00,3,预警,瞬时低炉温焚烧,预警
2025-03-12 03:25:00,3,报警,低炉温焚烧,报警
2025-03-12 03:30:00,3,预警,瞬时低炉温焚烧,预警
2025-03-12 03:30:00,3,报警,低炉温焚烧,报警
2025-03-12 03:30:00,5,预警,焚烧炉出口氧含量偏低,预警
2025-03-12 03:35:00,3,报警,低炉温焚烧,报警
2025-03-12 03:35:00,3,预警,瞬时低炉温焚烧,预警
2025-03-12 03:40:00,3,预警,瞬时低炉温焚烧,预警
2025-03-12 03:40:00,3,报警,低炉温焚烧,报警
2025-03-12 03:45:00,3,报警,低炉温焚烧,报警
2025-03-12 03:45:00,3,预警,瞬时低炉温焚烧,预警
2025-03-12 03:48:00,5,预警,焚烧炉出口氧含量偏低,预警
2025-03-12 03:50:00,3,预警,瞬时低炉温焚烧,预警
2025-03-12 03:50:00,3,报警,低炉温焚烧,报警
2025-03-12 03:55:00,3,报警,低炉温焚烧,报警
2025-03-12 03:55:00,3,预警,瞬时低炉温焚烧,预警
2025-03-12 04:00:00,5,预警,焚烧炉出口氧含量偏低,预警
2025-03-12 04:00:00,3,预警,烟气中氯化氢（HCl）浓度较高,预警
2025-03-12 04:00:00,3,预警,烟气中氮氧化物（NOx）浓度较高,预警
2025-03-12 04:00:00,3,预警,烟气中二氧化硫（SO₂）浓度较高,预警
2025-03-12 04:00:00,3,预警,烟气中一氧化碳（CO）浓度较高,预警
2025-03-12 04:00:00,3,报警,低炉温焚烧,报警
2025-03-12 04:00:00,3,预警,烟气中颗粒物（PM）浓度较高,预警
2025-03-12 04:00:00,3,预警,瞬时低炉温焚烧,预警
2025-03-12 04:05:00,3,预警,瞬时低炉温焚烧,预警
2025-03-12 04:05:00,3,报警,低炉温焚烧,报警
2025-03-12 04:10:00,3,预警,瞬时低炉温焚烧,预警
2025-03-12 04:10:00,3,报警,低炉温焚烧,报警
2025-03-12 04:15:00,3,预警,瞬时低炉温焚烧,预警
2025-03-12 04:15:00,3,报警,低炉温焚烧,报警
2025-03-12 04:20:00,3,预警,瞬时低炉温焚烧,预警
2025-03-12 04:20:00,3,报警,低炉温焚烧,报警
2025-03-12 04:24:00,5,预警,焚烧炉出口氧含量偏低,预警
2025-03-12 04:25:00,3,报警,低炉温焚烧,报警
2025-03-12 04:25:00,3,预警,瞬时低炉温焚烧,预警
2025-03-12 04:30:00,3,报警,低炉温焚烧,报警
2025-03-12 04:30:00,3,预警,瞬时低炉温焚烧,预警
2025-03-12 04:30:00,5,预警,焚烧炉出口氧含量偏低,预警
2025-03-12 04:35:00,3,报警,低炉温焚烧,报警
2025-03-12 04:35:00,3,预警,瞬时低炉温焚烧,预警
2025-03-12 04:40:00,3,报警,低炉温焚烧,报警
2025-03-12 04:40:00,3,预警,瞬时低炉温焚烧,预警
2025-03-12 04:44:00,5,预警,焚烧炉出口氧含量偏低,预警
2025-03-12 04:45:00,3,报警,低炉温焚烧,报警
2025-03-12 04:45:00,3,预警,瞬时低炉温焚烧,预警
2025-03-12 04:50:00,3,报警,低炉温焚烧,报警
2025-03-12 04:50:00,3,预警,瞬时低炉温焚烧,预警
2025-03-12 04:55:00,3,报警,低炉温焚烧,报警
2025-03-12 04:55:00,3,预警,瞬时低炉温焚烧,预警
2025-03-12 05:00:00,3,预警,烟气中一氧化碳（CO）浓度较高,预警
2025-03-12 05:00:00,3,报警,低炉温焚烧,报警
2025-03-12 05:00:00,3,预警,烟气中氯化氢（HCl）浓度较高,预警
2025-03-12 05:00:00,3,预警,烟气中颗粒物（PM）浓度较高,预警
2025-03-12 05:00:00,3,预警,烟气中氮氧化物（NOx）浓度较高,预警
2025-03-12 05:00:00,3,预警,烟气中二氧化硫（SO₂）浓度较高,预警
2025-03-12 05:00:00,3,预警,瞬时低炉温焚烧,预警
2025-03-12 05:02:00,5,预警,焚烧炉出口氧含量偏低,预警
2025-03-12 05:05:00,3,报警,低炉温焚烧,报警
2025-03-12 05:05:00,3,预警,瞬时低炉温焚烧,预警
2025-03-12 05:10:00,3,报警,低炉温焚烧,报警
2025-03-12 05:10:00,3,预警,瞬时低炉温焚烧,预警
2025-03-12 05:15:00,3,报警,低炉温焚烧,报警
2025-03-12 05:15:00,3,预警,瞬时低炉温焚烧,预警
2025-03-12 05:20:00,3,报警,低炉温焚烧,报警
2025-03-12 05:20:00,3,预警,瞬时低炉温焚烧,预警
2025-03-12 05:25:00,3,报警,低炉温焚烧,报警
2025-03-12 05:25:00,3,预警,瞬时低炉温焚烧,预警
2025-03-12 05:30:00,3,预警,瞬时低炉温焚烧,预警
2025-03-12 05:30:00,3,报警,低炉温焚烧,报警
2025-03-12 05:32:00,5,预警,焚烧炉出口氧含量偏低,预警
2025-03-12 05:35:00,3,报警,低炉温焚烧,报警
2025-03-12 05:35:00,3,预警,瞬时低炉温焚烧,预警
2025-03-12 05:36:00,5,预警,焚烧炉出口氧含量偏低,预警
2025-03-12 05:40:00,3,预警,瞬时低炉温焚烧,预警
2025-03-12 05:40:00,3,报警,低炉温焚烧,报警
2025-03-12 05:45:00,3,预警,瞬时低炉温焚烧,预警
2025-03-12 05:45:00,3,报警,低炉温焚烧,报警
2025-03-12 05:50:00,3,预警,瞬时低炉温焚烧,预警
2025-03-12 05:50:00,3,报警,低炉温焚烧,报警
2025-03-12 05:52:00,5,预警,焚烧炉出口氧含量偏低,预警
2025-03-12 05:55:00,3,报警,低炉温焚烧,报警
2025-03-12 05:55:00,3,预警,瞬时低炉温焚烧,预警
2025-03-12 06:00:00,3,预警,烟气中氯化氢（HCl）浓度较高,预警
2025-03-12 06:00:00,3,预警,烟气中二氧化硫（SO₂）浓度较高,预警
2025-03-12 06:00:00,3,预警,烟气中氮氧化物（NOx）浓度较高,预警
2025-03-12 06:00:00,3,预警,烟气中颗粒物（PM）浓度较高,预警
2025-03-12 06:00:00,3,预警,瞬时低炉温焚烧,预警
2025-03-12 06:00:00,3,预警,烟气中一氧化碳（CO）浓度较高,预警
2025-03-12 06:00:00,3,报警,低炉温焚烧,报警
2025-03-12 06:05:00,3,报警,低炉温焚烧,报警
2025-03-12 06:05:00,3,预警,瞬时低炉温焚烧,预警
2025-03-12 06:10:00,3,预警,瞬时低炉温焚烧,预警
2025-03-12 06:10:00,3,报警,低炉温焚烧,报警
2025-03-12 06:15:00,3,报警,低炉温焚烧,报警
2025-03-12 06:15:00,3,预警,瞬时低炉温焚烧,预警
2025-03-12 06:20:00,3,报警,低炉温焚烧,报警
2025-03-12 06:20:00,3,预警,瞬时低炉温焚烧,预警
2025-03-12 06:25:00,3,报警,低炉温焚烧,报警
2025-03-12 06:25:00,3,预警,瞬时低炉温焚烧,预警
2025-03-12 06:30:00,3,报警,低炉温焚烧,报警
2025-03-12 06:30:00,3,预警,瞬时低炉温焚烧,预警
2025-03-12 06:35:00,3,报警,低炉温焚烧,报警
2025-03-12 06:35:00,3,预警,瞬时低炉温焚烧,预警
2025-03-12 06:40:00,3,报警,低炉温焚烧,报警
2025-03-12 06:40:00,3,预警,瞬时低炉温焚烧,预警
2025-03-12 06:42:00,5,预警,焚烧炉出口氧含量偏低,预警
2025-03-12 06:45:00,3,预警,瞬时低炉温焚烧,预警
2025-03-12 06:45:00,3,报警,低炉温焚烧,报警
2025-03-12 06:50:00,3,报警,低炉温焚烧,报警
2025-03-12 06:50:00,5,预警,焚烧炉出口氧含量偏低,预警
2025-03-12 06:50:00,3,预警,瞬时低炉温焚烧,预警
2025-03-12 06:55:00,3,预警,瞬时低炉温焚烧,预警
2025-03-12 06:55:00,3,报警,低炉温焚烧,报警
2025-03-12 07:00:00,3,预警,瞬时低炉温焚烧,预警
2025-03-12 07:00:00,6,预警,焚烧炉出口氧含量偏高,预警
2025-03-12 07:00:00,3,预警,烟气中颗粒物（PM）浓度较高,预警
2025-03-12 07:00:00,3,预警,烟气中氮氧化物（NOx）浓度较高,预警
2025-03-12 07:00:00,3,预警,烟气中二氧化硫（SO₂）浓度较高,预警
2025-03-12 07:00:00,3,预警,烟气中一氧化碳（CO）浓度较高,预警
2025-03-12 07:00:00,3,预警,烟气中氯化氢（HCl）浓度较高,预警
2025-03-12 07:00:00,3,报警,低炉温焚烧,报警
2025-03-12 07:05:00,3,报警,低炉温焚烧,报警
2025-03-12 07:05:00,3,预警,瞬时低炉温焚烧,预警
2025-03-12 07:06:00,6,预警,焚烧炉出口氧含量偏高,预警
2025-03-12 07:06:00,5,预警,焚烧炉出口氧含量偏低,预警
2025-03-12 07:10:00,3,报警,低炉温焚烧,报警
2025-03-12 07:10:00,3,预警,瞬时低炉温焚烧,预警
2025-03-12 07:10:00,5,预警,焚烧炉出口氧含量偏低,预警
2025-03-12 07:15:00,3,报警,低炉温焚烧,报警
2025-03-12 07:15:00,3,预警,瞬时低炉温焚烧,预警
2025-03-12 07:16:00,5,预警,焚烧炉出口氧含量偏低,预警
2025-03-12 07:20:00,3,预警,瞬时低炉温焚烧,预警
2025-03-12 07:20:00,3,报警,低炉温焚烧,报警
2025-03-12 07:25:00,3,预警,瞬时低炉温焚烧,预警
2025-03-12 07:25:00,3,报警,低炉温焚烧,报警
2025-03-12 07:30:00,3,预警,瞬时低炉温焚烧,预警
2025-03-12 07:30:00,3,报警,低炉温焚烧,报警
2025-03-12 07:34:00,5,预警,焚烧炉出口氧含量偏低,预警
2025-03-12 07:35:00,3,预警,瞬时低炉温焚烧,预警
2025-03-12 07:35:00,3,报警,低炉温焚烧,报警
2025-03-12 07:40:00,3,报警,低炉温焚烧,报警
2025-03-12 07:40:00,3,预警,瞬时低炉温焚烧,预警
2025-03-12 07:45:00,3,预警,瞬时低炉温焚烧,预警
2025-03-12 07:45:00,3,报警,低炉温焚烧,报警
2025-03-12 07:50:00,3,报警,低炉温焚烧,报警
2025-03-12 07:50:00,3,预警,瞬时低炉温焚烧,预警
2025-03-12 07:55:00,3,预警,瞬时低炉温焚烧,预警
2025-03-12 07:55:00,3,报警,低炉温焚烧,报警
2025-03-12 08:00:00,3,预警,烟气中氯化氢（HCl）浓度较高,预警
2025-03-12 08:00:00,3,预警,烟气中二氧化硫（SO₂）浓度较高,预警
2025-03-12 08:00:00,3,预警,烟气中氮氧化物（NOx）浓度较高,预警
2025-03-12 08:00:00,3,报警,低炉温焚烧,报警
2025-03-12 08:00:00,3,预警,烟气中颗粒物（PM）浓度较高,预警
2025-03-12 08:00:00,3,预警,瞬时低炉温焚烧,预警
2025-03-12 08:00:00,3,预警,烟气中一氧化碳（CO）浓度较高,预警
2025-03-12 08:05:00,3,预警,瞬时低炉温焚烧,预警
2025-03-12 08:05:00,3,报警,低炉温焚烧,报警
2025-03-12 08:10:00,3,报警,低炉温焚烧,报警
2025-03-12 08:10:00,3,预警,瞬时低炉温焚烧,预警
2025-03-12 08:15:00,3,预警,瞬时低炉温焚烧,预警
2025-03-12 08:15:00,3,报警,低炉温焚烧,报警
2025-03-12 08:16:00,5,预警,焚烧炉出口氧含量偏低,预警
2025-03-12 08:20:00,3,报警,低炉温焚烧,报警
2025-03-12 08:20:00,3,预警,瞬时低炉温焚烧,预警
2025-03-12 08:25:00,3,报警,低炉温焚烧,报警
2025-03-12 08:25:00,3,预警,瞬时低炉温焚烧,预警
2025-03-12 08:30:00,3,报警,低炉温焚烧,报警
2025-03-12 08:30:00,3,预警,瞬时低炉温焚烧,预警
2025-03-12 08:35:00,3,预警,瞬时低炉温焚烧,预警
2025-03-12 08:35:00,3,报警,低炉温焚烧,报警
2025-03-12 08:40:00,3,预警,瞬时低炉温焚烧,预警
2025-03-12 08:40:00,3,报警,低炉温焚烧,报警
2025-03-12 08:45:00,3,报警,低炉温焚烧,报警
2025-03-12 08:45:00,3,预警,瞬时低炉温焚烧,预警
2025-03-12 08:50:00,3,报警,低炉温焚烧,报警
2025-03-12 08:50:00,3,预警,瞬时低炉温焚烧,预警
2025-03-12 08:52:00,5,预警,布袋除尘器压力损失偏高,预警
2025-03-12 08:52:00,5,预警,焚烧炉出口氧含量偏低,预警
2025-03-12 08:55:00,3,预警,瞬时低炉温焚烧,预警
2025-03-12 08:55:00,3,报警,低炉温焚烧,报警
2025-03-12 09:00:00,3,预警,瞬时低炉温焚烧,预警
2025-03-12 09:00:00,3,报警,低炉温焚烧,报警
2025-03-12 09:02:00,5,预警,布袋除尘器压力损失偏高,预警
2025-03-12 09:05:00,3,预警,瞬时低炉温焚烧,预警
2025-03-12 09:05:00,3,报警,低炉温焚烧,报警
2025-03-12 09:10:00,3,报警,低炉温焚烧,报警
2025-03-12 09:10:00,3,预警,瞬时低炉温焚烧,预警
2025-03-12 09:10:00,5,预警,焚烧炉出口氧含量偏低,预警
2025-03-12 09:15:00,3,预警,瞬时低炉温焚烧,预警
2025-03-12 09:15:00,3,报警,低炉温焚烧,报警
2025-03-12 09:20:00,3,预警,瞬时低炉温焚烧,预警
2025-03-12 09:20:00,3,报警,低炉温焚烧,报警
2025-03-12 09:25:00,3,预警,瞬时低炉温焚烧,预警
2025-03-12 09:25:00,3,报警,低炉温焚烧,报警
2025-03-12 09:30:00,3,预警,瞬时低炉温焚烧,预警
2025-03-12 09:30:00,3,报警,低炉温焚烧,报警
2025-03-12 09:35:00,3,预警,瞬时低炉温焚烧,预警
2025-03-12 09:35:00,3,报警,低炉温焚烧,报警
2025-03-12 09:40:00,3,预警,瞬时低炉温焚烧,预警
2025-03-12 09:40:00,3,报警,低炉温焚烧,报警
2025-03-12 09:45:00,3,预警,瞬时低炉温焚烧,预警
2025-03-12 09:45:00,3,报警,低炉温焚烧,报警
2025-03-12 09:50:00,3,报警,低炉温焚烧,报警
2025-03-12 09:50:00,3,预警,瞬时低炉温焚烧,预警
2025-03-12 09:55:00,3,报警,低炉温焚烧,报警
2025-03-12 09:55:00,3,预警,瞬时低炉温焚烧,预警
2025-03-12 09:58:00,5,预警,焚烧炉出口氧含量偏低,预警
2025-03-12 10:00:00,3,预警,烟气中氯化氢（HCl）浓度较高,预警
2025-03-12 10:00:00,3,报警,低炉温焚烧,报警
2025-03-12 10:00:00,3,预警,瞬时低炉温焚烧,预警
2025-03-12 10:00:00,3,预警,烟气中颗粒物（PM）浓度较高,预警
2025-03-12 10:00:00,3,预警,烟气中一氧化碳（CO）浓度较高,预警
2025-03-12 10:00:00,3,预警,烟气中氮氧化物（NOx）浓度较高,预警
2025-03-12 10:00:00,3,预警,烟气中二氧化硫（SO₂）浓度较高,预警
2025-03-12 10:05:00,3,报警,低炉温焚烧,报警
2025-03-12 10:05:00,3,预警,瞬时低炉温焚烧,预警
2025-03-12 10:10:00,3,报警,低炉温焚烧,报警
2025-03-12 10:10:00,3,预警,瞬时低炉温焚烧,预警
2025-03-12 10:10:00,5,预警,焚烧炉出口氧含量偏低,预警
2025-03-12 10:15:00,3,预警,瞬时低炉温焚烧,预警
2025-03-12 10:15:00,3,报警,低炉温焚烧,报警
2025-03-12 10:16:00,6,预警,焚烧炉出口氧含量偏高,预警
2025-03-12 10:20:00,3,预警,瞬时低炉温焚烧,预警
2025-03-12 10:20:00,3,报警,低炉温焚烧,报警
2025-03-12 10:25:00,3,报警,低炉温焚烧,报警
2025-03-12 10:25:00,3,预警,瞬时低炉温焚烧,预警
2025-03-12 10:30:00,3,报警,低炉温焚烧,报警
2025-03-12 10:30:00,3,预警,瞬时低炉温焚烧,预警
2025-03-12 10:35:00,3,报警,低炉温焚烧,报警
2025-03-12 10:35:00,3,预警,瞬时低炉温焚烧,预警
2025-03-12 10:40:00,3,预警,瞬时低炉温焚烧,预警
2025-03-12 10:40:00,3,报警,低炉温焚烧,报警
2025-03-12 10:45:00,3,预警,瞬时低炉温焚烧,预警
2025-03-12 10:45:00,3,报警,低炉温焚烧,报警
2025-03-12 10:48:00,5,预警,焚烧炉出口氧含量偏低,预警
2025-03-12 10:50:00,3,报警,低炉温焚烧,报警
2025-03-12 10:50:00,3,预警,瞬时低炉温焚烧,预警
2025-03-12 10:52:00,5,预警,焚烧炉出口氧含量偏低,预警
2025-03-12 10:55:00,3,报警,低炉温焚烧,报警
2025-03-12 10:55:00,3,预警,瞬时低炉温焚烧,预警
2025-03-12 11:00:00,3,报警,低炉温焚烧,报警
2025-03-12 11:00:00,3,预警,烟气中氮氧化物（NOx）浓度较高,预警
2025-03-12 11:00:00,3,预警,烟气中二氧化硫（SO₂）浓度较高,预警
2025-03-12 11:00:00,3,预警,瞬时低炉温焚烧,预警
2025-03-12 11:00:00,3,预警,烟气中氯化氢（HCl）浓度较高,预警
2025-03-12 11:00:00,3,预警,烟气中一氧化碳（CO）浓度较高,预警
2025-03-12 11:00:00,3,预警,烟气中颗粒物（PM）浓度较高,预警
2025-03-12 11:05:00,3,预警,瞬时低炉温焚烧,预警
2025-03-12 11:05:00,3,报警,低炉温焚烧,报警
2025-03-12 11:10:00,3,报警,低炉温焚烧,报警
2025-03-12 11:10:00,3,预警,瞬时低炉温焚烧,预警
2025-03-12 11:15:00,3,报警,低炉温焚烧,报警
2025-03-12 11:15:00,3,预警,瞬时低炉温焚烧,预警
2025-03-12 11:20:00,3,报警,低炉温焚烧,报警
2025-03-12 11:20:00,5,预警,焚烧炉出口氧含量偏低,预警
2025-03-12 11:20:00,3,预警,瞬时低炉温焚烧,预警
2025-03-12 11:25:00,3,报警,低炉温焚烧,报警
2025-03-12 11:25:00,3,预警,瞬时低炉温焚烧,预警
2025-03-12 11:30:00,3,报警,低炉温焚烧,报警
2025-03-12 11:30:00,3,预警,瞬时低炉温焚烧,预警
2025-03-12 11:35:00,3,报警,低炉温焚烧,报警
2025-03-12 11:35:00,3,预警,瞬时低炉温焚烧,预警
2025-03-12 11:40:00,3,报警,低炉温焚烧,报警
2025-03-12 11:40:00,3,预警,瞬时低炉温焚烧,预警
2025-03-12 11:42:00,5,预警,焚烧炉出口氧含量偏低,预警
2025-03-12 11:45:00,3,预警,瞬时低炉温焚烧,预警
2025-03-12 11:45:00,3,报警,低炉温焚烧,报警
2025-03-12 11:48:00,5,预警,焚烧炉出口氧含量偏低,预警
2025-03-12 11:50:00,3,预警,瞬时低炉温焚烧,预警
2025-03-12 11:50:00,3,报警,低炉温焚烧,报警
2025-03-12 11:54:00,5,预警,焚烧炉出口氧含量偏低,预警
2025-03-12 11:55:00,3,报警,低炉温焚烧,报警
2025-03-12 11:55:00,3,预警,瞬时低炉温焚烧,预警
2025-03-12 11:58:00,5,预警,焚烧炉出口氧含量偏低,预警
2025-03-12 12:00:00,3,预警,烟气中氯化氢（HCl）浓度较高,预警
2025-03-12 12:00:00,3,预警,瞬时低炉温焚烧,预警
2025-03-12 12:00:00,3,报警,低炉温焚烧,报警
2025-03-12 12:00:00,3,预警,烟气中一氧化碳（CO）浓度较高,预警
2025-03-12 12:00:00,3,预警,烟气中二氧化硫（SO₂）浓度较高,预警
2025-03-12 12:00:00,3,预警,烟气中氮氧化物（NOx）浓度较高,预警
2025-03-12 12:00:00,3,预警,烟气中颗粒物（PM）浓度较高,预警
2025-03-12 12:05:00,3,报警,低炉温焚烧,报警
2025-03-12 12:05:00,3,预警,瞬时低炉温焚烧,预警
2025-03-12 12:10:00,3,报警,低炉温焚烧,报警
2025-03-12 12:10:00,3,预警,瞬时低炉温焚烧,预警
2025-03-12 12:15:00,3,预警,瞬时低炉温焚烧,预警
2025-03-12 12:15:00,3,报警,低炉温焚烧,报警
2025-03-12 12:20:00,3,报警,低炉温焚烧,报警
2025-03-12 12:20:00,3,预警,瞬时低炉温焚烧,预警
2025-03-12 12:20:00,5,预警,焚烧炉出口氧含量偏低,预警
2025-03-12 12:25:00,3,报警,低炉温焚烧,报警
2025-03-12 12:25:00,3,预警,瞬时低炉温焚烧,预警
2025-03-12 12:30:00,3,报警,低炉温焚烧,报警
2025-03-12 12:30:00,3,预警,瞬时低炉温焚烧,预警
2025-03-12 12:35:00,3,报警,低炉温焚烧,报警
2025-03-12 12:35:00,3,预警,瞬时低炉温焚烧,预警
2025-03-12 12:40:00,3,预警,瞬时低炉温焚烧,预警
2025-03-12 12:40:00,3,报警,低炉温焚烧,报警
2025-03-12 12:44:00,5,预警,焚烧炉出口氧含量偏低,预警
2025-03-12 12:45:00,3,预警,瞬时低炉温焚烧,预警
2025-03-12 12:45:00,3,报警,低炉温焚烧,报警
2025-03-12 12:48:00,5,预警,焚烧炉出口氧含量偏低,预警
2025-03-12 12:50:00,3,预警,瞬时低炉温焚烧,预警
2025-03-12 12:50:00,3,报警,低炉温焚烧,报警
2025-03-12 12:55:00,3,报警,低炉温焚烧,报警
2025-03-12 12:55:00,3,预警,瞬时低炉温焚烧,预警
2025-03-12 13:00:00,3,预警,烟气中一氧化碳（CO）浓度较高,预警
2025-03-12 13:00:00,3,预警,烟气中氯化氢（HCl）浓度较高,预警
2025-03-12 13:00:00,3,报警,低炉温焚烧,报警
2025-03-12 13:00:00,3,预警,烟气中颗粒物（PM）浓度较高,预警
2025-03-12 13:00:00,3,预警,瞬时低炉温焚烧,预警
2025-03-12 13:00:00,3,预警,烟气中氮氧化物（NOx）浓度较高,预警
2025-03-12 13:00:00,3,预警,烟气中二氧化硫（SO₂）浓度较高,预警
2025-03-12 13:05:00,3,预警,瞬时低炉温焚烧,预警
2025-03-12 13:05:00,3,报警,低炉温焚烧,报警
2025-03-12 13:06:00,5,预警,焚烧炉出口氧含量偏低,预警
2025-03-12 13:10:00,3,预警,瞬时低炉温焚烧,预警
2025-03-12 13:10:00,3,报警,低炉温焚烧,报警
2025-03-12 13:15:00,3,报警,低炉温焚烧,报警
2025-03-12 13:15:00,3,预警,瞬时低炉温焚烧,预警
2025-03-12 13:20:00,3,预警,瞬时低炉温焚烧,预警
2025-03-12 13:20:00,3,报警,低炉温焚烧,报警
2025-03-12 13:25:00,3,预警,瞬时低炉温焚烧,预警
2025-03-12 13:25:00,3,报警,低炉温焚烧,报警
2025-03-12 13:30:00,3,报警,低炉温焚烧,报警
2025-03-12 13:30:00,3,预警,瞬时低炉温焚烧,预警
2025-03-12 13:35:00,3,报警,低炉温焚烧,报警
2025-03-12 13:35:00,3,预警,瞬时低炉温焚烧,预警
2025-03-12 13:40:00,3,报警,低炉温焚烧,报警
2025-03-12 13:40:00,3,预警,瞬时低炉温焚烧,预警
2025-03-12 13:45:00,3,预警,瞬时低炉温焚烧,预警
2025-03-12 13:45:00,3,报警,低炉温焚烧,报警
2025-03-12 13:50:00,3,预警,瞬时低炉温焚烧,预警
2025-03-12 13:50:00,3,报警,低炉温焚烧,报警
2025-03-12 13:55:00,3,报警,低炉温焚烧,报警
2025-03-12 13:55:00,3,预警,瞬时低炉温焚烧,预警
2025-03-12 14:00:00,3,报警,低炉温焚烧,报警
2025-03-12 14:00:00,3,预警,瞬时低炉温焚烧,预警
2025-03-12 14:00:00,5,预警,焚烧炉出口氧含量偏高,预警
2025-03-12 14:00:00,6,预警,氨逃逸偏高,预警
2025-03-12 14:05:00,3,报警,低炉温焚烧,报警
2025-03-12 14:05:00,3,预警,瞬时低炉温焚烧,预警
2025-03-12 14:06:00,3,预警,焚烧炉出口氧含量偏低,预警
2025-03-12 14:10:00,3,报警,低炉温焚烧,报警
2025-03-12 14:10:00,5,预警,焚烧炉出口氧含量偏低,预警
2025-03-12 14:10:00,3,预警,瞬时低炉温焚烧,预警
2025-03-12 14:15:00,3,报警,低炉温焚烧,报警
2025-03-12 14:15:00,3,预警,瞬时低炉温焚烧,预警
2025-03-12 14:20:00,3,报警,低炉温焚烧,报警
2025-03-12 14:20:00,3,预警,瞬时低炉温焚烧,预警
2025-03-12 14:22:00,3,预警,焚烧炉出口氧含量偏高,预警
2025-03-12 14:25:00,3,报警,低炉温焚烧,报警
2025-03-12 14:25:00,3,预警,瞬时低炉温焚烧,预警
2025-03-12 14:26:00,3,预警,焚烧炉出口氧含量偏低,预警
2025-03-12 14:30:00,3,报警,低炉温焚烧,报警
2025-03-12 14:30:00,3,预警,瞬时低炉温焚烧,预警
2025-03-12 14:35:00,3,报警,低炉温焚烧,报警
2025-03-12 14:35:00,3,预警,瞬时低炉温焚烧,预警
2025-03-12 14:40:00,3,预警,瞬时低炉温焚烧,预警
2025-03-12 14:40:00,3,报警,低炉温焚烧,报警
2025-03-12 14:40:00,3,预警,焚烧炉出口氧含量偏高,预警
2025-03-12 14:45:00,3,预警,瞬时低炉温焚烧,预警
2025-03-12 14:45:00,3,报警,低炉温焚烧,报警
2025-03-12 14:50:00,3,预警,瞬时低炉温焚烧,预警
2025-03-12 14:50:00,3,报警,低炉温焚烧,报警
2025-03-12 14:55:00,3,预警,瞬时低炉温焚烧,预警
2025-03-12 14:55:00,3,报警,低炉温焚烧,报警
2025-03-12 15:00:00,3,预警,瞬时低炉温焚烧,预警
2025-03-12 15:00:00,3,预警,烟气中颗粒物（PM）浓度较高,预警
2025-03-12 15:00:00,3,报警,低炉温焚烧,报警
2025-03-12 15:00:00,3,预警,烟气中氮氧化物（NOx）浓度较高,预警
2025-03-12 15:05:00,3,预警,瞬时低炉温焚烧,预警
2025-03-12 15:05:00,3,报警,低炉温焚烧,报警
2025-03-12 15:10:00,3,预警,瞬时低炉温焚烧,预警
2025-03-12 15:10:00,3,报警,低炉温焚烧,报警
2025-03-12 15:14:00,5,预警,布袋除尘器压力损失偏高,预警
2025-03-12 15:15:00,3,预警,瞬时低炉温焚烧,预警
2025-03-12 15:15:00,3,报警,低炉温焚烧,报警
2025-03-12 15:18:00,5,预警,布袋除尘器压力损失偏高,预警
2025-03-12 15:20:00,3,报警,低炉温焚烧,报警
2025-03-12 15:20:00,3,预警,瞬时低炉温焚烧,预警
2025-03-12 15:25:00,3,预警,瞬时低炉温焚烧,预警
2025-03-12 15:25:00,3,报警,低炉温焚烧,报警
2025-03-12 15:26:00,5,预警,布袋除尘器压力损失偏高,预警
2025-03-12 15:30:00,3,预警,瞬时低炉温焚烧,预警
2025-03-12 15:30:00,3,报警,低炉温焚烧,报警
2025-03-12 15:35:00,3,预警,瞬时低炉温焚烧,预警
2025-03-12 15:35:00,3,报警,低炉温焚烧,报警
2025-03-12 15:36:00,5,预警,焚烧炉出口氧含量偏低,预警
2025-03-12 15:40:00,3,预警,瞬时低炉温焚烧,预警
2025-03-12 15:40:00,3,报警,低炉温焚烧,报警
2025-03-12 15:45:00,3,预警,瞬时低炉温焚烧,预警
2025-03-12 15:45:00,3,报警,低炉温焚烧,报警
2025-03-12 15:50:00,3,预警,瞬时低炉温焚烧,预警
2025-03-12 15:50:00,3,报警,低炉温焚烧,报警
2025-03-12 15:55:00,3,报警,低炉温焚烧,报警
2025-03-12 15:55:00,3,预警,瞬时低炉温焚烧,预警
2025-03-12 16:00:00,3,预警,烟气中颗粒物（PM）浓度较高,预警
2025-03-12 16:00:00,3,预警,瞬时低炉温焚烧,预警
2025-03-12 16:00:00,3,报警,低炉温焚烧,报警
2025-03-12 16:00:00,3,预警,烟气中氮氧化物（NOx）浓度较高,预警
2025-03-12 16:04:00,5,预警,焚烧炉出口氧含量偏低,预警
2025-03-12 16:05:00,3,报警,低炉温焚烧,报警
2025-03-12 16:05:00,3,预警,瞬时低炉温焚烧,预警
2025-03-12 16:08:00,5,预警,焚烧炉出口氧含量偏低,预警
2025-03-12 16:10:00,3,预警,瞬时低炉温焚烧,预警
2025-03-12 16:10:00,3,报警,低炉温焚烧,报警
2025-03-12 16:15:00,3,报警,低炉温焚烧,报警
2025-03-12 16:15:00,3,预警,瞬时低炉温焚烧,预警
2025-03-12 16:20:00,3,报警,低炉温焚烧,报警
2025-03-12 16:20:00,3,预警,瞬时低炉温焚烧,预警
2025-03-12 16:25:00,3,报警,低炉温焚烧,报警
2025-03-12 16:25:00,3,预警,瞬时低炉温焚烧,预警
2025-03-12 16:26:00,5,预警,焚烧炉出口氧含量偏低,预警
2025-03-12 16:30:00,3,报警,低炉温焚烧,报警
2025-03-12 16:30:00,3,预警,瞬时低炉温焚烧,预警
2025-03-12 16:34:00,5,预警,焚烧炉出口氧含量偏低,预警
2025-03-12 16:35:00,3,报警,低炉温焚烧,报警
2025-03-12 16:35:00,3,预警,瞬时低炉温焚烧,预警
2025-03-12 16:40:00,3,报警,低炉温焚烧,报警
2025-03-12 16:40:00,3,预警,瞬时低炉温焚烧,预警
2025-03-12 16:45:00,3,报警,低炉温焚烧,报警
2025-03-12 16:45:00,3,预警,瞬时低炉温焚烧,预警
2025-03-12 16:50:00,3,预警,瞬时低炉温焚烧,预警
2025-03-12 16:50:00,3,报警,低炉温焚烧,报警
2025-03-12 16:55:00,3,预警,瞬时低炉温焚烧,预警
2025-03-12 16:55:00,3,报警,低炉温焚烧,报警
2025-03-12 17:00:00,3,预警,瞬时低炉温焚烧,预警
2025-03-12 17:00:00,5,预警,焚烧炉出口氧含量偏低,预警
2025-03-12 17:00:00,3,报警,低炉温焚烧,报警
2025-03-12 17:04:00,5,预警,焚烧炉出口氧含量偏低,预警
2025-03-12 17:05:00,3,预警,瞬时低炉温焚烧,预警
2025-03-12 17:05:00,3,报警,低炉温焚烧,报警
2025-03-12 17:10:00,3,报警,低炉温焚烧,报警
2025-03-12 17:10:00,3,预警,瞬时低炉温焚烧,预警
2025-03-12 17:15:00,3,报警,低炉温焚烧,报警
2025-03-12 17:15:00,3,预警,瞬时低炉温焚烧,预警
2025-03-12 17:20:00,3,报警,低炉温焚烧,报警
2025-03-12 17:20:00,3,预警,瞬时低炉温焚烧,预警
2025-03-12 17:25:00,3,报警,低炉温焚烧,报警
2025-03-12 17:25:00,3,预警,瞬时低炉温焚烧,预警
2025-03-12 17:26:00,5,预警,焚烧炉出口氧含量偏低,预警
2025-03-12 17:30:00,3,报警,低炉温焚烧,报警
2025-03-12 17:30:00,3,预警,瞬时低炉温焚烧,预警
2025-03-12 17:35:00,3,预警,瞬时低炉温焚烧,预警
2025-03-12 17:35:00,3,报警,低炉温焚烧,报警
2025-03-12 17:40:00,3,预警,焚烧炉出口氧含量偏低,预警
2025-03-12 17:40:00,3,预警,瞬时低炉温焚烧,预警
2025-03-12 17:40:00,3,报警,低炉温焚烧,报警
2025-03-12 17:45:00,3,预警,瞬时低炉温焚烧,预警
2025-03-12 17:45:00,3,报警,低炉温焚烧,报警
2025-03-12 17:50:00,3,预警,瞬时低炉温焚烧,预警
2025-03-12 17:50:00,3,报警,低炉温焚烧,报警
2025-03-12 17:55:00,3,报警,低炉温焚烧,报警
2025-03-12 17:55:00,3,预警,瞬时低炉温焚烧,预警
2025-03-12 18:00:00,3,预警,瞬时低炉温焚烧,预警
2025-03-12 18:00:00,3,报警,低炉温焚烧,报警
2025-03-12 18:05:00,3,预警,瞬时低炉温焚烧,预警
2025-03-12 18:05:00,3,报警,低炉温焚烧,报警
2025-03-12 18:10:00,3,报警,低炉温焚烧,报警
2025-03-12 18:10:00,3,预警,瞬时低炉温焚烧,预警
2025-03-12 18:15:00,3,报警,低炉温焚烧,报警
2025-03-12 18:15:00,3,预警,瞬时低炉温焚烧,预警
2025-03-12 18:20:00,3,预警,瞬时低炉温焚烧,预警
2025-03-12 18:20:00,3,报警,低炉温焚烧,报警
2025-03-12 18:25:00,3,预警,瞬时低炉温焚烧,预警
2025-03-12 18:25:00,3,报警,低炉温焚烧,报警
2025-03-12 18:30:00,3,预警,瞬时低炉温焚烧,预警
2025-03-12 18:30:00,3,报警,低炉温焚烧,报警
2025-03-12 18:35:00,3,预警,瞬时低炉温焚烧,预警
2025-03-12 18:35:00,3,报警,低炉温焚烧,报警
2025-03-12 18:40:00,3,报警,低炉温焚烧,报警
2025-03-12 18:40:00,3,预警,瞬时低炉温焚烧,预警
2025-03-12 18:42:00,6,预警,焚烧炉出口氧含量偏高,预警
2025-03-12 18:45:00,3,预警,瞬时低炉温焚烧,预警
2025-03-12 18:45:00,3,报警,低炉温焚烧,报警
2025-03-12 18:50:00,3,报警,低炉温焚烧,报警
2025-03-12 18:50:00,3,预警,瞬时低炉温焚烧,预警
2025-03-12 18:55:00,3,报警,低炉温焚烧,报警
2025-03-12 18:55:00,3,预警,瞬时低炉温焚烧,预警
2025-03-12 19:00:00,3,报警,低炉温焚烧,报警
2025-03-12 19:00:00,3,预警,瞬时低炉温焚烧,预警
2025-03-12 19:05:00,3,预警,瞬时低炉温焚烧,预警
2025-03-12 19:05:00,3,报警,低炉温焚烧,报警
2025-03-12 19:10:00,3,预警,瞬时低炉温焚烧,预警
2025-03-12 19:10:00,3,报警,低炉温焚烧,报警
2025-03-12 19:15:00,3,预警,瞬时低炉温焚烧,预警
2025-03-12 19:15:00,3,报警,低炉温焚烧,报警
2025-03-12 19:20:00,3,预警,瞬时低炉温焚烧,预警
2025-03-12 19:20:00,3,预警,焚烧炉出口氧含量偏高,预警
2025-03-12 19:20:00,3,报警,低炉温焚烧,报警
2025-03-12 19:25:00,3,报警,低炉温焚烧,报警
2025-03-12 19:25:00,3,预警,瞬时低炉温焚烧,预警
2025-03-12 19:28:00,5,预警,焚烧炉出口氧含量偏低,预警
2025-03-12 19:30:00,3,报警,低炉温焚烧,报警
2025-03-12 19:30:00,3,预警,瞬时低炉温焚烧,预警
2025-03-12 19:32:00,5,预警,焚烧炉出口氧含量偏低,预警
2025-03-12 19:35:00,3,报警,低炉温焚烧,报警
2025-03-12 19:35:00,3,预警,瞬时低炉温焚烧,预警
2025-03-12 19:36:00,5,预警,焚烧炉出口氧含量偏低,预警
2025-03-12 19:40:00,3,预警,瞬时低炉温焚烧,预警
2025-03-12 19:40:00,3,报警,低炉温焚烧,报警
2025-03-12 19:45:00,3,报警,低炉温焚烧,报警
2025-03-12 19:45:00,3,预警,瞬时低炉温焚烧,预警
2025-03-12 19:48:00,5,预警,焚烧炉出口氧含量偏低,预警
2025-03-12 19:50:00,3,报警,低炉温焚烧,报警
2025-03-12 19:50:00,3,预警,瞬时低炉温焚烧,预警
2025-03-12 19:54:00,5,预警,焚烧炉出口氧含量偏低,预警
2025-03-12 19:55:00,3,报警,低炉温焚烧,报警
2025-03-12 19:55:00,3,预警,瞬时低炉温焚烧,预警
2025-03-12 20:00:00,3,预警,烟气中二氧化硫（SO₂）浓度较高,预警
2025-03-12 20:00:00,3,预警,烟气中氮氧化物（NOx）浓度较高,预警
2025-03-12 20:00:00,3,预警,瞬时低炉温焚烧,预警
2025-03-12 20:00:00,3,报警,低炉温焚烧,报警
2025-03-12 20:00:00,3,预警,烟气中颗粒物（PM）浓度较高,预警
2025-03-12 20:05:00,3,预警,瞬时低炉温焚烧,预警
2025-03-12 20:05:00,3,报警,低炉温焚烧,报警
2025-03-12 20:08:00,5,预警,焚烧炉出口氧含量偏低,预警
2025-03-12 20:10:00,3,预警,瞬时低炉温焚烧,预警
2025-03-12 20:10:00,3,报警,低炉温焚烧,报警
2025-03-12 20:14:00,5,预警,焚烧炉出口氧含量偏低,预警
2025-03-12 20:15:00,3,预警,瞬时低炉温焚烧,预警
2025-03-12 20:15:00,3,报警,低炉温焚烧,报警
2025-03-12 20:20:00,3,预警,瞬时低炉温焚烧,预警
2025-03-12 20:20:00,3,报警,低炉温焚烧,报警
2025-03-12 20:22:00,5,预警,焚烧炉出口氧含量偏低,预警
2025-03-12 20:25:00,3,报警,低炉温焚烧,报警
2025-03-12 20:25:00,3,预警,瞬时低炉温焚烧,预警
2025-03-12 20:30:00,3,报警,低炉温焚烧,报警
2025-03-12 20:30:00,3,预警,瞬时低炉温焚烧,预警
2025-03-12 20:35:00,3,预警,瞬时低炉温焚烧,预警
2025-03-12 20:35:00,3,报警,低炉温焚烧,报警
2025-03-12 20:36:00,5,预警,焚烧炉出口氧含量偏低,预警
2025-03-12 20:40:00,3,预警,瞬时低炉温焚烧,预警
2025-03-12 20:40:00,3,报警,低炉温焚烧,报警
2025-03-12 20:45:00,3,预警,瞬时低炉温焚烧,预警
2025-03-12 20:45:00,3,报警,低炉温焚烧,报警
2025-03-12 20:50:00,3,预警,瞬时低炉温焚烧,预警
2025-03-12 20:50:00,3,报警,低炉温焚烧,报警
2025-03-12 20:55:00,3,报警,低炉温焚烧,报警
2025-03-12 20:55:00,3,预警,瞬时低炉温焚烧,预警
2025-03-12 21:00:00,3,预警,烟气中颗粒物（PM）浓度较高,预警
2025-03-12 21:00:00,3,预警,烟气中一氧化碳（CO）浓度较高,预警
2025-03-12 21:00:00,3,预警,烟气中氮氧化物（NOx）浓度较高,预警
2025-03-12 21:00:00,3,报警,低炉温焚烧,报警
2025-03-12 21:00:00,3,预警,瞬时低炉温焚烧,预警
2025-03-12 21:00:00,3,预警,烟气中二氧化硫（SO₂）浓度较高,预警
2025-03-12 21:00:00,3,预警,烟气中氯化氢（HCl）浓度较高,预警
2025-03-12 21:05:00,3,报警,低炉温焚烧,报警
2025-03-12 21:05:00,3,预警,瞬时低炉温焚烧,预警
2025-03-12 21:10:00,3,报警,低炉温焚烧,报警
2025-03-12 21:10:00,3,预警,瞬时低炉温焚烧,预警
2025-03-12 21:15:00,3,预警,瞬时低炉温焚烧,预警
2025-03-12 21:15:00,3,报警,低炉温焚烧,报警
2025-03-12 21:20:00,3,预警,瞬时低炉温焚烧,预警
2025-03-12 21:20:00,3,报警,低炉温焚烧,报警
2025-03-12 21:22:00,5,预警,焚烧炉出口氧含量偏低,预警
2025-03-12 21:25:00,3,报警,低炉温焚烧,报警
2025-03-12 21:25:00,3,预警,瞬时低炉温焚烧,预警
2025-03-12 21:30:00,3,报警,低炉温焚烧,报警
2025-03-12 21:30:00,3,预警,瞬时低炉温焚烧,预警
2025-03-12 21:35:00,3,报警,低炉温焚烧,报警
2025-03-12 21:35:00,3,预警,瞬时低炉温焚烧,预警
2025-03-12 21:40:00,3,报警,低炉温焚烧,报警
2025-03-12 21:40:00,3,预警,瞬时低炉温焚烧,预警
2025-03-12 21:45:00,3,报警,低炉温焚烧,报警
2025-03-12 21:45:00,3,预警,瞬时低炉温焚烧,预警
2025-03-12 21:50:00,3,预警,瞬时低炉温焚烧,预警
2025-03-12 21:50:00,5,预警,焚烧炉出口氧含量偏高,预警
2025-03-12 21:50:00,3,报警,低炉温焚烧,报警
2025-03-12 21:55:00,3,报警,低炉温焚烧,报警
2025-03-12 21:55:00,3,预警,瞬时低炉温焚烧,预警
2025-03-12 21:58:00,5,预警,焚烧炉出口氧含量偏高,预警
2025-03-12 22:00:00,3,预警,烟气中颗粒物（PM）浓度较高,预警
2025-03-12 22:00:00,3,报警,低炉温焚烧,报警
2025-03-12 22:00:00,3,预警,烟气中氯化氢（HCl）浓度较高,预警
2025-03-12 22:00:00,3,预警,烟气中二氧化硫（SO₂）浓度较高,预警
2025-03-12 22:00:00,3,预警,烟气中一氧化碳（CO）浓度较高,预警
2025-03-12 22:00:00,3,预警,烟气中氮氧化物（NOx）浓度较高,预警
2025-03-12 22:00:00,3,预警,瞬时低炉温焚烧,预警
2025-03-12 22:05:00,3,报警,低炉温焚烧,报警
2025-03-12 22:05:00,3,预警,瞬时低炉温焚烧,预警
2025-03-12 22:10:00,3,预警,瞬时低炉温焚烧,预警
2025-03-12 22:10:00,3,报警,低炉温焚烧,报警
2025-03-12 22:15:00,3,报警,低炉温焚烧,报警
2025-03-12 22:15:00,3,预警,瞬时低炉温焚烧,预警
2025-03-12 22:20:00,3,预警,瞬时低炉温焚烧,预警
2025-03-12 22:20:00,3,报警,低炉温焚烧,报警
2025-03-12 22:25:00,3,报警,低炉温焚烧,报警
2025-03-12 22:25:00,3,预警,瞬时低炉温焚烧,预警
2025-03-12 22:30:00,3,预警,瞬时低炉温焚烧,预警
2025-03-12 22:30:00,3,报警,低炉温焚烧,报警
2025-03-12 22:35:00,3,报警,低炉温焚烧,报警
2025-03-12 22:35:00,3,预警,瞬时低炉温焚烧,预警
2025-03-12 22:40:00,3,报警,低炉温焚烧,报警
2025-03-12 22:40:00,3,预警,瞬时低炉温焚烧,预警
2025-03-12 22:45:00,3,预警,瞬时低炉温焚烧,预警
2025-03-12 22:45:00,3,报警,低炉温焚烧,报警
2025-03-12 22:50:00,3,预警,瞬时低炉温焚烧,预警
2025-03-12 22:50:00,3,报警,低炉温焚烧,报警
2025-03-12 22:55:00,3,预警,瞬时低炉温焚烧,预警
2025-03-12 22:55:00,3,报警,低炉温焚烧,报警
2025-03-12 23:00:00,3,预警,烟气中二氧化硫（SO₂）浓度较高,预警
2025-03-12 23:00:00,3,预警,烟气中氯化氢（HCl）浓度较高,预警
2025-03-12 23:00:00,3,预警,烟气中氮氧化物（NOx）浓度较高,预警
2025-03-12 23:00:00,3,预警,瞬时低炉温焚烧,预警
2025-03-12 23:00:00,3,预警,烟气中一氧化碳（CO）浓度较高,预警
2025-03-12 23:00:00,3,报警,低炉温焚烧,报警
2025-03-12 23:00:00,3,预警,烟气中颗粒物（PM）浓度较高,预警
2025-03-12 23:05:00,3,报警,低炉温焚烧,报警
2025-03-12 23:05:00,3,预警,瞬时低炉温焚烧,预警
2025-03-12 23:10:00,3,报警,低炉温焚烧,报警
2025-03-12 23:10:00,3,预警,瞬时低炉温焚烧,预警
2025-03-12 23:15:00,3,预警,瞬时低炉温焚烧,预警
2025-03-12 23:15:00,3,报警,低炉温焚烧,报警
2025-03-12 23:20:00,3,报警,低炉温焚烧,报警
2025-03-12 23:20:00,3,预警,瞬时低炉温焚烧,预警
2025-03-12 23:20:00,5,预警,焚烧炉出口氧含量偏低,预警
2025-03-12 23:25:00,3,预警,瞬时低炉温焚烧,预警
2025-03-12 23:25:00,3,报警,低炉温焚烧,报警
2025-03-12 23:30:00,3,预警,瞬时低炉温焚烧,预警
2025-03-12 23:30:00,3,报警,低炉温焚烧,报警
2025-03-12 23:35:00,3,报警,低炉温焚烧,报警
2025-03-12 23:35:00,3,预警,瞬时低炉温焚烧,预警
2025-03-12 23:40:00,3,预警,瞬时低炉温焚烧,预警
2025-03-12 23:40:00,3,报警,低炉温焚烧,报警
2025-03-12 23:45:00,3,预警,瞬时低炉温焚烧,预警
2025-03-12 23:45:00,3,报警,低炉温焚烧,报警
2025-03-12 23:50:00,3,预警,瞬时低炉温焚烧,预警
2025-03-12 23:50:00,3,报警,低炉温焚烧,报警
2025-03-12 23:55:00,3,报警,低炉温焚烧,报警
2025-03-12 23:55:00,3,预警,瞬时低炉温焚烧,预警
