﻿时间,炉号,预警/报警类型,预警/报警事件,预警/报警区分
2025-03-22 00:00:00,4,预警,焚烧炉出口氧含量偏高,预警
2025-03-22 00:00:00,6,预警,焚烧炉出口氧含量偏高,预警
2025-03-22 00:00:00,5,预警,焚烧炉出口氧含量偏高,预警
2025-03-22 00:00:00,3,预警,焚烧炉出口氧含量偏高,预警
2025-03-22 00:24:00,3,预警,焚烧炉出口氧含量偏高,预警
2025-03-22 01:14:00,5,预警,焚烧炉出口氧含量偏高,预警
2025-03-22 01:42:00,5,预警,焚烧炉出口氧含量偏高,预警
2025-03-22 02:36:00,3,预警,焚烧炉出口氧含量偏高,预警
2025-03-22 03:06:00,3,预警,焚烧炉出口氧含量偏高,预警
2025-03-22 03:24:00,3,预警,焚烧炉出口氧含量偏高,预警
2025-03-22 03:30:00,3,预警,焚烧炉出口氧含量偏高,预警
2025-03-22 03:36:00,3,预警,焚烧炉出口氧含量偏高,预警
2025-03-22 03:42:00,3,预警,焚烧炉出口氧含量偏高,预警
2025-03-22 03:48:00,6,预警,焚烧炉出口氧含量偏高,预警
2025-03-22 05:02:00,5,预警,焚烧炉出口氧含量偏低,预警
2025-03-22 05:10:00,3,预警,焚烧炉出口氧含量偏高,预警
2025-03-22 05:24:00,3,预警,焚烧炉出口氧含量偏高,预警
2025-03-22 05:42:00,3,预警,焚烧炉出口氧含量偏高,预警
2025-03-22 05:52:00,3,预警,焚烧炉出口氧含量偏高,预警
2025-03-22 05:52:00,5,预警,焚烧炉出口氧含量偏低,预警
2025-03-22 06:04:00,5,预警,焚烧炉出口氧含量偏低,预警
2025-03-22 06:36:00,4,预警,布袋除尘器压力损失偏高,预警
2025-03-22 06:46:00,3,预警,焚烧炉出口氧含量偏高,预警
2025-03-22 06:50:00,4,预警,布袋除尘器压力损失偏高,预警
2025-03-22 07:08:00,3,预警,焚烧炉出口氧含量偏高,预警
2025-03-22 07:16:00,6,预警,焚烧炉出口氧含量偏高,预警
2025-03-22 07:20:00,4,预警,布袋除尘器压力损失偏高,预警
2025-03-22 07:24:00,5,预警,焚烧炉出口氧含量偏低,预警
2025-03-22 07:26:00,6,预警,焚烧炉出口氧含量偏高,预警
2025-03-22 07:34:00,6,预警,焚烧炉出口氧含量偏高,预警
2025-03-22 07:44:00,5,预警,焚烧炉出口氧含量偏低,预警
2025-03-22 07:48:00,3,预警,焚烧炉出口氧含量偏高,预警
2025-03-22 07:52:00,6,预警,焚烧炉出口氧含量偏高,预警
2025-03-22 08:12:00,5,预警,焚烧炉出口氧含量偏低,预警
2025-03-22 08:12:00,3,预警,焚烧炉出口氧含量偏高,预警
2025-03-22 08:18:00,5,预警,焚烧炉出口氧含量偏低,预警
2025-03-22 08:28:00,3,预警,焚烧炉出口氧含量偏高,预警
2025-03-22 08:36:00,3,预警,焚烧炉出口氧含量偏高,预警
2025-03-22 09:00:00,6,预警,焚烧炉出口氧含量偏高,预警
2025-03-22 09:04:00,6,预警,焚烧炉出口氧含量偏高,预警
2025-03-22 09:18:00,6,预警,焚烧炉出口氧含量偏高,预警
2025-03-22 09:26:00,6,预警,焚烧炉出口氧含量偏高,预警
2025-03-22 09:34:00,6,预警,焚烧炉出口氧含量偏高,预警
2025-03-22 09:36:00,3,预警,焚烧炉出口氧含量偏高,预警
2025-03-22 09:42:00,3,预警,焚烧炉出口氧含量偏高,预警
2025-03-22 09:44:00,6,预警,焚烧炉出口氧含量偏高,预警
2025-03-22 09:48:00,6,预警,焚烧炉出口氧含量偏高,预警
2025-03-22 09:48:00,5,预警,焚烧炉出口氧含量偏低,预警
2025-03-22 09:50:00,3,预警,焚烧炉出口氧含量偏高,预警
2025-03-22 09:56:00,6,预警,焚烧炉出口氧含量偏高,预警
2025-03-22 09:58:00,5,预警,焚烧炉出口氧含量偏低,预警
2025-03-22 10:16:00,6,预警,焚烧炉出口氧含量偏高,预警
2025-03-22 10:22:00,5,预警,焚烧炉出口氧含量偏低,预警
2025-03-22 10:34:00,6,预警,焚烧炉出口氧含量偏高,预警
2025-03-22 11:02:00,3,预警,焚烧炉出口氧含量偏高,预警
2025-03-22 11:08:00,5,预警,焚烧炉出口氧含量偏低,预警
2025-03-22 11:14:00,3,预警,焚烧炉出口氧含量偏高,预警
2025-03-22 11:24:00,3,预警,焚烧炉出口氧含量偏高,预警
2025-03-22 11:24:00,6,预警,焚烧炉出口氧含量偏高,预警
2025-03-22 11:28:00,5,预警,焚烧炉出口氧含量偏低,预警
2025-03-22 11:34:00,3,预警,焚烧炉出口氧含量偏高,预警
2025-03-22 11:42:00,6,预警,焚烧炉出口氧含量偏高,预警
2025-03-22 11:58:00,3,预警,焚烧炉出口氧含量偏高,预警
2025-03-22 12:12:00,3,预警,焚烧炉出口氧含量偏高,预警
2025-03-22 12:22:00,6,预警,焚烧炉出口氧含量偏高,预警
2025-03-22 12:50:00,6,预警,焚烧炉出口氧含量偏高,预警
2025-03-22 12:56:00,6,预警,焚烧炉出口氧含量偏高,预警
2025-03-22 13:12:00,6,预警,焚烧炉出口氧含量偏高,预警
2025-03-22 13:18:00,5,预警,焚烧炉出口氧含量偏低,预警
2025-03-22 13:38:00,6,预警,焚烧炉出口氧含量偏高,预警
2025-03-22 13:50:00,6,预警,焚烧炉出口氧含量偏高,预警
2025-03-22 14:16:00,6,预警,焚烧炉出口氧含量偏高,预警
2025-03-22 14:30:00,5,预警,焚烧炉出口氧含量偏低,预警
2025-03-22 14:32:00,6,预警,焚烧炉出口氧含量偏高,预警
2025-03-22 14:40:00,6,预警,焚烧炉出口氧含量偏高,预警
2025-03-22 14:44:00,6,预警,焚烧炉出口氧含量偏高,预警
2025-03-22 14:48:00,3,预警,焚烧炉出口氧含量偏高,预警
2025-03-22 14:56:00,6,预警,焚烧炉出口氧含量偏高,预警
2025-03-22 14:58:00,5,预警,焚烧炉出口氧含量偏低,预警
2025-03-22 14:58:00,3,预警,焚烧炉出口氧含量偏高,预警
2025-03-22 15:14:00,6,预警,焚烧炉出口氧含量偏高,预警
2025-03-22 16:25:00,5,报警,低炉温焚烧,报警
2025-03-22 16:25:00,5,预警,瞬时低炉温焚烧,预警
2025-03-22 16:30:00,5,预警,瞬时低炉温焚烧,预警
2025-03-22 16:30:00,5,报警,低炉温焚烧,报警
2025-03-22 16:32:00,3,预警,焚烧炉出口氧含量偏高,预警
2025-03-22 16:42:00,6,预警,焚烧炉出口氧含量偏高,预警
2025-03-22 17:10:00,6,预警,焚烧炉出口氧含量偏高,预警
2025-03-22 17:16:00,6,预警,焚烧炉出口氧含量偏高,预警
2025-03-22 17:56:00,6,预警,焚烧炉出口氧含量偏高,预警
2025-03-22 19:50:00,5,预警,瞬时低炉温焚烧,预警
2025-03-22 19:50:00,5,报警,低炉温焚烧,报警
2025-03-22 19:55:00,5,预警,瞬时低炉温焚烧,预警
2025-03-22 19:55:00,5,报警,低炉温焚烧,报警
2025-03-22 22:12:00,3,预警,焚烧炉出口氧含量偏高,预警
