﻿时间,炉号,预警/报警类型,预警/报警事件,预警/报警区分
2025-05-03 00:00:00,6,预警,瞬时低炉温焚烧,预警
2025-05-03 00:00:00,6,预警,烟气中氮氧化物（NOx）浓度较高,预警
2025-05-03 00:00:00,6,预警,烟气中氯化氢（HCl）浓度较高,预警
2025-05-03 00:00:00,6,报警,低炉温焚烧,报警
2025-05-03 00:00:00,4,预警,焚烧炉出口氧含量偏高,预警
2025-05-03 00:00:00,3,预警,焚烧炉出口氧含量偏高,预警
2025-05-03 00:00:00,6,预警,布袋除尘器压力损失偏低,预警
2025-05-03 00:00:00,6,预警,烟气中颗粒物（PM）浓度较高,预警
2025-05-03 00:00:00,6,预警,焚烧炉出口氧含量偏高,预警
2025-05-03 00:04:00,4,预警,布袋除尘器压力损失偏高,预警
2025-05-03 00:05:00,6,预警,瞬时低炉温焚烧,预警
2025-05-03 00:05:00,6,报警,低炉温焚烧,报警
2025-05-03 00:08:00,4,预警,布袋除尘器压力损失偏高,预警
2025-05-03 00:10:00,6,预警,瞬时低炉温焚烧,预警
2025-05-03 00:10:00,6,报警,低炉温焚烧,报警
2025-05-03 00:15:00,6,预警,瞬时低炉温焚烧,预警
2025-05-03 00:15:00,6,报警,低炉温焚烧,报警
2025-05-03 00:16:00,5,预警,焚烧炉出口氧含量偏低,预警
2025-05-03 00:18:00,4,预警,布袋除尘器压力损失偏高,预警
2025-05-03 00:20:00,6,报警,低炉温焚烧,报警
2025-05-03 00:20:00,6,预警,瞬时低炉温焚烧,预警
2025-05-03 00:25:00,6,报警,低炉温焚烧,报警
2025-05-03 00:25:00,6,预警,瞬时低炉温焚烧,预警
2025-05-03 00:30:00,6,预警,瞬时低炉温焚烧,预警
2025-05-03 00:30:00,6,报警,低炉温焚烧,报警
2025-05-03 00:35:00,6,预警,瞬时低炉温焚烧,预警
2025-05-03 00:35:00,6,报警,低炉温焚烧,报警
2025-05-03 00:38:00,5,预警,焚烧炉出口氧含量偏低,预警
2025-05-03 00:40:00,6,预警,瞬时低炉温焚烧,预警
2025-05-03 00:40:00,6,报警,低炉温焚烧,报警
2025-05-03 00:45:00,6,预警,瞬时低炉温焚烧,预警
2025-05-03 00:45:00,6,报警,低炉温焚烧,报警
2025-05-03 00:50:00,6,预警,瞬时低炉温焚烧,预警
2025-05-03 00:50:00,6,报警,低炉温焚烧,报警
2025-05-03 00:54:00,5,预警,焚烧炉出口氧含量偏低,预警
2025-05-03 00:55:00,6,预警,瞬时低炉温焚烧,预警
2025-05-03 00:55:00,6,报警,低炉温焚烧,报警
2025-05-03 01:00:00,6,预警,烟气中氯化氢（HCl）浓度较高,预警
2025-05-03 01:00:00,6,预警,烟气中氮氧化物（NOx）浓度较高,预警
2025-05-03 01:00:00,6,预警,烟气中颗粒物（PM）浓度较高,预警
2025-05-03 01:00:00,6,预警,瞬时低炉温焚烧,预警
2025-05-03 01:00:00,6,报警,低炉温焚烧,报警
2025-05-03 01:05:00,6,报警,低炉温焚烧,报警
2025-05-03 01:05:00,6,预警,瞬时低炉温焚烧,预警
2025-05-03 01:08:00,5,预警,焚烧炉出口氧含量偏低,预警
2025-05-03 01:10:00,6,预警,瞬时低炉温焚烧,预警
2025-05-03 01:10:00,6,报警,低炉温焚烧,报警
2025-05-03 01:15:00,6,预警,瞬时低炉温焚烧,预警
2025-05-03 01:15:00,6,报警,低炉温焚烧,报警
2025-05-03 01:20:00,6,报警,低炉温焚烧,报警
2025-05-03 01:20:00,6,预警,瞬时低炉温焚烧,预警
2025-05-03 01:25:00,6,报警,低炉温焚烧,报警
2025-05-03 01:25:00,6,预警,瞬时低炉温焚烧,预警
2025-05-03 01:28:00,5,预警,焚烧炉出口氧含量偏低,预警
2025-05-03 01:30:00,6,预警,瞬时低炉温焚烧,预警
2025-05-03 01:30:00,6,报警,低炉温焚烧,报警
2025-05-03 01:34:00,5,预警,焚烧炉出口氧含量偏低,预警
2025-05-03 01:35:00,6,预警,瞬时低炉温焚烧,预警
2025-05-03 01:35:00,6,报警,低炉温焚烧,报警
2025-05-03 01:40:00,6,预警,瞬时低炉温焚烧,预警
2025-05-03 01:40:00,6,报警,低炉温焚烧,报警
2025-05-03 01:45:00,6,预警,瞬时低炉温焚烧,预警
2025-05-03 01:45:00,6,报警,低炉温焚烧,报警
2025-05-03 01:48:00,5,预警,焚烧炉出口氧含量偏低,预警
2025-05-03 01:50:00,6,预警,瞬时低炉温焚烧,预警
2025-05-03 01:50:00,6,报警,低炉温焚烧,报警
2025-05-03 01:52:00,5,预警,焚烧炉出口氧含量偏低,预警
2025-05-03 01:55:00,6,报警,低炉温焚烧,报警
2025-05-03 01:55:00,6,预警,瞬时低炉温焚烧,预警
2025-05-03 02:00:00,6,预警,烟气中颗粒物（PM）浓度较高,预警
2025-05-03 02:00:00,6,预警,烟气中氮氧化物（NOx）浓度较高,预警
2025-05-03 02:00:00,6,预警,烟气中氯化氢（HCl）浓度较高,预警
2025-05-03 02:00:00,6,预警,瞬时低炉温焚烧,预警
2025-05-03 02:00:00,6,报警,低炉温焚烧,报警
2025-05-03 02:05:00,6,预警,瞬时低炉温焚烧,预警
2025-05-03 02:05:00,6,报警,低炉温焚烧,报警
2025-05-03 02:10:00,6,预警,瞬时低炉温焚烧,预警
2025-05-03 02:10:00,6,报警,低炉温焚烧,报警
2025-05-03 02:15:00,6,预警,瞬时低炉温焚烧,预警
2025-05-03 02:15:00,6,报警,低炉温焚烧,报警
2025-05-03 02:20:00,6,预警,瞬时低炉温焚烧,预警
2025-05-03 02:20:00,6,报警,低炉温焚烧,报警
2025-05-03 02:22:00,3,预警,焚烧炉出口氧含量偏高,预警
2025-05-03 02:24:00,5,预警,焚烧炉出口氧含量偏低,预警
2025-05-03 02:25:00,6,报警,低炉温焚烧,报警
2025-05-03 02:25:00,6,预警,瞬时低炉温焚烧,预警
2025-05-03 02:30:00,6,预警,瞬时低炉温焚烧,预警
2025-05-03 02:30:00,6,报警,低炉温焚烧,报警
2025-05-03 02:34:00,5,预警,焚烧炉出口氧含量偏低,预警
2025-05-03 02:35:00,6,报警,低炉温焚烧,报警
2025-05-03 02:35:00,6,预警,瞬时低炉温焚烧,预警
2025-05-03 02:40:00,6,报警,低炉温焚烧,报警
2025-05-03 02:40:00,6,预警,瞬时低炉温焚烧,预警
2025-05-03 02:45:00,6,报警,低炉温焚烧,报警
2025-05-03 02:45:00,6,预警,瞬时低炉温焚烧,预警
2025-05-03 02:50:00,6,预警,瞬时低炉温焚烧,预警
2025-05-03 02:50:00,6,报警,低炉温焚烧,报警
2025-05-03 02:54:00,5,预警,焚烧炉出口氧含量偏低,预警
2025-05-03 02:55:00,6,预警,瞬时低炉温焚烧,预警
2025-05-03 02:55:00,6,报警,低炉温焚烧,报警
2025-05-03 03:00:00,6,预警,烟气中氯化氢（HCl）浓度较高,预警
2025-05-03 03:00:00,6,预警,烟气中颗粒物（PM）浓度较高,预警
2025-05-03 03:00:00,6,预警,烟气中氮氧化物（NOx）浓度较高,预警
2025-05-03 03:00:00,6,报警,低炉温焚烧,报警
2025-05-03 03:00:00,6,预警,瞬时低炉温焚烧,预警
2025-05-03 03:05:00,6,预警,瞬时低炉温焚烧,预警
2025-05-03 03:05:00,6,报警,低炉温焚烧,报警
2025-05-03 03:10:00,6,报警,低炉温焚烧,报警
2025-05-03 03:10:00,6,预警,瞬时低炉温焚烧,预警
2025-05-03 03:15:00,6,预警,瞬时低炉温焚烧,预警
2025-05-03 03:15:00,6,报警,低炉温焚烧,报警
2025-05-03 03:20:00,6,报警,低炉温焚烧,报警
2025-05-03 03:20:00,6,预警,瞬时低炉温焚烧,预警
2025-05-03 03:25:00,6,预警,瞬时低炉温焚烧,预警
2025-05-03 03:25:00,6,报警,低炉温焚烧,报警
2025-05-03 03:30:00,6,报警,低炉温焚烧,报警
2025-05-03 03:30:00,6,预警,瞬时低炉温焚烧,预警
2025-05-03 03:35:00,6,报警,低炉温焚烧,报警
2025-05-03 03:35:00,6,预警,瞬时低炉温焚烧,预警
2025-05-03 03:40:00,6,报警,低炉温焚烧,报警
2025-05-03 03:40:00,6,预警,瞬时低炉温焚烧,预警
2025-05-03 03:44:00,5,预警,焚烧炉出口氧含量偏低,预警
2025-05-03 03:45:00,6,报警,低炉温焚烧,报警
2025-05-03 03:45:00,6,预警,瞬时低炉温焚烧,预警
2025-05-03 03:50:00,6,预警,瞬时低炉温焚烧,预警
2025-05-03 03:50:00,6,报警,低炉温焚烧,报警
2025-05-03 03:55:00,6,预警,瞬时低炉温焚烧,预警
2025-05-03 03:55:00,6,报警,低炉温焚烧,报警
2025-05-03 04:00:00,6,预警,烟气中氮氧化物（NOx）浓度较高,预警
2025-05-03 04:00:00,6,预警,瞬时低炉温焚烧,预警
2025-05-03 04:00:00,6,报警,低炉温焚烧,报警
2025-05-03 04:00:00,6,预警,烟气中颗粒物（PM）浓度较高,预警
2025-05-03 04:00:00,6,预警,烟气中氯化氢（HCl）浓度较高,预警
2025-05-03 04:05:00,6,预警,瞬时低炉温焚烧,预警
2025-05-03 04:05:00,6,报警,低炉温焚烧,报警
2025-05-03 04:10:00,6,报警,低炉温焚烧,报警
2025-05-03 04:10:00,6,预警,瞬时低炉温焚烧,预警
2025-05-03 04:15:00,6,报警,低炉温焚烧,报警
2025-05-03 04:15:00,6,预警,瞬时低炉温焚烧,预警
2025-05-03 04:20:00,6,预警,瞬时低炉温焚烧,预警
2025-05-03 04:20:00,6,报警,低炉温焚烧,报警
2025-05-03 04:22:00,5,预警,焚烧炉出口氧含量偏低,预警
2025-05-03 04:25:00,6,预警,瞬时低炉温焚烧,预警
2025-05-03 04:25:00,6,报警,低炉温焚烧,报警
2025-05-03 04:26:00,5,预警,焚烧炉出口氧含量偏低,预警
2025-05-03 04:30:00,6,预警,瞬时低炉温焚烧,预警
2025-05-03 04:30:00,6,报警,低炉温焚烧,报警
2025-05-03 04:35:00,6,报警,低炉温焚烧,报警
2025-05-03 04:35:00,6,预警,瞬时低炉温焚烧,预警
2025-05-03 04:36:00,5,预警,焚烧炉出口氧含量偏低,预警
2025-05-03 04:40:00,6,预警,瞬时低炉温焚烧,预警
2025-05-03 04:40:00,6,报警,低炉温焚烧,报警
2025-05-03 04:42:00,5,预警,焚烧炉出口氧含量偏低,预警
2025-05-03 04:45:00,6,预警,瞬时低炉温焚烧,预警
2025-05-03 04:45:00,6,报警,低炉温焚烧,报警
2025-05-03 04:50:00,6,预警,瞬时低炉温焚烧,预警
2025-05-03 04:50:00,6,报警,低炉温焚烧,报警
2025-05-03 04:55:00,6,报警,低炉温焚烧,报警
2025-05-03 04:55:00,6,预警,瞬时低炉温焚烧,预警
2025-05-03 05:00:00,6,报警,低炉温焚烧,报警
2025-05-03 05:00:00,6,预警,瞬时低炉温焚烧,预警
2025-05-03 05:00:00,5,预警,焚烧炉出口氧含量偏低,预警
2025-05-03 05:05:00,6,预警,瞬时低炉温焚烧,预警
2025-05-03 05:05:00,6,报警,低炉温焚烧,报警
2025-05-03 05:10:00,6,预警,瞬时低炉温焚烧,预警
2025-05-03 05:10:00,6,报警,低炉温焚烧,报警
2025-05-03 05:14:00,5,预警,焚烧炉出口氧含量偏低,预警
2025-05-03 05:15:00,6,预警,瞬时低炉温焚烧,预警
2025-05-03 05:15:00,6,报警,低炉温焚烧,报警
2025-05-03 05:20:00,6,报警,低炉温焚烧,报警
2025-05-03 05:20:00,6,预警,瞬时低炉温焚烧,预警
2025-05-03 05:25:00,6,预警,瞬时低炉温焚烧,预警
2025-05-03 05:25:00,6,报警,低炉温焚烧,报警
2025-05-03 05:30:00,6,报警,低炉温焚烧,报警
2025-05-03 05:30:00,6,预警,瞬时低炉温焚烧,预警
2025-05-03 05:32:00,5,预警,焚烧炉出口氧含量偏低,预警
2025-05-03 05:35:00,6,报警,低炉温焚烧,报警
2025-05-03 05:35:00,6,预警,瞬时低炉温焚烧,预警
2025-05-03 05:40:00,6,预警,瞬时低炉温焚烧,预警
2025-05-03 05:40:00,5,预警,焚烧炉出口氧含量偏低,预警
2025-05-03 05:40:00,6,报警,低炉温焚烧,报警
2025-05-03 05:45:00,6,报警,低炉温焚烧,报警
2025-05-03 05:45:00,6,预警,瞬时低炉温焚烧,预警
2025-05-03 05:50:00,6,预警,瞬时低炉温焚烧,预警
2025-05-03 05:50:00,6,报警,低炉温焚烧,报警
2025-05-03 05:54:00,3,预警,焚烧炉出口氧含量偏高,预警
2025-05-03 05:55:00,6,预警,瞬时低炉温焚烧,预警
2025-05-03 05:55:00,6,报警,低炉温焚烧,报警
2025-05-03 06:00:00,6,预警,瞬时低炉温焚烧,预警
2025-05-03 06:00:00,6,报警,低炉温焚烧,报警
2025-05-03 06:05:00,6,预警,瞬时低炉温焚烧,预警
2025-05-03 06:05:00,6,报警,低炉温焚烧,报警
2025-05-03 06:10:00,6,预警,瞬时低炉温焚烧,预警
2025-05-03 06:10:00,6,报警,低炉温焚烧,报警
2025-05-03 06:12:00,5,预警,焚烧炉出口氧含量偏低,预警
2025-05-03 06:15:00,6,预警,瞬时低炉温焚烧,预警
2025-05-03 06:15:00,6,报警,低炉温焚烧,报警
2025-05-03 06:20:00,6,报警,低炉温焚烧,报警
2025-05-03 06:20:00,6,预警,瞬时低炉温焚烧,预警
2025-05-03 06:25:00,6,报警,低炉温焚烧,报警
2025-05-03 06:25:00,6,预警,瞬时低炉温焚烧,预警
2025-05-03 06:30:00,6,报警,低炉温焚烧,报警
2025-05-03 06:30:00,6,预警,瞬时低炉温焚烧,预警
2025-05-03 06:35:00,6,报警,低炉温焚烧,报警
2025-05-03 06:35:00,6,预警,瞬时低炉温焚烧,预警
2025-05-03 06:40:00,5,预警,焚烧炉出口氧含量偏低,预警
2025-05-03 06:40:00,6,预警,瞬时低炉温焚烧,预警
2025-05-03 06:40:00,6,报警,低炉温焚烧,报警
2025-05-03 06:45:00,6,预警,瞬时低炉温焚烧,预警
2025-05-03 06:45:00,6,报警,低炉温焚烧,报警
2025-05-03 06:50:00,6,预警,瞬时低炉温焚烧,预警
2025-05-03 06:50:00,6,报警,低炉温焚烧,报警
2025-05-03 06:54:00,5,预警,焚烧炉出口氧含量偏低,预警
2025-05-03 06:55:00,6,预警,瞬时低炉温焚烧,预警
2025-05-03 06:55:00,6,报警,低炉温焚烧,报警
2025-05-03 06:58:00,3,预警,焚烧炉出口氧含量偏高,预警
2025-05-03 07:00:00,6,预警,瞬时低炉温焚烧,预警
2025-05-03 07:00:00,6,报警,低炉温焚烧,报警
2025-05-03 07:04:00,5,预警,焚烧炉出口氧含量偏低,预警
2025-05-03 07:05:00,6,预警,瞬时低炉温焚烧,预警
2025-05-03 07:05:00,6,报警,低炉温焚烧,报警
2025-05-03 07:10:00,6,报警,低炉温焚烧,报警
2025-05-03 07:10:00,6,预警,瞬时低炉温焚烧,预警
2025-05-03 07:15:00,6,预警,瞬时低炉温焚烧,预警
2025-05-03 07:15:00,6,报警,低炉温焚烧,报警
2025-05-03 07:20:00,6,报警,低炉温焚烧,报警
2025-05-03 07:20:00,6,预警,瞬时低炉温焚烧,预警
2025-05-03 07:25:00,6,报警,低炉温焚烧,报警
2025-05-03 07:25:00,6,预警,瞬时低炉温焚烧,预警
2025-05-03 07:28:00,5,预警,焚烧炉出口氧含量偏低,预警
2025-05-03 07:30:00,6,预警,瞬时低炉温焚烧,预警
2025-05-03 07:30:00,6,报警,低炉温焚烧,报警
2025-05-03 07:35:00,6,预警,瞬时低炉温焚烧,预警
2025-05-03 07:35:00,6,报警,低炉温焚烧,报警
2025-05-03 07:36:00,5,预警,焚烧炉出口氧含量偏低,预警
2025-05-03 07:40:00,6,预警,瞬时低炉温焚烧,预警
2025-05-03 07:40:00,6,报警,低炉温焚烧,报警
2025-05-03 07:45:00,6,预警,瞬时低炉温焚烧,预警
2025-05-03 07:45:00,6,报警,低炉温焚烧,报警
2025-05-03 07:50:00,6,报警,低炉温焚烧,报警
2025-05-03 07:50:00,6,预警,瞬时低炉温焚烧,预警
2025-05-03 07:55:00,6,预警,瞬时低炉温焚烧,预警
2025-05-03 07:55:00,6,报警,低炉温焚烧,报警
2025-05-03 07:58:00,5,预警,焚烧炉出口氧含量偏低,预警
2025-05-03 08:00:00,6,预警,瞬时低炉温焚烧,预警
2025-05-03 08:00:00,6,报警,低炉温焚烧,报警
2025-05-03 08:05:00,6,报警,低炉温焚烧,报警
2025-05-03 08:05:00,6,预警,瞬时低炉温焚烧,预警
2025-05-03 08:08:00,5,预警,焚烧炉出口氧含量偏低,预警
2025-05-03 08:10:00,6,预警,瞬时低炉温焚烧,预警
2025-05-03 08:10:00,6,报警,低炉温焚烧,报警
2025-05-03 08:10:00,4,预警,布袋除尘器压力损失偏高,预警
2025-05-03 08:14:00,4,预警,布袋除尘器压力损失偏高,预警
2025-05-03 08:14:00,5,预警,焚烧炉出口氧含量偏低,预警
2025-05-03 08:15:00,6,报警,低炉温焚烧,报警
2025-05-03 08:15:00,6,预警,瞬时低炉温焚烧,预警
2025-05-03 08:20:00,6,报警,低炉温焚烧,报警
2025-05-03 08:20:00,6,预警,瞬时低炉温焚烧,预警
2025-05-03 08:25:00,6,报警,低炉温焚烧,报警
2025-05-03 08:25:00,6,预警,瞬时低炉温焚烧,预警
2025-05-03 08:30:00,6,预警,瞬时低炉温焚烧,预警
2025-05-03 08:30:00,6,报警,低炉温焚烧,报警
2025-05-03 08:30:00,4,预警,布袋除尘器压力损失偏高,预警
2025-05-03 08:35:00,6,预警,瞬时低炉温焚烧,预警
2025-05-03 08:35:00,6,报警,低炉温焚烧,报警
2025-05-03 08:40:00,6,报警,低炉温焚烧,报警
2025-05-03 08:40:00,6,预警,瞬时低炉温焚烧,预警
2025-05-03 08:45:00,6,预警,瞬时低炉温焚烧,预警
2025-05-03 08:45:00,6,报警,低炉温焚烧,报警
2025-05-03 08:50:00,6,预警,瞬时低炉温焚烧,预警
2025-05-03 08:50:00,6,报警,低炉温焚烧,报警
2025-05-03 08:55:00,6,预警,瞬时低炉温焚烧,预警
2025-05-03 08:55:00,6,报警,低炉温焚烧,报警
2025-05-03 09:00:00,6,报警,低炉温焚烧,报警
2025-05-03 09:00:00,6,预警,瞬时低炉温焚烧,预警
2025-05-03 09:05:00,6,报警,低炉温焚烧,报警
2025-05-03 09:05:00,6,预警,瞬时低炉温焚烧,预警
2025-05-03 09:10:00,6,报警,低炉温焚烧,报警
2025-05-03 09:10:00,6,预警,瞬时低炉温焚烧,预警
2025-05-03 09:15:00,6,预警,瞬时低炉温焚烧,预警
2025-05-03 09:15:00,6,报警,低炉温焚烧,报警
2025-05-03 09:20:00,6,报警,低炉温焚烧,报警
2025-05-03 09:20:00,6,预警,瞬时低炉温焚烧,预警
2025-05-03 09:20:00,5,预警,焚烧炉出口氧含量偏低,预警
2025-05-03 09:25:00,6,报警,低炉温焚烧,报警
2025-05-03 09:25:00,6,预警,瞬时低炉温焚烧,预警
2025-05-03 09:30:00,6,预警,瞬时低炉温焚烧,预警
2025-05-03 09:30:00,5,预警,焚烧炉出口氧含量偏低,预警
2025-05-03 09:30:00,6,报警,低炉温焚烧,报警
2025-05-03 09:35:00,6,预警,瞬时低炉温焚烧,预警
2025-05-03 09:35:00,6,报警,低炉温焚烧,报警
2025-05-03 09:40:00,6,报警,低炉温焚烧,报警
2025-05-03 09:40:00,6,预警,瞬时低炉温焚烧,预警
2025-05-03 09:40:00,5,预警,焚烧炉出口氧含量偏低,预警
2025-05-03 09:45:00,6,报警,低炉温焚烧,报警
2025-05-03 09:45:00,6,预警,瞬时低炉温焚烧,预警
2025-05-03 09:50:00,6,报警,低炉温焚烧,报警
2025-05-03 09:50:00,6,预警,瞬时低炉温焚烧,预警
2025-05-03 09:52:00,5,预警,焚烧炉出口氧含量偏低,预警
2025-05-03 09:55:00,6,报警,低炉温焚烧,报警
2025-05-03 09:55:00,6,预警,瞬时低炉温焚烧,预警
2025-05-03 10:00:00,6,预警,瞬时低炉温焚烧,预警
2025-05-03 10:00:00,6,报警,低炉温焚烧,报警
2025-05-03 10:05:00,6,报警,低炉温焚烧,报警
2025-05-03 10:05:00,6,预警,瞬时低炉温焚烧,预警
2025-05-03 10:06:00,5,预警,焚烧炉出口氧含量偏低,预警
2025-05-03 10:10:00,6,报警,低炉温焚烧,报警
2025-05-03 10:10:00,6,预警,瞬时低炉温焚烧,预警
2025-05-03 10:15:00,6,预警,瞬时低炉温焚烧,预警
2025-05-03 10:15:00,6,报警,低炉温焚烧,报警
2025-05-03 10:20:00,6,预警,瞬时低炉温焚烧,预警
2025-05-03 10:20:00,6,报警,低炉温焚烧,报警
2025-05-03 10:25:00,6,预警,瞬时低炉温焚烧,预警
2025-05-03 10:25:00,6,报警,低炉温焚烧,报警
2025-05-03 10:30:00,6,报警,低炉温焚烧,报警
2025-05-03 10:30:00,6,预警,瞬时低炉温焚烧,预警
2025-05-03 10:32:00,5,预警,焚烧炉出口氧含量偏低,预警
2025-05-03 10:35:00,6,预警,瞬时低炉温焚烧,预警
2025-05-03 10:35:00,6,报警,低炉温焚烧,报警
2025-05-03 10:40:00,6,预警,瞬时低炉温焚烧,预警
2025-05-03 10:40:00,6,报警,低炉温焚烧,报警
2025-05-03 10:45:00,6,报警,低炉温焚烧,报警
2025-05-03 10:45:00,6,预警,瞬时低炉温焚烧,预警
2025-05-03 10:50:00,6,预警,瞬时低炉温焚烧,预警
2025-05-03 10:50:00,6,报警,低炉温焚烧,报警
2025-05-03 10:55:00,6,预警,瞬时低炉温焚烧,预警
2025-05-03 10:55:00,6,报警,低炉温焚烧,报警
2025-05-03 10:56:00,5,预警,焚烧炉出口氧含量偏低,预警
2025-05-03 11:00:00,6,预警,瞬时低炉温焚烧,预警
2025-05-03 11:00:00,6,报警,低炉温焚烧,报警
2025-05-03 11:04:00,5,预警,焚烧炉出口氧含量偏低,预警
2025-05-03 11:05:00,6,预警,瞬时低炉温焚烧,预警
2025-05-03 11:05:00,6,报警,低炉温焚烧,报警
2025-05-03 11:10:00,6,报警,低炉温焚烧,报警
2025-05-03 11:10:00,6,预警,瞬时低炉温焚烧,预警
2025-05-03 11:15:00,6,报警,低炉温焚烧,报警
2025-05-03 11:15:00,6,预警,瞬时低炉温焚烧,预警
2025-05-03 11:16:00,3,预警,焚烧炉出口氧含量偏高,预警
2025-05-03 11:20:00,6,预警,瞬时低炉温焚烧,预警
2025-05-03 11:20:00,6,报警,低炉温焚烧,报警
2025-05-03 11:25:00,6,报警,低炉温焚烧,报警
2025-05-03 11:25:00,6,预警,瞬时低炉温焚烧,预警
2025-05-03 11:28:00,5,预警,焚烧炉出口氧含量偏低,预警
2025-05-03 11:30:00,6,预警,瞬时低炉温焚烧,预警
2025-05-03 11:30:00,6,报警,低炉温焚烧,报警
2025-05-03 11:35:00,6,预警,瞬时低炉温焚烧,预警
2025-05-03 11:35:00,6,报警,低炉温焚烧,报警
2025-05-03 11:40:00,6,预警,瞬时低炉温焚烧,预警
2025-05-03 11:40:00,6,报警,低炉温焚烧,报警
2025-05-03 11:42:00,5,预警,焚烧炉出口氧含量偏低,预警
2025-05-03 11:45:00,6,预警,瞬时低炉温焚烧,预警
2025-05-03 11:45:00,6,报警,低炉温焚烧,报警
2025-05-03 11:46:00,3,预警,焚烧炉出口氧含量偏高,预警
2025-05-03 11:50:00,6,报警,低炉温焚烧,报警
2025-05-03 11:50:00,6,预警,瞬时低炉温焚烧,预警
2025-05-03 11:55:00,6,预警,瞬时低炉温焚烧,预警
2025-05-03 11:55:00,6,报警,低炉温焚烧,报警
2025-05-03 11:56:00,3,预警,焚烧炉出口氧含量偏高,预警
2025-05-03 12:00:00,6,预警,瞬时低炉温焚烧,预警
2025-05-03 12:00:00,4,预警,布袋除尘器压力损失偏高,预警
2025-05-03 12:00:00,3,预警,焚烧炉出口氧含量偏高,预警
2025-05-03 12:00:00,6,报警,低炉温焚烧,报警
2025-05-03 12:05:00,6,预警,瞬时低炉温焚烧,预警
2025-05-03 12:05:00,6,报警,低炉温焚烧,报警
2025-05-03 12:10:00,6,报警,低炉温焚烧,报警
2025-05-03 12:10:00,6,预警,瞬时低炉温焚烧,预警
2025-05-03 12:12:00,3,预警,焚烧炉出口氧含量偏高,预警
2025-05-03 12:15:00,6,报警,低炉温焚烧,报警
2025-05-03 12:15:00,6,预警,瞬时低炉温焚烧,预警
2025-05-03 12:20:00,6,报警,低炉温焚烧,报警
2025-05-03 12:20:00,6,预警,瞬时低炉温焚烧,预警
2025-05-03 12:20:00,5,预警,焚烧炉出口氧含量偏低,预警
2025-05-03 12:24:00,5,预警,焚烧炉出口氧含量偏低,预警
2025-05-03 12:25:00,6,报警,低炉温焚烧,报警
2025-05-03 12:25:00,6,预警,瞬时低炉温焚烧,预警
2025-05-03 12:30:00,6,报警,低炉温焚烧,报警
2025-05-03 12:30:00,6,预警,瞬时低炉温焚烧,预警
2025-05-03 12:35:00,6,报警,低炉温焚烧,报警
2025-05-03 12:35:00,6,预警,瞬时低炉温焚烧,预警
2025-05-03 12:36:00,5,预警,焚烧炉出口氧含量偏低,预警
2025-05-03 12:40:00,6,预警,瞬时低炉温焚烧,预警
2025-05-03 12:40:00,6,报警,低炉温焚烧,报警
2025-05-03 12:45:00,6,报警,低炉温焚烧,报警
2025-05-03 12:45:00,6,预警,瞬时低炉温焚烧,预警
2025-05-03 12:50:00,6,报警,低炉温焚烧,报警
2025-05-03 12:50:00,6,预警,瞬时低炉温焚烧,预警
2025-05-03 12:55:00,6,预警,瞬时低炉温焚烧,预警
2025-05-03 12:55:00,6,报警,低炉温焚烧,报警
2025-05-03 12:56:00,5,预警,焚烧炉出口氧含量偏低,预警
2025-05-03 13:00:00,6,预警,瞬时低炉温焚烧,预警
2025-05-03 13:00:00,6,报警,低炉温焚烧,报警
2025-05-03 13:00:00,5,预警,焚烧炉出口氧含量偏低,预警
2025-05-03 13:05:00,6,预警,瞬时低炉温焚烧,预警
2025-05-03 13:05:00,6,报警,低炉温焚烧,报警
2025-05-03 13:06:00,5,预警,焚烧炉出口氧含量偏低,预警
2025-05-03 13:10:00,6,报警,低炉温焚烧,报警
2025-05-03 13:10:00,6,预警,瞬时低炉温焚烧,预警
2025-05-03 13:10:01,5,预警,焚烧炉出口氧含量偏低,预警
2025-05-03 13:15:00,6,预警,瞬时低炉温焚烧,预警
2025-05-03 13:15:00,6,报警,低炉温焚烧,报警
2025-05-03 13:16:00,5,预警,焚烧炉出口氧含量偏低,预警
2025-05-03 13:20:00,6,报警,低炉温焚烧,报警
2025-05-03 13:20:00,3,预警,焚烧炉出口氧含量偏高,预警
2025-05-03 13:20:00,5,预警,焚烧炉出口氧含量偏低,预警
2025-05-03 13:20:00,6,预警,瞬时低炉温焚烧,预警
2025-05-03 13:25:00,6,预警,瞬时低炉温焚烧,预警
2025-05-03 13:25:00,6,报警,低炉温焚烧,报警
2025-05-03 13:26:00,5,预警,焚烧炉出口氧含量偏低,预警
2025-05-03 13:30:00,6,预警,瞬时低炉温焚烧,预警
2025-05-03 13:30:00,5,预警,焚烧炉出口氧含量偏低,预警
2025-05-03 13:30:00,6,报警,低炉温焚烧,报警
2025-05-03 13:34:00,5,预警,焚烧炉出口氧含量偏低,预警
2025-05-03 13:34:00,3,预警,焚烧炉出口氧含量偏高,预警
2025-05-03 13:35:00,6,预警,瞬时低炉温焚烧,预警
2025-05-03 13:35:00,6,报警,低炉温焚烧,报警
2025-05-03 13:40:00,6,报警,低炉温焚烧,报警
2025-05-03 13:40:00,5,预警,焚烧炉出口氧含量偏低,预警
2025-05-03 13:40:00,6,预警,瞬时低炉温焚烧,预警
2025-05-03 13:44:00,5,预警,焚烧炉出口氧含量偏低,预警
2025-05-03 13:45:00,6,预警,瞬时低炉温焚烧,预警
2025-05-03 13:45:00,6,报警,低炉温焚烧,报警
2025-05-03 13:50:00,6,报警,低炉温焚烧,报警
2025-05-03 13:50:00,6,预警,瞬时低炉温焚烧,预警
2025-05-03 13:55:00,6,报警,低炉温焚烧,报警
2025-05-03 13:55:00,6,预警,瞬时低炉温焚烧,预警
2025-05-03 13:58:00,5,预警,焚烧炉出口氧含量偏高,预警
2025-05-03 14:00:00,6,报警,低炉温焚烧,报警
2025-05-03 14:00:00,6,预警,瞬时低炉温焚烧,预警
2025-05-03 14:05:00,6,报警,低炉温焚烧,报警
2025-05-03 14:05:00,6,预警,瞬时低炉温焚烧,预警
2025-05-03 14:06:00,5,预警,焚烧炉出口氧含量偏低,预警
2025-05-03 14:10:00,6,报警,低炉温焚烧,报警
2025-05-03 14:10:00,6,预警,瞬时低炉温焚烧,预警
2025-05-03 14:15:00,6,预警,瞬时低炉温焚烧,预警
2025-05-03 14:15:00,6,报警,低炉温焚烧,报警
2025-05-03 14:16:00,5,预警,焚烧炉出口氧含量偏低,预警
2025-05-03 14:20:00,6,报警,低炉温焚烧,报警
2025-05-03 14:20:00,6,预警,瞬时低炉温焚烧,预警
2025-05-03 14:25:00,6,预警,瞬时低炉温焚烧,预警
2025-05-03 14:25:00,6,报警,低炉温焚烧,报警
2025-05-03 14:30:00,5,预警,焚烧炉出口氧含量偏低,预警
2025-05-03 14:30:00,6,预警,瞬时低炉温焚烧,预警
2025-05-03 14:30:00,6,报警,低炉温焚烧,报警
2025-05-03 14:35:00,6,报警,低炉温焚烧,报警
2025-05-03 14:35:00,6,预警,瞬时低炉温焚烧,预警
2025-05-03 14:40:00,6,报警,低炉温焚烧,报警
2025-05-03 14:40:00,6,预警,瞬时低炉温焚烧,预警
2025-05-03 14:45:00,6,报警,低炉温焚烧,报警
2025-05-03 14:45:00,6,预警,瞬时低炉温焚烧,预警
2025-05-03 14:50:00,6,报警,低炉温焚烧,报警
2025-05-03 14:50:00,5,预警,焚烧炉出口氧含量偏低,预警
2025-05-03 14:50:00,6,预警,瞬时低炉温焚烧,预警
2025-05-03 14:55:00,6,预警,瞬时低炉温焚烧,预警
2025-05-03 14:55:00,6,报警,低炉温焚烧,报警
2025-05-03 15:00:00,5,预警,焚烧炉出口氧含量偏低,预警
2025-05-03 15:00:00,6,报警,低炉温焚烧,报警
2025-05-03 15:00:00,6,预警,瞬时低炉温焚烧,预警
2025-05-03 15:05:00,6,预警,瞬时低炉温焚烧,预警
2025-05-03 15:05:00,6,报警,低炉温焚烧,报警
2025-05-03 15:10:00,6,报警,低炉温焚烧,报警
2025-05-03 15:10:00,6,预警,瞬时低炉温焚烧,预警
2025-05-03 15:15:00,6,预警,瞬时低炉温焚烧,预警
2025-05-03 15:15:00,6,报警,低炉温焚烧,报警
2025-05-03 15:16:01,5,预警,焚烧炉出口氧含量偏低,预警
2025-05-03 15:20:00,6,预警,瞬时低炉温焚烧,预警
2025-05-03 15:20:00,6,报警,低炉温焚烧,报警
2025-05-03 15:25:00,6,报警,低炉温焚烧,报警
2025-05-03 15:25:00,6,预警,瞬时低炉温焚烧,预警
2025-05-03 15:30:00,6,预警,瞬时低炉温焚烧,预警
2025-05-03 15:30:00,6,报警,低炉温焚烧,报警
2025-05-03 15:30:00,5,预警,焚烧炉出口氧含量偏低,预警
2025-05-03 15:35:00,6,预警,瞬时低炉温焚烧,预警
2025-05-03 15:35:00,6,报警,低炉温焚烧,报警
2025-05-03 15:40:00,6,预警,瞬时低炉温焚烧,预警
2025-05-03 15:40:00,6,报警,低炉温焚烧,报警
2025-05-03 15:42:00,5,预警,焚烧炉出口氧含量偏低,预警
2025-05-03 15:45:00,6,预警,瞬时低炉温焚烧,预警
2025-05-03 15:45:00,6,报警,低炉温焚烧,报警
2025-05-03 15:50:00,6,报警,低炉温焚烧,报警
2025-05-03 15:50:00,5,预警,焚烧炉出口氧含量偏低,预警
2025-05-03 15:50:00,6,预警,瞬时低炉温焚烧,预警
2025-05-03 15:55:00,6,报警,低炉温焚烧,报警
2025-05-03 15:55:00,6,预警,瞬时低炉温焚烧,预警
2025-05-03 16:00:00,6,报警,低炉温焚烧,报警
2025-05-03 16:00:00,6,预警,瞬时低炉温焚烧,预警
2025-05-03 16:00:00,5,预警,焚烧炉出口氧含量偏低,预警
2025-05-03 16:05:00,6,预警,瞬时低炉温焚烧,预警
2025-05-03 16:05:00,6,报警,低炉温焚烧,报警
2025-05-03 16:10:00,6,预警,瞬时低炉温焚烧,预警
2025-05-03 16:10:00,6,报警,低炉温焚烧,报警
2025-05-03 16:15:00,6,报警,低炉温焚烧,报警
2025-05-03 16:15:00,6,预警,瞬时低炉温焚烧,预警
2025-05-03 16:20:00,6,报警,低炉温焚烧,报警
2025-05-03 16:20:00,6,预警,瞬时低炉温焚烧,预警
2025-05-03 16:25:00,6,预警,瞬时低炉温焚烧,预警
2025-05-03 16:25:00,6,报警,低炉温焚烧,报警
2025-05-03 16:28:00,4,预警,布袋除尘器压力损失偏高,预警
2025-05-03 16:28:00,4,预警,焚烧炉出口氧含量偏低,预警
2025-05-03 16:30:00,5,预警,焚烧炉出口氧含量偏低,预警
2025-05-03 16:30:00,6,预警,瞬时低炉温焚烧,预警
2025-05-03 16:30:00,6,报警,低炉温焚烧,报警
2025-05-03 16:32:00,4,预警,焚烧炉出口氧含量偏高,预警
2025-05-03 16:35:00,6,预警,瞬时低炉温焚烧,预警
2025-05-03 16:35:00,6,报警,低炉温焚烧,报警
2025-05-03 16:38:00,4,预警,焚烧炉出口氧含量偏低,预警
2025-05-03 16:40:00,6,预警,瞬时低炉温焚烧,预警
2025-05-03 16:40:00,6,报警,低炉温焚烧,报警
2025-05-03 16:42:00,5,预警,焚烧炉出口氧含量偏低,预警
2025-05-03 16:45:00,6,预警,瞬时低炉温焚烧,预警
2025-05-03 16:45:00,6,报警,低炉温焚烧,报警
2025-05-03 16:46:00,5,预警,焚烧炉出口氧含量偏低,预警
2025-05-03 16:50:00,4,预警,布袋除尘器压力损失偏高,预警
2025-05-03 16:50:00,6,报警,低炉温焚烧,报警
2025-05-03 16:50:00,6,预警,瞬时低炉温焚烧,预警
2025-05-03 16:52:00,5,预警,焚烧炉出口氧含量偏低,预警
2025-05-03 16:55:00,6,报警,低炉温焚烧,报警
2025-05-03 16:55:00,6,预警,瞬时低炉温焚烧,预警
2025-05-03 16:56:00,4,预警,焚烧炉出口氧含量偏高,预警
2025-05-03 17:00:00,6,报警,低炉温焚烧,报警
2025-05-03 17:00:00,5,预警,焚烧炉出口氧含量偏低,预警
2025-05-03 17:00:00,6,预警,瞬时低炉温焚烧,预警
2025-05-03 17:05:00,6,报警,低炉温焚烧,报警
2025-05-03 17:05:00,6,预警,瞬时低炉温焚烧,预警
2025-05-03 17:10:00,6,预警,瞬时低炉温焚烧,预警
2025-05-03 17:10:00,6,报警,低炉温焚烧,报警
2025-05-03 17:15:00,6,报警,低炉温焚烧,报警
2025-05-03 17:15:00,6,预警,瞬时低炉温焚烧,预警
2025-05-03 17:16:00,5,预警,焚烧炉出口氧含量偏低,预警
2025-05-03 17:20:00,6,预警,瞬时低炉温焚烧,预警
2025-05-03 17:20:00,6,报警,低炉温焚烧,报警
2025-05-03 17:25:00,6,预警,瞬时低炉温焚烧,预警
2025-05-03 17:25:00,6,报警,低炉温焚烧,报警
2025-05-03 17:30:00,6,报警,低炉温焚烧,报警
2025-05-03 17:30:00,6,预警,瞬时低炉温焚烧,预警
2025-05-03 17:34:00,5,预警,焚烧炉出口氧含量偏低,预警
2025-05-03 17:35:00,6,报警,低炉温焚烧,报警
2025-05-03 17:35:00,6,预警,瞬时低炉温焚烧,预警
2025-05-03 17:40:00,6,报警,低炉温焚烧,报警
2025-05-03 17:40:00,6,预警,瞬时低炉温焚烧,预警
2025-05-03 17:45:00,6,报警,低炉温焚烧,报警
2025-05-03 17:45:00,6,预警,瞬时低炉温焚烧,预警
2025-05-03 17:50:00,6,报警,低炉温焚烧,报警
2025-05-03 17:50:00,6,预警,瞬时低炉温焚烧,预警
2025-05-03 17:52:00,5,预警,焚烧炉出口氧含量偏低,预警
2025-05-03 17:55:00,6,预警,瞬时低炉温焚烧,预警
2025-05-03 17:55:00,6,报警,低炉温焚烧,报警
2025-05-03 18:00:00,6,预警,瞬时低炉温焚烧,预警
2025-05-03 18:00:00,6,报警,低炉温焚烧,报警
2025-05-03 18:04:00,5,预警,焚烧炉出口氧含量偏低,预警
2025-05-03 18:05:00,6,预警,瞬时低炉温焚烧,预警
2025-05-03 18:05:00,6,报警,低炉温焚烧,报警
2025-05-03 18:10:00,6,预警,瞬时低炉温焚烧,预警
2025-05-03 18:10:00,6,报警,低炉温焚烧,报警
2025-05-03 18:15:00,6,预警,瞬时低炉温焚烧,预警
2025-05-03 18:15:00,6,报警,低炉温焚烧,报警
2025-05-03 18:20:00,6,报警,低炉温焚烧,报警
2025-05-03 18:20:00,3,预警,焚烧炉出口氧含量偏高,预警
2025-05-03 18:20:00,6,预警,瞬时低炉温焚烧,预警
2025-05-03 18:25:00,6,报警,低炉温焚烧,报警
2025-05-03 18:25:00,6,预警,瞬时低炉温焚烧,预警
2025-05-03 18:28:00,5,预警,焚烧炉出口氧含量偏低,预警
2025-05-03 18:30:00,3,预警,焚烧炉出口氧含量偏高,预警
2025-05-03 18:30:00,6,预警,瞬时低炉温焚烧,预警
2025-05-03 18:30:00,6,报警,低炉温焚烧,报警
2025-05-03 18:32:00,5,预警,焚烧炉出口氧含量偏低,预警
2025-05-03 18:35:00,6,预警,瞬时低炉温焚烧,预警
2025-05-03 18:35:00,6,报警,低炉温焚烧,报警
2025-05-03 18:36:00,5,预警,焚烧炉出口氧含量偏低,预警
2025-05-03 18:38:00,3,预警,焚烧炉出口氧含量偏高,预警
2025-05-03 18:40:00,6,报警,低炉温焚烧,报警
2025-05-03 18:40:00,6,预警,瞬时低炉温焚烧,预警
2025-05-03 18:42:00,3,预警,焚烧炉出口氧含量偏高,预警
2025-05-03 18:45:00,6,预警,瞬时低炉温焚烧,预警
2025-05-03 18:45:00,6,报警,低炉温焚烧,报警
2025-05-03 18:48:00,5,预警,焚烧炉出口氧含量偏低,预警
2025-05-03 18:50:00,6,报警,低炉温焚烧,报警
2025-05-03 18:50:00,6,预警,瞬时低炉温焚烧,预警
2025-05-03 18:55:00,6,报警,低炉温焚烧,报警
2025-05-03 18:55:00,6,预警,瞬时低炉温焚烧,预警
2025-05-03 18:58:00,5,预警,焚烧炉出口氧含量偏低,预警
2025-05-03 19:00:00,6,预警,瞬时低炉温焚烧,预警
2025-05-03 19:00:00,6,报警,低炉温焚烧,报警
2025-05-03 19:05:00,6,报警,低炉温焚烧,报警
2025-05-03 19:05:00,6,预警,瞬时低炉温焚烧,预警
2025-05-03 19:06:00,5,预警,焚烧炉出口氧含量偏低,预警
2025-05-03 19:10:00,6,预警,瞬时低炉温焚烧,预警
2025-05-03 19:10:00,6,报警,低炉温焚烧,报警
2025-05-03 19:15:00,6,预警,瞬时低炉温焚烧,预警
2025-05-03 19:15:00,6,报警,低炉温焚烧,报警
2025-05-03 19:18:00,3,预警,焚烧炉出口氧含量偏高,预警
2025-05-03 19:20:00,5,预警,焚烧炉出口氧含量偏低,预警
2025-05-03 19:20:00,6,报警,低炉温焚烧,报警
2025-05-03 19:20:00,6,预警,瞬时低炉温焚烧,预警
2025-05-03 19:25:00,6,报警,低炉温焚烧,报警
2025-05-03 19:25:00,6,预警,瞬时低炉温焚烧,预警
2025-05-03 19:30:00,6,预警,瞬时低炉温焚烧,预警
2025-05-03 19:30:00,6,报警,低炉温焚烧,报警
2025-05-03 19:35:00,6,预警,瞬时低炉温焚烧,预警
2025-05-03 19:35:00,6,报警,低炉温焚烧,报警
2025-05-03 19:40:00,6,预警,瞬时低炉温焚烧,预警
2025-05-03 19:40:00,6,报警,低炉温焚烧,报警
2025-05-03 19:45:00,6,预警,瞬时低炉温焚烧,预警
2025-05-03 19:45:00,6,报警,低炉温焚烧,报警
2025-05-03 19:46:00,5,预警,焚烧炉出口氧含量偏低,预警
2025-05-03 19:50:00,6,报警,低炉温焚烧,报警
2025-05-03 19:50:00,6,预警,瞬时低炉温焚烧,预警
2025-05-03 19:55:00,6,报警,低炉温焚烧,报警
2025-05-03 19:55:00,6,预警,瞬时低炉温焚烧,预警
2025-05-03 20:00:00,6,预警,瞬时低炉温焚烧,预警
2025-05-03 20:00:00,6,报警,低炉温焚烧,报警
2025-05-03 20:04:00,5,预警,焚烧炉出口氧含量偏低,预警
2025-05-03 20:05:00,6,报警,低炉温焚烧,报警
2025-05-03 20:05:00,6,预警,瞬时低炉温焚烧,预警
2025-05-03 20:10:00,5,预警,焚烧炉出口氧含量偏低,预警
2025-05-03 20:10:00,6,报警,低炉温焚烧,报警
2025-05-03 20:10:00,6,预警,瞬时低炉温焚烧,预警
2025-05-03 20:15:00,6,预警,瞬时低炉温焚烧,预警
2025-05-03 20:15:00,6,报警,低炉温焚烧,报警
2025-05-03 20:20:00,6,报警,低炉温焚烧,报警
2025-05-03 20:20:00,6,预警,瞬时低炉温焚烧,预警
2025-05-03 20:25:00,6,报警,低炉温焚烧,报警
2025-05-03 20:25:00,6,预警,瞬时低炉温焚烧,预警
2025-05-03 20:28:00,5,预警,焚烧炉出口氧含量偏低,预警
2025-05-03 20:30:00,6,报警,低炉温焚烧,报警
2025-05-03 20:30:00,6,预警,瞬时低炉温焚烧,预警
2025-05-03 20:34:00,5,预警,焚烧炉出口氧含量偏低,预警
2025-05-03 20:35:00,6,预警,瞬时低炉温焚烧,预警
2025-05-03 20:35:00,6,报警,低炉温焚烧,报警
2025-05-03 20:38:00,5,预警,焚烧炉出口氧含量偏低,预警
2025-05-03 20:40:00,6,报警,低炉温焚烧,报警
2025-05-03 20:40:00,6,预警,瞬时低炉温焚烧,预警
2025-05-03 20:45:00,6,报警,低炉温焚烧,报警
2025-05-03 20:45:00,6,预警,瞬时低炉温焚烧,预警
2025-05-03 20:50:00,6,报警,低炉温焚烧,报警
2025-05-03 20:50:00,6,预警,瞬时低炉温焚烧,预警
2025-05-03 20:52:00,5,预警,焚烧炉出口氧含量偏低,预警
2025-05-03 20:55:00,6,预警,瞬时低炉温焚烧,预警
2025-05-03 20:55:00,6,报警,低炉温焚烧,报警
2025-05-03 20:58:00,5,预警,焚烧炉出口氧含量偏低,预警
2025-05-03 21:00:00,6,报警,低炉温焚烧,报警
2025-05-03 21:00:00,6,预警,瞬时低炉温焚烧,预警
2025-05-03 21:05:00,6,预警,瞬时低炉温焚烧,预警
2025-05-03 21:05:00,6,报警,低炉温焚烧,报警
2025-05-03 21:08:00,5,预警,焚烧炉出口氧含量偏低,预警
2025-05-03 21:10:00,6,预警,瞬时低炉温焚烧,预警
2025-05-03 21:10:00,6,报警,低炉温焚烧,报警
2025-05-03 21:15:00,6,预警,瞬时低炉温焚烧,预警
2025-05-03 21:15:00,6,报警,低炉温焚烧,报警
2025-05-03 21:16:00,5,预警,焚烧炉出口氧含量偏低,预警
2025-05-03 21:20:00,6,预警,瞬时低炉温焚烧,预警
2025-05-03 21:20:00,6,报警,低炉温焚烧,报警
2025-05-03 21:25:00,6,预警,瞬时低炉温焚烧,预警
2025-05-03 21:25:00,6,报警,低炉温焚烧,报警
2025-05-03 21:30:00,6,预警,瞬时低炉温焚烧,预警
2025-05-03 21:30:00,6,报警,低炉温焚烧,报警
2025-05-03 21:35:00,6,报警,低炉温焚烧,报警
2025-05-03 21:35:00,6,预警,瞬时低炉温焚烧,预警
2025-05-03 21:38:00,5,预警,焚烧炉出口氧含量偏低,预警
2025-05-03 21:40:00,6,预警,瞬时低炉温焚烧,预警
2025-05-03 21:40:00,6,报警,低炉温焚烧,报警
2025-05-03 21:44:00,5,预警,焚烧炉出口氧含量偏低,预警
2025-05-03 21:45:00,6,预警,瞬时低炉温焚烧,预警
2025-05-03 21:45:00,6,报警,低炉温焚烧,报警
2025-05-03 21:48:00,4,预警,布袋除尘器压力损失偏高,预警
2025-05-03 21:50:00,6,报警,低炉温焚烧,报警
2025-05-03 21:50:00,6,预警,瞬时低炉温焚烧,预警
2025-05-03 21:55:00,6,报警,低炉温焚烧,报警
2025-05-03 21:55:00,6,预警,瞬时低炉温焚烧,预警
2025-05-03 22:00:00,6,报警,低炉温焚烧,报警
2025-05-03 22:00:00,6,预警,瞬时低炉温焚烧,预警
2025-05-03 22:05:00,6,预警,瞬时低炉温焚烧,预警
2025-05-03 22:05:00,6,报警,低炉温焚烧,报警
2025-05-03 22:06:00,4,预警,布袋除尘器压力损失偏高,预警
2025-05-03 22:10:00,6,报警,低炉温焚烧,报警
2025-05-03 22:10:00,6,预警,瞬时低炉温焚烧,预警
2025-05-03 22:12:00,5,预警,焚烧炉出口氧含量偏低,预警
2025-05-03 22:15:00,6,报警,低炉温焚烧,报警
2025-05-03 22:15:00,6,预警,瞬时低炉温焚烧,预警
2025-05-03 22:18:00,5,预警,焚烧炉出口氧含量偏低,预警
2025-05-03 22:20:00,6,报警,低炉温焚烧,报警
2025-05-03 22:20:00,6,预警,瞬时低炉温焚烧,预警
2025-05-03 22:22:00,3,预警,焚烧炉出口氧含量偏高,预警
2025-05-03 22:25:00,6,报警,低炉温焚烧,报警
2025-05-03 22:25:00,6,预警,瞬时低炉温焚烧,预警
2025-05-03 22:30:00,6,预警,瞬时低炉温焚烧,预警
2025-05-03 22:30:00,6,报警,低炉温焚烧,报警
2025-05-03 22:34:00,5,预警,焚烧炉出口氧含量偏低,预警
2025-05-03 22:35:00,6,预警,瞬时低炉温焚烧,预警
2025-05-03 22:35:00,6,报警,低炉温焚烧,报警
2025-05-03 22:38:00,3,预警,焚烧炉出口氧含量偏高,预警
2025-05-03 22:40:00,6,报警,低炉温焚烧,报警
2025-05-03 22:40:00,6,预警,瞬时低炉温焚烧,预警
2025-05-03 22:40:00,5,预警,焚烧炉出口氧含量偏低,预警
2025-05-03 22:44:00,5,预警,焚烧炉出口氧含量偏低,预警
2025-05-03 22:45:00,6,预警,瞬时低炉温焚烧,预警
2025-05-03 22:45:00,6,报警,低炉温焚烧,报警
2025-05-03 22:50:00,6,报警,低炉温焚烧,报警
2025-05-03 22:50:00,6,预警,瞬时低炉温焚烧,预警
2025-05-03 22:54:00,5,预警,焚烧炉出口氧含量偏低,预警
2025-05-03 22:55:00,6,预警,瞬时低炉温焚烧,预警
2025-05-03 22:55:00,6,报警,低炉温焚烧,报警
2025-05-03 23:00:00,6,报警,低炉温焚烧,报警
2025-05-03 23:00:00,6,预警,瞬时低炉温焚烧,预警
2025-05-03 23:02:00,4,预警,布袋除尘器压力损失偏高,预警
2025-05-03 23:05:00,6,预警,瞬时低炉温焚烧,预警
2025-05-03 23:05:00,6,报警,低炉温焚烧,报警
2025-05-03 23:06:00,4,预警,布袋除尘器压力损失偏高,预警
2025-05-03 23:10:00,6,预警,瞬时低炉温焚烧,预警
2025-05-03 23:10:00,5,预警,焚烧炉出口氧含量偏低,预警
2025-05-03 23:10:00,6,报警,低炉温焚烧,报警
2025-05-03 23:15:00,6,预警,瞬时低炉温焚烧,预警
2025-05-03 23:15:00,6,报警,低炉温焚烧,报警
2025-05-03 23:20:00,6,预警,瞬时低炉温焚烧,预警
2025-05-03 23:20:00,6,报警,低炉温焚烧,报警
2025-05-03 23:24:00,5,预警,焚烧炉出口氧含量偏低,预警
2025-05-03 23:25:00,6,预警,瞬时低炉温焚烧,预警
2025-05-03 23:25:00,6,报警,低炉温焚烧,报警
2025-05-03 23:30:00,6,报警,低炉温焚烧,报警
2025-05-03 23:30:00,6,预警,瞬时低炉温焚烧,预警
2025-05-03 23:34:00,5,预警,焚烧炉出口氧含量偏低,预警
2025-05-03 23:35:00,6,报警,低炉温焚烧,报警
2025-05-03 23:35:00,6,预警,瞬时低炉温焚烧,预警
2025-05-03 23:38:00,5,预警,焚烧炉出口氧含量偏低,预警
2025-05-03 23:40:00,6,预警,瞬时低炉温焚烧,预警
2025-05-03 23:40:00,6,报警,低炉温焚烧,报警
2025-05-03 23:45:00,6,预警,瞬时低炉温焚烧,预警
2025-05-03 23:45:00,6,报警,低炉温焚烧,报警
2025-05-03 23:46:00,5,预警,焚烧炉出口氧含量偏低,预警
2025-05-03 23:50:00,6,报警,低炉温焚烧,报警
2025-05-03 23:50:00,6,预警,瞬时低炉温焚烧,预警
2025-05-03 23:54:00,5,预警,焚烧炉出口氧含量偏低,预警
2025-05-03 23:55:00,6,预警,瞬时低炉温焚烧,预警
2025-05-03 23:55:00,6,报警,低炉温焚烧,报警
