﻿时间,炉号,预警/报警类型,预警/报警事件,预警/报警区分
2025-05-05 00:00:00,6,预警,瞬时低炉温焚烧,预警
2025-05-05 00:00:00,6,报警,低炉温焚烧,报警
2025-05-05 00:00:00,6,预警,焚烧炉出口氧含量偏高,预警
2025-05-05 00:00:00,5,预警,焚烧炉出口氧含量偏低,预警
2025-05-05 00:00:00,4,预警,焚烧炉出口氧含量偏高,预警
2025-05-05 00:00:00,3,预警,焚烧炉出口氧含量偏高,预警
2025-05-05 00:00:00,6,预警,布袋除尘器压力损失偏低,预警
2025-05-05 00:00:00,6,报警,烟气中颗粒物（PM）排放超标,报警
2025-05-05 00:05:00,6,报警,低炉温焚烧,报警
2025-05-05 00:05:00,6,预警,瞬时低炉温焚烧,预警
2025-05-05 00:10:00,6,预警,瞬时低炉温焚烧,预警
2025-05-05 00:10:00,6,报警,低炉温焚烧,报警
2025-05-05 00:15:00,6,预警,瞬时低炉温焚烧,预警
2025-05-05 00:15:00,6,报警,低炉温焚烧,报警
2025-05-05 00:16:00,3,预警,焚烧炉出口氧含量偏高,预警
2025-05-05 00:20:00,6,预警,瞬时低炉温焚烧,预警
2025-05-05 00:20:00,6,报警,低炉温焚烧,报警
2025-05-05 00:24:00,3,预警,焚烧炉出口氧含量偏高,预警
2025-05-05 00:25:00,6,预警,瞬时低炉温焚烧,预警
2025-05-05 00:25:00,6,报警,低炉温焚烧,报警
2025-05-05 00:30:00,6,预警,瞬时低炉温焚烧,预警
2025-05-05 00:30:00,6,报警,低炉温焚烧,报警
2025-05-05 00:35:00,6,预警,瞬时低炉温焚烧,预警
2025-05-05 00:35:00,6,报警,低炉温焚烧,报警
2025-05-05 00:40:00,5,预警,焚烧炉出口氧含量偏低,预警
2025-05-05 00:40:00,6,报警,低炉温焚烧,报警
2025-05-05 00:40:00,6,预警,瞬时低炉温焚烧,预警
2025-05-05 00:45:00,6,报警,低炉温焚烧,报警
2025-05-05 00:45:00,6,预警,瞬时低炉温焚烧,预警
2025-05-05 00:50:00,6,预警,瞬时低炉温焚烧,预警
2025-05-05 00:50:00,6,报警,低炉温焚烧,报警
2025-05-05 00:55:00,6,预警,瞬时低炉温焚烧,预警
2025-05-05 00:55:00,6,报警,低炉温焚烧,报警
2025-05-05 01:00:00,4,预警,布袋除尘器压力损失偏高,预警
2025-05-05 01:00:00,6,预警,瞬时低炉温焚烧,预警
2025-05-05 01:00:00,6,报警,低炉温焚烧,报警
2025-05-05 01:02:00,5,预警,焚烧炉出口氧含量偏低,预警
2025-05-05 01:05:00,6,报警,低炉温焚烧,报警
2025-05-05 01:05:00,6,预警,瞬时低炉温焚烧,预警
2025-05-05 01:06:00,4,预警,布袋除尘器压力损失偏高,预警
2025-05-05 01:10:00,6,预警,瞬时低炉温焚烧,预警
2025-05-05 01:10:00,6,报警,低炉温焚烧,报警
2025-05-05 01:12:00,5,预警,焚烧炉出口氧含量偏低,预警
2025-05-05 01:15:00,6,报警,低炉温焚烧,报警
2025-05-05 01:15:00,6,预警,瞬时低炉温焚烧,预警
2025-05-05 01:16:00,4,预警,布袋除尘器压力损失偏高,预警
2025-05-05 01:18:00,5,预警,焚烧炉出口氧含量偏低,预警
2025-05-05 01:20:00,6,报警,低炉温焚烧,报警
2025-05-05 01:20:00,6,预警,瞬时低炉温焚烧,预警
2025-05-05 01:24:00,5,预警,焚烧炉出口氧含量偏低,预警
2025-05-05 01:25:00,6,报警,低炉温焚烧,报警
2025-05-05 01:25:00,6,预警,瞬时低炉温焚烧,预警
2025-05-05 01:30:00,6,报警,低炉温焚烧,报警
2025-05-05 01:30:00,6,预警,瞬时低炉温焚烧,预警
2025-05-05 01:34:00,5,预警,焚烧炉出口氧含量偏低,预警
2025-05-05 01:35:00,6,报警,低炉温焚烧,报警
2025-05-05 01:35:00,6,预警,瞬时低炉温焚烧,预警
2025-05-05 01:40:00,6,预警,瞬时低炉温焚烧,预警
2025-05-05 01:40:00,6,报警,低炉温焚烧,报警
2025-05-05 01:45:00,6,报警,低炉温焚烧,报警
2025-05-05 01:45:00,6,预警,瞬时低炉温焚烧,预警
2025-05-05 01:50:00,6,报警,低炉温焚烧,报警
2025-05-05 01:50:00,6,预警,瞬时低炉温焚烧,预警
2025-05-05 01:55:00,6,报警,低炉温焚烧,报警
2025-05-05 01:55:00,6,预警,瞬时低炉温焚烧,预警
2025-05-05 02:00:00,6,报警,低炉温焚烧,报警
2025-05-05 02:00:00,6,预警,烟气中氮氧化物（NOx）浓度较高,预警
2025-05-05 02:00:00,6,预警,瞬时低炉温焚烧,预警
2025-05-05 02:00:00,6,预警,烟气中一氧化碳（CO）浓度较高,预警
2025-05-05 02:00:00,6,预警,烟气中氯化氢（HCl）浓度较高,预警
2025-05-05 02:00:00,6,预警,烟气中颗粒物（PM）浓度较高,预警
2025-05-05 02:00:00,6,预警,烟气中二氧化硫（SO₂）浓度较高,预警
2025-05-05 02:05:00,6,报警,低炉温焚烧,报警
2025-05-05 02:05:00,6,预警,瞬时低炉温焚烧,预警
2025-05-05 02:10:00,6,报警,低炉温焚烧,报警
2025-05-05 02:10:00,6,预警,瞬时低炉温焚烧,预警
2025-05-05 02:15:00,6,报警,低炉温焚烧,报警
2025-05-05 02:15:00,6,预警,瞬时低炉温焚烧,预警
2025-05-05 02:20:00,6,报警,低炉温焚烧,报警
2025-05-05 02:20:00,6,预警,瞬时低炉温焚烧,预警
2025-05-05 02:25:00,6,报警,低炉温焚烧,报警
2025-05-05 02:25:00,6,预警,瞬时低炉温焚烧,预警
2025-05-05 02:30:00,6,报警,低炉温焚烧,报警
2025-05-05 02:30:00,6,预警,瞬时低炉温焚烧,预警
2025-05-05 02:34:00,5,预警,焚烧炉出口氧含量偏低,预警
2025-05-05 02:35:00,6,报警,低炉温焚烧,报警
2025-05-05 02:35:00,6,预警,瞬时低炉温焚烧,预警
2025-05-05 02:38:00,5,预警,焚烧炉出口氧含量偏低,预警
2025-05-05 02:40:00,6,预警,瞬时低炉温焚烧,预警
2025-05-05 02:40:00,6,报警,低炉温焚烧,报警
2025-05-05 02:44:00,5,预警,焚烧炉出口氧含量偏低,预警
2025-05-05 02:45:00,6,报警,低炉温焚烧,报警
2025-05-05 02:45:00,6,预警,瞬时低炉温焚烧,预警
2025-05-05 02:50:00,6,报警,低炉温焚烧,报警
2025-05-05 02:50:00,6,预警,瞬时低炉温焚烧,预警
2025-05-05 02:55:00,6,报警,低炉温焚烧,报警
2025-05-05 02:55:00,6,预警,瞬时低炉温焚烧,预警
2025-05-05 02:56:00,5,预警,焚烧炉出口氧含量偏低,预警
2025-05-05 03:00:00,6,报警,低炉温焚烧,报警
2025-05-05 03:00:00,6,预警,瞬时低炉温焚烧,预警
2025-05-05 03:00:00,5,预警,焚烧炉出口氧含量偏低,预警
2025-05-05 03:05:00,6,报警,低炉温焚烧,报警
2025-05-05 03:05:00,6,预警,瞬时低炉温焚烧,预警
2025-05-05 03:10:00,6,预警,瞬时低炉温焚烧,预警
2025-05-05 03:10:00,6,报警,低炉温焚烧,报警
2025-05-05 03:15:00,6,报警,低炉温焚烧,报警
2025-05-05 03:15:00,6,预警,瞬时低炉温焚烧,预警
2025-05-05 03:20:00,6,报警,低炉温焚烧,报警
2025-05-05 03:20:00,6,预警,瞬时低炉温焚烧,预警
2025-05-05 03:25:00,6,报警,低炉温焚烧,报警
2025-05-05 03:25:00,6,预警,瞬时低炉温焚烧,预警
2025-05-05 03:28:00,5,预警,焚烧炉出口氧含量偏低,预警
2025-05-05 03:30:00,6,报警,低炉温焚烧,报警
2025-05-05 03:30:00,6,预警,瞬时低炉温焚烧,预警
2025-05-05 03:35:00,6,报警,低炉温焚烧,报警
2025-05-05 03:35:00,6,预警,瞬时低炉温焚烧,预警
2025-05-05 03:36:00,5,预警,焚烧炉出口氧含量偏低,预警
2025-05-05 03:40:00,6,预警,瞬时低炉温焚烧,预警
2025-05-05 03:40:00,6,报警,低炉温焚烧,报警
2025-05-05 03:42:00,5,预警,焚烧炉出口氧含量偏低,预警
2025-05-05 03:45:00,6,预警,瞬时低炉温焚烧,预警
2025-05-05 03:45:00,6,报警,低炉温焚烧,报警
2025-05-05 03:50:00,6,预警,瞬时低炉温焚烧,预警
2025-05-05 03:50:00,6,报警,低炉温焚烧,报警
2025-05-05 03:54:00,5,预警,焚烧炉出口氧含量偏低,预警
2025-05-05 03:55:00,6,报警,低炉温焚烧,报警
2025-05-05 03:55:00,6,预警,瞬时低炉温焚烧,预警
2025-05-05 04:00:00,6,预警,烟气中氮氧化物（NOx）浓度较高,预警
2025-05-05 04:00:00,6,预警,烟气中颗粒物（PM）浓度较高,预警
2025-05-05 04:00:00,6,预警,烟气中氯化氢（HCl）浓度较高,预警
2025-05-05 04:00:00,6,报警,低炉温焚烧,报警
2025-05-05 04:00:00,5,预警,焚烧炉出口氧含量偏低,预警
2025-05-05 04:00:00,6,预警,瞬时低炉温焚烧,预警
2025-05-05 04:05:00,6,预警,瞬时低炉温焚烧,预警
2025-05-05 04:05:00,6,报警,低炉温焚烧,报警
2025-05-05 04:10:00,6,预警,瞬时低炉温焚烧,预警
2025-05-05 04:10:00,6,报警,低炉温焚烧,报警
2025-05-05 04:15:00,6,报警,低炉温焚烧,报警
2025-05-05 04:15:00,6,预警,瞬时低炉温焚烧,预警
2025-05-05 04:16:00,3,预警,焚烧炉出口氧含量偏高,预警
2025-05-05 04:20:00,6,报警,低炉温焚烧,报警
2025-05-05 04:20:00,6,预警,瞬时低炉温焚烧,预警
2025-05-05 04:22:00,5,预警,焚烧炉出口氧含量偏低,预警
2025-05-05 04:25:00,6,预警,瞬时低炉温焚烧,预警
2025-05-05 04:25:00,6,报警,低炉温焚烧,报警
2025-05-05 04:30:00,6,报警,低炉温焚烧,报警
2025-05-05 04:30:00,6,预警,瞬时低炉温焚烧,预警
2025-05-05 04:32:00,5,预警,焚烧炉出口氧含量偏低,预警
2025-05-05 04:35:00,6,预警,瞬时低炉温焚烧,预警
2025-05-05 04:35:00,6,报警,低炉温焚烧,报警
2025-05-05 04:40:00,6,预警,瞬时低炉温焚烧,预警
2025-05-05 04:40:00,6,报警,低炉温焚烧,报警
2025-05-05 04:45:00,6,预警,瞬时低炉温焚烧,预警
2025-05-05 04:45:00,6,报警,低炉温焚烧,报警
2025-05-05 04:50:00,6,报警,低炉温焚烧,报警
2025-05-05 04:50:00,5,预警,焚烧炉出口氧含量偏低,预警
2025-05-05 04:50:00,6,预警,瞬时低炉温焚烧,预警
2025-05-05 04:55:00,6,报警,低炉温焚烧,报警
2025-05-05 04:55:00,6,预警,瞬时低炉温焚烧,预警
2025-05-05 04:56:00,5,预警,焚烧炉出口氧含量偏低,预警
2025-05-05 05:00:00,6,报警,低炉温焚烧,报警
2025-05-05 05:00:00,6,预警,烟气中颗粒物（PM）浓度较高,预警
2025-05-05 05:00:00,6,预警,瞬时低炉温焚烧,预警
2025-05-05 05:00:00,6,预警,烟气中氯化氢（HCl）浓度较高,预警
2025-05-05 05:00:00,6,预警,烟气中氮氧化物（NOx）浓度较高,预警
2025-05-05 05:05:00,6,报警,低炉温焚烧,报警
2025-05-05 05:05:00,6,预警,瞬时低炉温焚烧,预警
2025-05-05 05:06:00,5,预警,焚烧炉出口氧含量偏低,预警
2025-05-05 05:10:00,5,预警,焚烧炉出口氧含量偏低,预警
2025-05-05 05:10:00,6,报警,低炉温焚烧,报警
2025-05-05 05:10:00,6,预警,瞬时低炉温焚烧,预警
2025-05-05 05:15:00,6,报警,低炉温焚烧,报警
2025-05-05 05:15:00,6,预警,瞬时低炉温焚烧,预警
2025-05-05 05:20:00,6,报警,低炉温焚烧,报警
2025-05-05 05:20:00,6,预警,瞬时低炉温焚烧,预警
2025-05-05 05:22:00,5,预警,焚烧炉出口氧含量偏低,预警
2025-05-05 05:25:00,6,预警,瞬时低炉温焚烧,预警
2025-05-05 05:25:00,6,报警,低炉温焚烧,报警
2025-05-05 05:28:00,5,预警,焚烧炉出口氧含量偏低,预警
2025-05-05 05:30:00,6,预警,瞬时低炉温焚烧,预警
2025-05-05 05:30:00,3,预警,焚烧炉出口氧含量偏高,预警
2025-05-05 05:30:00,6,报警,低炉温焚烧,报警
2025-05-05 05:35:00,6,预警,瞬时低炉温焚烧,预警
2025-05-05 05:35:00,6,报警,低炉温焚烧,报警
2025-05-05 05:36:00,5,预警,焚烧炉出口氧含量偏低,预警
2025-05-05 05:40:00,6,报警,低炉温焚烧,报警
2025-05-05 05:40:00,6,预警,瞬时低炉温焚烧,预警
2025-05-05 05:42:00,5,预警,焚烧炉出口氧含量偏低,预警
2025-05-05 05:45:00,6,报警,低炉温焚烧,报警
2025-05-05 05:45:00,6,预警,瞬时低炉温焚烧,预警
2025-05-05 05:50:00,6,预警,瞬时低炉温焚烧,预警
2025-05-05 05:50:00,6,报警,低炉温焚烧,报警
2025-05-05 05:55:00,6,预警,瞬时低炉温焚烧,预警
2025-05-05 05:55:00,6,报警,低炉温焚烧,报警
2025-05-05 06:00:00,5,预警,焚烧炉出口氧含量偏低,预警
2025-05-05 06:00:00,6,报警,低炉温焚烧,报警
2025-05-05 06:00:00,6,预警,烟气中氮氧化物（NOx）浓度较高,预警
2025-05-05 06:00:00,6,预警,烟气中颗粒物（PM）浓度较高,预警
2025-05-05 06:00:00,6,预警,瞬时低炉温焚烧,预警
2025-05-05 06:04:00,5,预警,焚烧炉出口氧含量偏低,预警
2025-05-05 06:05:00,6,报警,低炉温焚烧,报警
2025-05-05 06:05:00,6,预警,瞬时低炉温焚烧,预警
2025-05-05 06:10:00,6,报警,低炉温焚烧,报警
2025-05-05 06:10:00,6,预警,瞬时低炉温焚烧,预警
2025-05-05 06:15:00,6,预警,瞬时低炉温焚烧,预警
2025-05-05 06:15:00,6,报警,低炉温焚烧,报警
2025-05-05 06:20:00,6,报警,低炉温焚烧,报警
2025-05-05 06:20:00,6,预警,瞬时低炉温焚烧,预警
2025-05-05 06:25:00,6,预警,瞬时低炉温焚烧,预警
2025-05-05 06:25:00,6,报警,低炉温焚烧,报警
2025-05-05 06:26:00,5,预警,焚烧炉出口氧含量偏低,预警
2025-05-05 06:30:00,6,报警,低炉温焚烧,报警
2025-05-05 06:30:00,6,预警,瞬时低炉温焚烧,预警
2025-05-05 06:34:00,3,预警,焚烧炉出口氧含量偏高,预警
2025-05-05 06:35:00,6,报警,低炉温焚烧,报警
2025-05-05 06:35:00,6,预警,瞬时低炉温焚烧,预警
2025-05-05 06:38:00,5,预警,焚烧炉出口氧含量偏低,预警
2025-05-05 06:40:00,6,预警,瞬时低炉温焚烧,预警
2025-05-05 06:40:00,6,报警,低炉温焚烧,报警
2025-05-05 06:44:00,5,预警,焚烧炉出口氧含量偏低,预警
2025-05-05 06:45:00,6,预警,瞬时低炉温焚烧,预警
2025-05-05 06:45:00,6,报警,低炉温焚烧,报警
2025-05-05 06:50:00,5,预警,焚烧炉出口氧含量偏低,预警
2025-05-05 06:50:00,6,预警,瞬时低炉温焚烧,预警
2025-05-05 06:50:00,6,报警,低炉温焚烧,报警
2025-05-05 06:55:00,6,预警,瞬时低炉温焚烧,预警
2025-05-05 06:55:00,6,报警,低炉温焚烧,报警
2025-05-05 07:00:00,6,预警,瞬时低炉温焚烧,预警
2025-05-05 07:00:00,6,预警,烟气中氮氧化物（NOx）浓度较高,预警
2025-05-05 07:00:00,6,预警,烟气中颗粒物（PM）浓度较高,预警
2025-05-05 07:00:00,6,报警,低炉温焚烧,报警
2025-05-05 07:04:00,5,预警,焚烧炉出口氧含量偏低,预警
2025-05-05 07:05:00,6,预警,瞬时低炉温焚烧,预警
2025-05-05 07:05:00,6,报警,低炉温焚烧,报警
2025-05-05 07:10:00,6,预警,瞬时低炉温焚烧,预警
2025-05-05 07:10:00,6,报警,低炉温焚烧,报警
2025-05-05 07:15:00,6,报警,低炉温焚烧,报警
2025-05-05 07:15:00,6,预警,瞬时低炉温焚烧,预警
2025-05-05 07:20:00,6,报警,低炉温焚烧,报警
2025-05-05 07:20:00,6,预警,瞬时低炉温焚烧,预警
2025-05-05 07:25:00,6,报警,低炉温焚烧,报警
2025-05-05 07:25:00,6,预警,瞬时低炉温焚烧,预警
2025-05-05 07:30:00,6,报警,低炉温焚烧,报警
2025-05-05 07:30:00,6,预警,瞬时低炉温焚烧,预警
2025-05-05 07:35:00,6,预警,瞬时低炉温焚烧,预警
2025-05-05 07:35:00,6,报警,低炉温焚烧,报警
2025-05-05 07:40:00,6,报警,低炉温焚烧,报警
2025-05-05 07:40:00,6,预警,瞬时低炉温焚烧,预警
2025-05-05 07:45:00,6,预警,瞬时低炉温焚烧,预警
2025-05-05 07:45:00,6,报警,低炉温焚烧,报警
2025-05-05 07:46:00,5,预警,焚烧炉出口氧含量偏低,预警
2025-05-05 07:50:00,6,预警,瞬时低炉温焚烧,预警
2025-05-05 07:50:00,6,报警,低炉温焚烧,报警
2025-05-05 07:55:00,6,报警,低炉温焚烧,报警
2025-05-05 07:55:00,6,预警,瞬时低炉温焚烧,预警
2025-05-05 08:00:00,6,预警,烟气中氮氧化物（NOx）浓度较高,预警
2025-05-05 08:00:00,6,预警,烟气中颗粒物（PM）浓度较高,预警
2025-05-05 08:00:00,6,预警,瞬时低炉温焚烧,预警
2025-05-05 08:00:00,6,报警,低炉温焚烧,报警
2025-05-05 08:05:00,6,预警,瞬时低炉温焚烧,预警
2025-05-05 08:05:00,6,报警,低炉温焚烧,报警
2025-05-05 08:10:00,6,预警,瞬时低炉温焚烧,预警
2025-05-05 08:10:00,6,报警,低炉温焚烧,报警
2025-05-05 08:15:00,6,预警,瞬时低炉温焚烧,预警
2025-05-05 08:15:00,6,报警,低炉温焚烧,报警
2025-05-05 08:20:00,6,预警,瞬时低炉温焚烧,预警
2025-05-05 08:20:00,6,报警,低炉温焚烧,报警
2025-05-05 08:20:00,5,预警,焚烧炉出口氧含量偏低,预警
2025-05-05 08:25:00,6,报警,低炉温焚烧,报警
2025-05-05 08:25:00,6,预警,瞬时低炉温焚烧,预警
2025-05-05 08:30:00,6,报警,低炉温焚烧,报警
2025-05-05 08:30:00,6,预警,瞬时低炉温焚烧,预警
2025-05-05 08:34:00,5,预警,焚烧炉出口氧含量偏低,预警
2025-05-05 08:35:00,6,报警,低炉温焚烧,报警
2025-05-05 08:35:00,6,预警,瞬时低炉温焚烧,预警
2025-05-05 08:40:00,6,报警,低炉温焚烧,报警
2025-05-05 08:40:00,6,预警,瞬时低炉温焚烧,预警
2025-05-05 08:45:00,6,报警,低炉温焚烧,报警
2025-05-05 08:45:00,6,预警,瞬时低炉温焚烧,预警
2025-05-05 08:50:00,6,预警,瞬时低炉温焚烧,预警
2025-05-05 08:50:00,6,报警,低炉温焚烧,报警
2025-05-05 08:55:00,6,预警,瞬时低炉温焚烧,预警
2025-05-05 08:55:00,6,报警,低炉温焚烧,报警
2025-05-05 08:58:00,5,预警,焚烧炉出口氧含量偏低,预警
2025-05-05 09:00:00,6,预警,瞬时低炉温焚烧,预警
2025-05-05 09:00:00,6,报警,低炉温焚烧,报警
2025-05-05 09:00:00,6,预警,烟气中氮氧化物（NOx）浓度较高,预警
2025-05-05 09:00:00,6,预警,烟气中颗粒物（PM）浓度较高,预警
2025-05-05 09:05:00,6,报警,低炉温焚烧,报警
2025-05-05 09:05:00,6,预警,瞬时低炉温焚烧,预警
2025-05-05 09:10:00,6,报警,低炉温焚烧,报警
2025-05-05 09:10:00,6,预警,瞬时低炉温焚烧,预警
2025-05-05 09:15:00,6,预警,瞬时低炉温焚烧,预警
2025-05-05 09:15:00,6,报警,低炉温焚烧,报警
2025-05-05 09:20:00,6,预警,瞬时低炉温焚烧,预警
2025-05-05 09:20:00,6,报警,低炉温焚烧,报警
2025-05-05 09:25:00,6,报警,低炉温焚烧,报警
2025-05-05 09:25:00,6,预警,瞬时低炉温焚烧,预警
2025-05-05 09:30:00,6,预警,瞬时低炉温焚烧,预警
2025-05-05 09:30:00,6,报警,低炉温焚烧,报警
2025-05-05 09:35:00,6,预警,瞬时低炉温焚烧,预警
2025-05-05 09:35:00,6,报警,低炉温焚烧,报警
2025-05-05 09:40:00,6,预警,瞬时低炉温焚烧,预警
2025-05-05 09:40:00,6,报警,低炉温焚烧,报警
2025-05-05 09:40:00,5,预警,焚烧炉出口氧含量偏低,预警
2025-05-05 09:44:00,4,预警,布袋除尘器压力损失偏高,预警
2025-05-05 09:45:00,6,报警,低炉温焚烧,报警
2025-05-05 09:45:00,6,预警,瞬时低炉温焚烧,预警
2025-05-05 09:48:00,4,预警,布袋除尘器压力损失偏高,预警
2025-05-05 09:50:00,6,报警,低炉温焚烧,报警
2025-05-05 09:50:00,6,预警,瞬时低炉温焚烧,预警
2025-05-05 09:55:00,6,预警,瞬时低炉温焚烧,预警
2025-05-05 09:55:00,6,报警,低炉温焚烧,报警
2025-05-05 09:58:00,4,预警,布袋除尘器压力损失偏高,预警
2025-05-05 10:00:00,6,报警,低炉温焚烧,报警
2025-05-05 10:00:00,6,预警,烟气中氮氧化物（NOx）浓度较高,预警
2025-05-05 10:00:00,6,预警,烟气中颗粒物（PM）浓度较高,预警
2025-05-05 10:00:00,6,预警,瞬时低炉温焚烧,预警
2025-05-05 10:05:00,6,预警,瞬时低炉温焚烧,预警
2025-05-05 10:05:00,6,报警,低炉温焚烧,报警
2025-05-05 10:06:00,4,预警,布袋除尘器压力损失偏高,预警
2025-05-05 10:10:00,6,预警,瞬时低炉温焚烧,预警
2025-05-05 10:10:00,6,报警,低炉温焚烧,报警
2025-05-05 10:12:00,4,预警,布袋除尘器压力损失偏高,预警
2025-05-05 10:15:00,6,预警,瞬时低炉温焚烧,预警
2025-05-05 10:15:00,6,报警,低炉温焚烧,报警
2025-05-05 10:16:00,3,预警,焚烧炉出口氧含量偏高,预警
2025-05-05 10:20:00,6,预警,瞬时低炉温焚烧,预警
2025-05-05 10:20:00,6,报警,低炉温焚烧,报警
2025-05-05 10:25:00,6,报警,低炉温焚烧,报警
2025-05-05 10:25:00,6,预警,瞬时低炉温焚烧,预警
2025-05-05 10:26:00,5,预警,焚烧炉出口氧含量偏低,预警
2025-05-05 10:30:00,6,预警,瞬时低炉温焚烧,预警
2025-05-05 10:30:00,6,报警,低炉温焚烧,报警
2025-05-05 10:35:00,6,报警,低炉温焚烧,报警
2025-05-05 10:35:00,6,预警,瞬时低炉温焚烧,预警
2025-05-05 10:40:00,6,报警,低炉温焚烧,报警
2025-05-05 10:40:00,6,预警,瞬时低炉温焚烧,预警
2025-05-05 10:42:00,5,预警,焚烧炉出口氧含量偏低,预警
2025-05-05 10:45:00,6,报警,低炉温焚烧,报警
2025-05-05 10:45:00,6,预警,瞬时低炉温焚烧,预警
2025-05-05 10:50:00,6,报警,低炉温焚烧,报警
2025-05-05 10:50:00,6,预警,瞬时低炉温焚烧,预警
2025-05-05 10:55:00,6,预警,瞬时低炉温焚烧,预警
2025-05-05 10:55:00,6,报警,低炉温焚烧,报警
2025-05-05 11:00:00,6,预警,烟气中颗粒物（PM）浓度较高,预警
2025-05-05 11:00:00,6,报警,低炉温焚烧,报警
2025-05-05 11:00:00,6,预警,烟气中氮氧化物（NOx）浓度较高,预警
2025-05-05 11:00:00,6,预警,瞬时低炉温焚烧,预警
2025-05-05 11:05:00,6,预警,瞬时低炉温焚烧,预警
2025-05-05 11:05:00,6,报警,低炉温焚烧,报警
2025-05-05 11:10:00,6,预警,瞬时低炉温焚烧,预警
2025-05-05 11:10:00,6,报警,低炉温焚烧,报警
2025-05-05 11:12:00,5,预警,焚烧炉出口氧含量偏低,预警
2025-05-05 11:15:00,6,预警,瞬时低炉温焚烧,预警
2025-05-05 11:15:00,6,报警,低炉温焚烧,报警
2025-05-05 11:20:00,6,报警,低炉温焚烧,报警
2025-05-05 11:20:00,6,预警,瞬时低炉温焚烧,预警
2025-05-05 11:25:00,6,报警,低炉温焚烧,报警
2025-05-05 11:25:00,6,预警,瞬时低炉温焚烧,预警
2025-05-05 11:30:00,5,预警,焚烧炉出口氧含量偏低,预警
2025-05-05 11:30:00,6,报警,低炉温焚烧,报警
2025-05-05 11:30:00,6,预警,瞬时低炉温焚烧,预警
2025-05-05 11:35:00,6,报警,低炉温焚烧,报警
2025-05-05 11:35:00,6,预警,瞬时低炉温焚烧,预警
2025-05-05 11:40:00,5,预警,焚烧炉出口氧含量偏低,预警
2025-05-05 11:40:00,6,报警,低炉温焚烧,报警
2025-05-05 11:40:00,6,预警,瞬时低炉温焚烧,预警
2025-05-05 11:45:00,6,报警,低炉温焚烧,报警
2025-05-05 11:45:00,6,预警,瞬时低炉温焚烧,预警
2025-05-05 11:50:00,6,预警,瞬时低炉温焚烧,预警
2025-05-05 11:50:00,6,报警,低炉温焚烧,报警
2025-05-05 11:55:00,6,报警,低炉温焚烧,报警
2025-05-05 11:55:00,6,预警,瞬时低炉温焚烧,预警
2025-05-05 12:00:00,6,预警,瞬时低炉温焚烧,预警
2025-05-05 12:00:00,6,预警,烟气中氮氧化物（NOx）浓度较高,预警
2025-05-05 12:00:00,6,预警,烟气中颗粒物（PM）浓度较高,预警
2025-05-05 12:00:00,6,报警,低炉温焚烧,报警
2025-05-05 12:05:00,6,报警,低炉温焚烧,报警
2025-05-05 12:05:00,6,预警,瞬时低炉温焚烧,预警
2025-05-05 12:10:00,6,预警,瞬时低炉温焚烧,预警
2025-05-05 12:10:00,5,预警,焚烧炉出口氧含量偏低,预警
2025-05-05 12:10:00,6,报警,低炉温焚烧,报警
2025-05-05 12:15:00,6,预警,瞬时低炉温焚烧,预警
2025-05-05 12:15:00,6,报警,低炉温焚烧,报警
2025-05-05 12:16:00,3,预警,焚烧炉出口氧含量偏高,预警
2025-05-05 12:20:00,6,报警,低炉温焚烧,报警
2025-05-05 12:20:00,6,预警,瞬时低炉温焚烧,预警
2025-05-05 12:25:00,6,预警,瞬时低炉温焚烧,预警
2025-05-05 12:25:00,6,报警,低炉温焚烧,报警
2025-05-05 12:28:00,5,预警,焚烧炉出口氧含量偏低,预警
2025-05-05 12:30:00,6,报警,低炉温焚烧,报警
2025-05-05 12:30:00,6,预警,瞬时低炉温焚烧,预警
2025-05-05 12:35:00,6,报警,低炉温焚烧,报警
2025-05-05 12:35:00,6,预警,瞬时低炉温焚烧,预警
2025-05-05 12:40:00,6,报警,低炉温焚烧,报警
2025-05-05 12:40:00,6,预警,瞬时低炉温焚烧,预警
2025-05-05 12:44:00,3,预警,焚烧炉出口氧含量偏高,预警
2025-05-05 12:45:00,6,报警,低炉温焚烧,报警
2025-05-05 12:45:00,6,预警,瞬时低炉温焚烧,预警
2025-05-05 12:48:00,5,预警,焚烧炉出口氧含量偏高,预警
2025-05-05 12:50:00,6,预警,瞬时低炉温焚烧,预警
2025-05-05 12:50:00,6,报警,低炉温焚烧,报警
2025-05-05 12:54:00,5,预警,焚烧炉出口氧含量偏低,预警
2025-05-05 12:55:00,6,预警,瞬时低炉温焚烧,预警
2025-05-05 12:55:00,6,报警,低炉温焚烧,报警
2025-05-05 13:00:00,3,预警,焚烧炉出口氧含量偏高,预警
2025-05-05 13:00:00,6,报警,低炉温焚烧,报警
2025-05-05 13:00:00,6,预警,瞬时低炉温焚烧,预警
2025-05-05 13:00:00,6,预警,烟气中氮氧化物（NOx）浓度较高,预警
2025-05-05 13:00:00,6,预警,烟气中颗粒物（PM）浓度较高,预警
2025-05-05 13:05:00,6,报警,低炉温焚烧,报警
2025-05-05 13:05:00,6,预警,瞬时低炉温焚烧,预警
2025-05-05 13:08:00,5,预警,焚烧炉出口氧含量偏高,预警
2025-05-05 13:10:00,6,报警,低炉温焚烧,报警
2025-05-05 13:10:00,6,预警,瞬时低炉温焚烧,预警
2025-05-05 13:10:00,5,预警,焚烧炉出口氧含量偏低,预警
2025-05-05 13:14:00,5,预警,焚烧炉出口氧含量偏高,预警
2025-05-05 13:15:00,6,报警,低炉温焚烧,报警
2025-05-05 13:15:00,6,预警,瞬时低炉温焚烧,预警
2025-05-05 13:16:00,5,预警,焚烧炉出口氧含量偏低,预警
2025-05-05 13:20:00,6,预警,瞬时低炉温焚烧,预警
2025-05-05 13:20:00,6,报警,低炉温焚烧,报警
2025-05-05 13:22:00,5,预警,焚烧炉出口氧含量偏低,预警
2025-05-05 13:25:00,6,报警,低炉温焚烧,报警
2025-05-05 13:25:00,6,预警,瞬时低炉温焚烧,预警
2025-05-05 13:30:00,6,报警,低炉温焚烧,报警
2025-05-05 13:30:00,6,预警,瞬时低炉温焚烧,预警
2025-05-05 13:35:00,6,预警,瞬时低炉温焚烧,预警
2025-05-05 13:35:00,6,报警,低炉温焚烧,报警
2025-05-05 13:36:00,5,预警,焚烧炉出口氧含量偏低,预警
2025-05-05 13:40:00,6,报警,低炉温焚烧,报警
2025-05-05 13:40:00,5,预警,焚烧炉出口氧含量偏低,预警
2025-05-05 13:40:00,6,预警,瞬时低炉温焚烧,预警
2025-05-05 13:45:00,6,预警,瞬时低炉温焚烧,预警
2025-05-05 13:45:00,6,报警,低炉温焚烧,报警
2025-05-05 13:50:00,6,预警,瞬时低炉温焚烧,预警
2025-05-05 13:50:00,6,报警,低炉温焚烧,报警
2025-05-05 13:52:00,5,预警,焚烧炉出口氧含量偏低,预警
2025-05-05 13:55:00,6,报警,低炉温焚烧,报警
2025-05-05 13:55:00,6,预警,瞬时低炉温焚烧,预警
2025-05-05 14:00:00,6,报警,低炉温焚烧,报警
2025-05-05 14:00:00,5,预警,焚烧炉出口氧含量偏高,预警
2025-05-05 14:00:00,6,预警,瞬时低炉温焚烧,预警
2025-05-05 14:04:00,6,预警,焚烧炉出口氧含量偏低,预警
2025-05-05 14:05:00,6,预警,瞬时低炉温焚烧,预警
2025-05-05 14:05:00,6,报警,低炉温焚烧,报警
2025-05-05 14:08:00,5,预警,焚烧炉出口氧含量偏低,预警
2025-05-05 14:10:00,6,报警,低炉温焚烧,报警
2025-05-05 14:10:00,6,预警,瞬时低炉温焚烧,预警
2025-05-05 14:15:00,6,报警,低炉温焚烧,报警
2025-05-05 14:15:00,6,预警,瞬时低炉温焚烧,预警
2025-05-05 14:16:00,6,预警,焚烧炉出口氧含量偏低,预警
2025-05-05 14:20:00,6,报警,低炉温焚烧,报警
2025-05-05 14:20:00,6,预警,瞬时低炉温焚烧,预警
2025-05-05 14:24:00,5,预警,焚烧炉出口氧含量偏低,预警
2025-05-05 14:25:00,6,预警,瞬时低炉温焚烧,预警
2025-05-05 14:25:00,6,报警,低炉温焚烧,报警
2025-05-05 14:28:00,6,预警,焚烧炉出口氧含量偏高,预警
2025-05-05 14:30:00,6,预警,瞬时低炉温焚烧,预警
2025-05-05 14:30:00,6,报警,低炉温焚烧,报警
2025-05-05 14:35:00,6,报警,低炉温焚烧,报警
2025-05-05 14:35:00,6,预警,瞬时低炉温焚烧,预警
2025-05-05 14:36:00,6,预警,焚烧炉出口氧含量偏低,预警
2025-05-05 14:40:00,6,报警,低炉温焚烧,报警
2025-05-05 14:40:00,6,预警,瞬时低炉温焚烧,预警
2025-05-05 14:40:00,6,预警,焚烧炉出口氧含量偏高,预警
2025-05-05 14:45:00,6,预警,瞬时低炉温焚烧,预警
2025-05-05 14:45:00,6,报警,低炉温焚烧,报警
2025-05-05 14:50:00,6,预警,瞬时低炉温焚烧,预警
2025-05-05 14:50:00,6,报警,低炉温焚烧,报警
2025-05-05 14:55:00,6,预警,瞬时低炉温焚烧,预警
2025-05-05 14:55:00,6,报警,低炉温焚烧,报警
2025-05-05 15:00:00,6,预警,烟气中颗粒物（PM）浓度较高,预警
2025-05-05 15:00:00,6,预警,瞬时低炉温焚烧,预警
2025-05-05 15:00:00,5,预警,焚烧炉出口氧含量偏低,预警
2025-05-05 15:00:00,6,预警,烟气中氯化氢（HCl）浓度较高,预警
2025-05-05 15:00:00,6,预警,烟气中氮氧化物（NOx）浓度较高,预警
2025-05-05 15:00:00,6,报警,低炉温焚烧,报警
2025-05-05 15:05:00,6,预警,瞬时低炉温焚烧,预警
2025-05-05 15:05:00,6,报警,低炉温焚烧,报警
2025-05-05 15:10:00,6,预警,瞬时低炉温焚烧,预警
2025-05-05 15:10:00,6,报警,低炉温焚烧,报警
2025-05-05 15:12:00,5,预警,焚烧炉出口氧含量偏低,预警
2025-05-05 15:12:00,3,预警,焚烧炉出口氧含量偏高,预警
2025-05-05 15:15:00,6,报警,低炉温焚烧,报警
2025-05-05 15:15:00,6,预警,瞬时低炉温焚烧,预警
2025-05-05 15:20:00,6,报警,低炉温焚烧,报警
2025-05-05 15:20:00,6,预警,瞬时低炉温焚烧,预警
2025-05-05 15:25:00,6,报警,低炉温焚烧,报警
2025-05-05 15:25:00,6,预警,瞬时低炉温焚烧,预警
2025-05-05 15:30:00,6,报警,低炉温焚烧,报警
2025-05-05 15:30:00,6,预警,瞬时低炉温焚烧,预警
2025-05-05 15:35:00,6,报警,低炉温焚烧,报警
2025-05-05 15:35:00,6,预警,瞬时低炉温焚烧,预警
2025-05-05 15:38:00,5,预警,焚烧炉出口氧含量偏低,预警
2025-05-05 15:40:00,6,报警,低炉温焚烧,报警
2025-05-05 15:40:00,6,预警,瞬时低炉温焚烧,预警
2025-05-05 15:42:00,5,预警,焚烧炉出口氧含量偏低,预警
2025-05-05 15:42:00,3,预警,焚烧炉出口氧含量偏高,预警
2025-05-05 15:45:00,6,预警,瞬时低炉温焚烧,预警
2025-05-05 15:45:00,6,报警,低炉温焚烧,报警
2025-05-05 15:50:00,6,报警,低炉温焚烧,报警
2025-05-05 15:50:00,6,预警,瞬时低炉温焚烧,预警
2025-05-05 15:55:00,6,报警,低炉温焚烧,报警
2025-05-05 15:55:00,6,预警,瞬时低炉温焚烧,预警
2025-05-05 16:00:00,6,预警,瞬时低炉温焚烧,预警
2025-05-05 16:00:00,6,报警,低炉温焚烧,报警
2025-05-05 16:00:00,6,预警,烟气中氮氧化物（NOx）浓度较高,预警
2025-05-05 16:00:00,6,预警,烟气中颗粒物（PM）浓度较高,预警
2025-05-05 16:05:00,6,预警,瞬时低炉温焚烧,预警
2025-05-05 16:05:00,6,报警,低炉温焚烧,报警
2025-05-05 16:10:00,6,报警,低炉温焚烧,报警
2025-05-05 16:10:00,6,预警,瞬时低炉温焚烧,预警
2025-05-05 16:12:00,5,预警,焚烧炉出口氧含量偏低,预警
2025-05-05 16:15:00,6,预警,瞬时低炉温焚烧,预警
2025-05-05 16:15:00,6,报警,低炉温焚烧,报警
2025-05-05 16:16:00,3,预警,焚烧炉出口氧含量偏高,预警
2025-05-05 16:20:00,6,预警,瞬时低炉温焚烧,预警
2025-05-05 16:20:00,6,报警,低炉温焚烧,报警
2025-05-05 16:25:00,6,预警,瞬时低炉温焚烧,预警
2025-05-05 16:25:00,6,报警,低炉温焚烧,报警
2025-05-05 16:30:00,6,报警,低炉温焚烧,报警
2025-05-05 16:30:00,5,预警,焚烧炉出口氧含量偏低,预警
2025-05-05 16:30:00,6,预警,瞬时低炉温焚烧,预警
2025-05-05 16:32:00,3,预警,焚烧炉出口氧含量偏高,预警
2025-05-05 16:35:00,6,预警,瞬时低炉温焚烧,预警
2025-05-05 16:35:00,6,报警,低炉温焚烧,报警
2025-05-05 16:38:00,5,预警,焚烧炉出口氧含量偏低,预警
2025-05-05 16:40:00,6,报警,低炉温焚烧,报警
2025-05-05 16:40:00,6,预警,瞬时低炉温焚烧,预警
2025-05-05 16:45:00,6,预警,瞬时低炉温焚烧,预警
2025-05-05 16:45:00,6,报警,低炉温焚烧,报警
2025-05-05 16:50:00,6,预警,瞬时低炉温焚烧,预警
2025-05-05 16:50:00,6,报警,低炉温焚烧,报警
2025-05-05 16:55:00,6,预警,瞬时低炉温焚烧,预警
2025-05-05 16:55:00,6,报警,低炉温焚烧,报警
2025-05-05 17:00:00,6,报警,低炉温焚烧,报警
2025-05-05 17:00:00,6,预警,烟气中氮氧化物（NOx）浓度较高,预警
2025-05-05 17:00:00,6,预警,瞬时低炉温焚烧,预警
2025-05-05 17:00:00,6,预警,烟气中颗粒物（PM）浓度较高,预警
2025-05-05 17:00:00,6,预警,烟气中氯化氢（HCl）浓度较高,预警
2025-05-05 17:02:00,3,预警,焚烧炉出口氧含量偏高,预警
2025-05-05 17:04:00,5,预警,焚烧炉出口氧含量偏低,预警
2025-05-05 17:05:00,6,预警,瞬时低炉温焚烧,预警
2025-05-05 17:05:00,6,报警,低炉温焚烧,报警
2025-05-05 17:10:00,6,报警,低炉温焚烧,报警
2025-05-05 17:10:00,6,预警,瞬时低炉温焚烧,预警
2025-05-05 17:15:00,6,预警,瞬时低炉温焚烧,预警
2025-05-05 17:15:00,6,报警,低炉温焚烧,报警
2025-05-05 17:18:00,5,预警,焚烧炉出口氧含量偏低,预警
2025-05-05 17:20:00,6,预警,瞬时低炉温焚烧,预警
2025-05-05 17:20:00,6,报警,低炉温焚烧,报警
2025-05-05 17:22:00,4,预警,布袋除尘器压力损失偏高,预警
2025-05-05 17:25:00,6,预警,瞬时低炉温焚烧,预警
2025-05-05 17:25:00,6,报警,低炉温焚烧,报警
2025-05-05 17:28:00,4,预警,布袋除尘器压力损失偏高,预警
2025-05-05 17:30:00,6,预警,瞬时低炉温焚烧,预警
2025-05-05 17:30:00,6,报警,低炉温焚烧,报警
2025-05-05 17:35:00,6,预警,瞬时低炉温焚烧,预警
2025-05-05 17:35:00,6,报警,低炉温焚烧,报警
2025-05-05 17:40:00,6,报警,低炉温焚烧,报警
2025-05-05 17:40:00,6,预警,瞬时低炉温焚烧,预警
2025-05-05 17:45:00,6,报警,低炉温焚烧,报警
2025-05-05 17:45:00,6,预警,瞬时低炉温焚烧,预警
2025-05-05 17:46:00,5,预警,焚烧炉出口氧含量偏低,预警
2025-05-05 17:50:00,6,预警,瞬时低炉温焚烧,预警
2025-05-05 17:50:00,6,报警,低炉温焚烧,报警
2025-05-05 17:52:00,5,预警,焚烧炉出口氧含量偏低,预警
2025-05-05 17:55:00,6,预警,瞬时低炉温焚烧,预警
2025-05-05 17:55:00,6,报警,低炉温焚烧,报警
2025-05-05 18:00:00,6,报警,低炉温焚烧,报警
2025-05-05 18:00:00,6,预警,瞬时低炉温焚烧,预警
2025-05-05 18:02:00,4,预警,布袋除尘器压力损失偏高,预警
2025-05-05 18:05:00,6,预警,瞬时低炉温焚烧,预警
2025-05-05 18:05:00,6,报警,低炉温焚烧,报警
2025-05-05 18:06:00,5,预警,焚烧炉出口氧含量偏低,预警
2025-05-05 18:10:00,6,报警,低炉温焚烧,报警
2025-05-05 18:10:00,6,预警,瞬时低炉温焚烧,预警
2025-05-05 18:12:00,5,预警,焚烧炉出口氧含量偏低,预警
2025-05-05 18:14:00,4,预警,布袋除尘器压力损失偏高,预警
2025-05-05 18:15:00,6,报警,低炉温焚烧,报警
2025-05-05 18:15:00,6,预警,瞬时低炉温焚烧,预警
2025-05-05 18:20:00,6,报警,低炉温焚烧,报警
2025-05-05 18:20:00,6,预警,瞬时低炉温焚烧,预警
2025-05-05 18:25:00,6,预警,瞬时低炉温焚烧,预警
2025-05-05 18:25:00,6,报警,低炉温焚烧,报警
2025-05-05 18:30:00,6,预警,瞬时低炉温焚烧,预警
2025-05-05 18:30:00,6,报警,低炉温焚烧,报警
2025-05-05 18:34:00,5,预警,焚烧炉出口氧含量偏低,预警
2025-05-05 18:35:00,6,预警,瞬时低炉温焚烧,预警
2025-05-05 18:35:00,6,报警,低炉温焚烧,报警
2025-05-05 18:40:00,6,预警,瞬时低炉温焚烧,预警
2025-05-05 18:40:00,6,报警,低炉温焚烧,报警
2025-05-05 18:45:00,6,预警,瞬时低炉温焚烧,预警
2025-05-05 18:45:00,6,报警,低炉温焚烧,报警
2025-05-05 18:50:00,6,报警,低炉温焚烧,报警
2025-05-05 18:50:00,6,预警,瞬时低炉温焚烧,预警
2025-05-05 18:55:00,6,报警,低炉温焚烧,报警
2025-05-05 18:55:00,6,预警,瞬时低炉温焚烧,预警
2025-05-05 19:00:00,6,预警,瞬时低炉温焚烧,预警
2025-05-05 19:00:00,6,报警,低炉温焚烧,报警
2025-05-05 19:05:00,6,预警,瞬时低炉温焚烧,预警
2025-05-05 19:05:00,6,报警,低炉温焚烧,报警
2025-05-05 19:10:00,6,报警,低炉温焚烧,报警
2025-05-05 19:10:00,6,预警,瞬时低炉温焚烧,预警
2025-05-05 19:14:00,5,预警,焚烧炉出口氧含量偏低,预警
2025-05-05 19:15:00,6,预警,瞬时低炉温焚烧,预警
2025-05-05 19:15:00,6,报警,低炉温焚烧,报警
2025-05-05 19:20:00,6,报警,低炉温焚烧,报警
2025-05-05 19:20:00,5,预警,焚烧炉出口氧含量偏低,预警
2025-05-05 19:20:00,6,预警,瞬时低炉温焚烧,预警
2025-05-05 19:25:00,6,报警,低炉温焚烧,报警
2025-05-05 19:25:00,6,预警,瞬时低炉温焚烧,预警
2025-05-05 19:30:00,6,报警,低炉温焚烧,报警
2025-05-05 19:30:00,6,预警,瞬时低炉温焚烧,预警
2025-05-05 19:30:00,5,预警,焚烧炉出口氧含量偏低,预警
2025-05-05 19:35:00,6,报警,低炉温焚烧,报警
2025-05-05 19:35:00,6,预警,瞬时低炉温焚烧,预警
2025-05-05 19:40:00,6,预警,瞬时低炉温焚烧,预警
2025-05-05 19:40:00,6,报警,低炉温焚烧,报警
2025-05-05 19:45:00,6,预警,瞬时低炉温焚烧,预警
2025-05-05 19:45:00,6,报警,低炉温焚烧,报警
2025-05-05 19:48:00,5,预警,焚烧炉出口氧含量偏低,预警
2025-05-05 19:50:00,6,预警,瞬时低炉温焚烧,预警
2025-05-05 19:50:00,6,报警,低炉温焚烧,报警
2025-05-05 19:55:00,6,报警,低炉温焚烧,报警
2025-05-05 19:55:00,6,预警,瞬时低炉温焚烧,预警
2025-05-05 20:00:00,6,报警,低炉温焚烧,报警
2025-05-05 20:00:00,6,预警,瞬时低炉温焚烧,预警
2025-05-05 20:05:00,6,预警,瞬时低炉温焚烧,预警
2025-05-05 20:05:00,6,报警,低炉温焚烧,报警
2025-05-05 20:06:00,5,预警,焚烧炉出口氧含量偏低,预警
2025-05-05 20:10:00,6,预警,瞬时低炉温焚烧,预警
2025-05-05 20:10:00,6,报警,低炉温焚烧,报警
2025-05-05 20:15:00,6,报警,低炉温焚烧,报警
2025-05-05 20:15:00,6,预警,瞬时低炉温焚烧,预警
2025-05-05 20:18:00,5,预警,焚烧炉出口氧含量偏低,预警
2025-05-05 20:20:00,6,报警,低炉温焚烧,报警
2025-05-05 20:20:00,6,预警,瞬时低炉温焚烧,预警
2025-05-05 20:25:00,6,报警,低炉温焚烧,报警
2025-05-05 20:25:00,6,预警,瞬时低炉温焚烧,预警
2025-05-05 20:30:00,6,报警,低炉温焚烧,报警
2025-05-05 20:30:00,6,预警,瞬时低炉温焚烧,预警
2025-05-05 20:32:00,5,预警,焚烧炉出口氧含量偏低,预警
2025-05-05 20:35:00,6,报警,低炉温焚烧,报警
2025-05-05 20:35:00,6,预警,瞬时低炉温焚烧,预警
2025-05-05 20:40:00,6,报警,低炉温焚烧,报警
2025-05-05 20:40:00,6,预警,瞬时低炉温焚烧,预警
2025-05-05 20:45:00,6,报警,低炉温焚烧,报警
2025-05-05 20:45:00,6,预警,瞬时低炉温焚烧,预警
2025-05-05 20:50:00,6,报警,低炉温焚烧,报警
2025-05-05 20:50:00,6,预警,瞬时低炉温焚烧,预警
2025-05-05 20:55:00,6,报警,低炉温焚烧,报警
2025-05-05 20:55:00,6,预警,瞬时低炉温焚烧,预警
2025-05-05 21:00:00,6,预警,瞬时低炉温焚烧,预警
2025-05-05 21:00:00,6,报警,低炉温焚烧,报警
2025-05-05 21:04:00,5,预警,焚烧炉出口氧含量偏低,预警
2025-05-05 21:04:00,3,预警,焚烧炉出口氧含量偏高,预警
2025-05-05 21:05:00,6,预警,瞬时低炉温焚烧,预警
2025-05-05 21:05:00,6,报警,低炉温焚烧,报警
2025-05-05 21:10:00,6,预警,瞬时低炉温焚烧,预警
2025-05-05 21:10:00,6,报警,低炉温焚烧,报警
2025-05-05 21:15:00,6,报警,低炉温焚烧,报警
2025-05-05 21:15:00,6,预警,瞬时低炉温焚烧,预警
2025-05-05 21:20:00,6,报警,低炉温焚烧,报警
2025-05-05 21:20:00,6,预警,瞬时低炉温焚烧,预警
2025-05-05 21:25:00,6,预警,瞬时低炉温焚烧,预警
2025-05-05 21:25:00,6,报警,低炉温焚烧,报警
2025-05-05 21:28:00,5,预警,焚烧炉出口氧含量偏低,预警
2025-05-05 21:30:00,6,报警,低炉温焚烧,报警
2025-05-05 21:30:00,6,预警,瞬时低炉温焚烧,预警
2025-05-05 21:35:00,6,预警,瞬时低炉温焚烧,预警
2025-05-05 21:35:00,6,报警,低炉温焚烧,报警
2025-05-05 21:40:00,6,报警,低炉温焚烧,报警
2025-05-05 21:40:00,6,预警,瞬时低炉温焚烧,预警
2025-05-05 21:45:00,6,预警,瞬时低炉温焚烧,预警
2025-05-05 21:45:00,6,报警,低炉温焚烧,报警
2025-05-05 21:48:00,5,预警,焚烧炉出口氧含量偏低,预警
2025-05-05 21:50:00,6,预警,瞬时低炉温焚烧,预警
2025-05-05 21:50:00,6,报警,低炉温焚烧,报警
2025-05-05 21:55:00,6,预警,瞬时低炉温焚烧,预警
2025-05-05 21:55:00,6,报警,低炉温焚烧,报警
2025-05-05 22:00:00,6,预警,瞬时低炉温焚烧,预警
2025-05-05 22:00:00,6,报警,低炉温焚烧,报警
2025-05-05 22:04:00,5,预警,焚烧炉出口氧含量偏低,预警
2025-05-05 22:05:00,6,预警,瞬时低炉温焚烧,预警
2025-05-05 22:05:00,6,报警,低炉温焚烧,报警
2025-05-05 22:10:00,6,报警,低炉温焚烧,报警
2025-05-05 22:10:00,6,预警,瞬时低炉温焚烧,预警
2025-05-05 22:10:00,5,预警,焚烧炉出口氧含量偏低,预警
2025-05-05 22:15:00,6,报警,低炉温焚烧,报警
2025-05-05 22:15:00,6,预警,瞬时低炉温焚烧,预警
2025-05-05 22:18:00,5,预警,焚烧炉出口氧含量偏低,预警
2025-05-05 22:20:00,6,预警,瞬时低炉温焚烧,预警
2025-05-05 22:20:00,6,报警,低炉温焚烧,报警
2025-05-05 22:25:00,6,预警,瞬时低炉温焚烧,预警
2025-05-05 22:25:00,6,报警,低炉温焚烧,报警
2025-05-05 22:26:00,5,预警,焚烧炉出口氧含量偏低,预警
2025-05-05 22:30:00,6,报警,低炉温焚烧,报警
2025-05-05 22:30:00,6,预警,瞬时低炉温焚烧,预警
2025-05-05 22:35:00,6,预警,瞬时低炉温焚烧,预警
2025-05-05 22:35:00,6,报警,低炉温焚烧,报警
2025-05-05 22:40:00,6,报警,低炉温焚烧,报警
2025-05-05 22:40:00,6,预警,瞬时低炉温焚烧,预警
2025-05-05 22:42:00,5,预警,焚烧炉出口氧含量偏低,预警
2025-05-05 22:45:00,6,预警,瞬时低炉温焚烧,预警
2025-05-05 22:45:00,6,报警,低炉温焚烧,报警
2025-05-05 22:50:00,6,报警,低炉温焚烧,报警
2025-05-05 22:50:00,5,预警,焚烧炉出口氧含量偏低,预警
2025-05-05 22:50:00,6,预警,瞬时低炉温焚烧,预警
2025-05-05 22:55:00,6,报警,低炉温焚烧,报警
2025-05-05 22:55:00,6,预警,瞬时低炉温焚烧,预警
2025-05-05 23:00:00,6,报警,低炉温焚烧,报警
2025-05-05 23:00:00,6,预警,瞬时低炉温焚烧,预警
2025-05-05 23:05:00,6,预警,瞬时低炉温焚烧,预警
2025-05-05 23:05:00,6,报警,低炉温焚烧,报警
2025-05-05 23:06:00,5,预警,焚烧炉出口氧含量偏低,预警
2025-05-05 23:10:00,6,预警,瞬时低炉温焚烧,预警
2025-05-05 23:10:00,6,报警,低炉温焚烧,报警
2025-05-05 23:15:00,6,预警,瞬时低炉温焚烧,预警
2025-05-05 23:15:00,6,报警,低炉温焚烧,报警
2025-05-05 23:20:00,6,预警,瞬时低炉温焚烧,预警
2025-05-05 23:20:00,6,报警,低炉温焚烧,报警
2025-05-05 23:25:00,6,预警,瞬时低炉温焚烧,预警
2025-05-05 23:25:00,6,报警,低炉温焚烧,报警
2025-05-05 23:30:00,6,预警,瞬时低炉温焚烧,预警
2025-05-05 23:30:00,6,报警,低炉温焚烧,报警
2025-05-05 23:35:00,6,预警,瞬时低炉温焚烧,预警
2025-05-05 23:35:00,6,报警,低炉温焚烧,报警
2025-05-05 23:40:00,6,报警,低炉温焚烧,报警
2025-05-05 23:40:00,6,预警,瞬时低炉温焚烧,预警
2025-05-05 23:45:00,6,预警,瞬时低炉温焚烧,预警
2025-05-05 23:45:00,6,报警,低炉温焚烧,报警
2025-05-05 23:46:00,5,预警,焚烧炉出口氧含量偏低,预警
2025-05-05 23:50:00,6,报警,低炉温焚烧,报警
2025-05-05 23:50:00,5,预警,焚烧炉出口氧含量偏低,预警
2025-05-05 23:50:00,6,预警,瞬时低炉温焚烧,预警
2025-05-05 23:55:00,6,报警,低炉温焚烧,报警
2025-05-05 23:55:00,6,预警,瞬时低炉温焚烧,预警
