﻿时间,炉号,预警/报警类型,预警/报警事件,预警/报警区分
2025-06-20 00:00:00,6,预警,瞬时低炉温焚烧,预警
2025-06-20 00:00:00,6,报警,烟气中氮氧化物（NOx）排放超标,报警
2025-06-20 00:00:00,6,报警,烟气中颗粒物（PM）排放超标,报警
2025-06-20 00:00:00,6,报警,低炉温焚烧,报警
2025-06-20 00:00:00,6,预警,烟气中一氧化碳（CO）浓度较高,预警
2025-06-20 00:00:00,6,预警,烟气中氯化氢（HCl）浓度较高,预警
2025-06-20 00:00:00,6,预警,烟气中氮氧化物（NOx）浓度较高,预警
2025-06-20 00:00:00,6,预警,烟气中颗粒物（PM）浓度较高,预警
2025-06-20 00:00:00,6,预警,焚烧炉出口氧含量偏高,预警
2025-06-20 00:00:00,6,报警,烟气中氯化氢（HCl）排放超标,报警
2025-06-20 00:00:00,5,预警,焚烧炉出口氧含量偏低,预警
2025-06-20 00:00:00,4,预警,焚烧炉出口氧含量偏高,预警
2025-06-20 00:00:00,3,预警,焚烧炉出口氧含量偏高,预警
2025-06-20 00:00:00,6,报警,烟气中一氧化碳（CO）排放超标,报警
2025-06-20 00:04:00,5,预警,焚烧炉出口氧含量偏低,预警
2025-06-20 00:05:00,6,预警,瞬时低炉温焚烧,预警
2025-06-20 00:05:00,6,报警,低炉温焚烧,报警
2025-06-20 00:10:00,6,预警,瞬时低炉温焚烧,预警
2025-06-20 00:10:00,6,报警,低炉温焚烧,报警
2025-06-20 00:15:00,6,预警,瞬时低炉温焚烧,预警
2025-06-20 00:15:00,6,报警,低炉温焚烧,报警
2025-06-20 00:20:00,6,预警,瞬时低炉温焚烧,预警
2025-06-20 00:20:00,6,报警,低炉温焚烧,报警
2025-06-20 00:25:00,6,预警,瞬时低炉温焚烧,预警
2025-06-20 00:25:00,6,报警,低炉温焚烧,报警
2025-06-20 00:28:00,5,预警,焚烧炉出口氧含量偏低,预警
2025-06-20 00:30:00,6,报警,低炉温焚烧,报警
2025-06-20 00:30:00,6,预警,瞬时低炉温焚烧,预警
2025-06-20 00:35:00,6,报警,低炉温焚烧,报警
2025-06-20 00:35:00,6,预警,瞬时低炉温焚烧,预警
2025-06-20 00:38:00,5,预警,焚烧炉出口氧含量偏低,预警
2025-06-20 00:40:00,6,预警,瞬时低炉温焚烧,预警
2025-06-20 00:40:00,6,报警,低炉温焚烧,报警
2025-06-20 00:45:00,6,报警,低炉温焚烧,报警
2025-06-20 00:45:00,6,预警,瞬时低炉温焚烧,预警
2025-06-20 00:50:00,6,报警,低炉温焚烧,报警
2025-06-20 00:50:00,6,预警,瞬时低炉温焚烧,预警
2025-06-20 00:55:00,6,报警,低炉温焚烧,报警
2025-06-20 00:55:00,6,预警,瞬时低炉温焚烧,预警
2025-06-20 00:58:00,5,预警,焚烧炉出口氧含量偏低,预警
2025-06-20 01:00:00,6,预警,烟气中颗粒物（PM）浓度较高,预警
2025-06-20 01:00:00,6,预警,烟气中氮氧化物（NOx）浓度较高,预警
2025-06-20 01:00:00,6,预警,烟气中氯化氢（HCl）浓度较高,预警
2025-06-20 01:00:00,6,预警,烟气中一氧化碳（CO）浓度较高,预警
2025-06-20 01:00:00,6,报警,低炉温焚烧,报警
2025-06-20 01:00:00,6,预警,瞬时低炉温焚烧,预警
2025-06-20 01:05:00,6,报警,低炉温焚烧,报警
2025-06-20 01:05:00,6,预警,瞬时低炉温焚烧,预警
2025-06-20 01:08:00,5,预警,焚烧炉出口氧含量偏低,预警
2025-06-20 01:10:00,6,报警,低炉温焚烧,报警
2025-06-20 01:10:00,6,预警,瞬时低炉温焚烧,预警
2025-06-20 01:15:00,6,报警,低炉温焚烧,报警
2025-06-20 01:15:00,6,预警,瞬时低炉温焚烧,预警
2025-06-20 01:20:00,6,报警,低炉温焚烧,报警
2025-06-20 01:20:00,6,预警,瞬时低炉温焚烧,预警
2025-06-20 01:25:00,6,报警,低炉温焚烧,报警
2025-06-20 01:25:00,6,预警,瞬时低炉温焚烧,预警
2025-06-20 01:30:00,6,预警,瞬时低炉温焚烧,预警
2025-06-20 01:30:00,6,报警,低炉温焚烧,报警
2025-06-20 01:35:00,6,预警,瞬时低炉温焚烧,预警
2025-06-20 01:35:00,6,报警,低炉温焚烧,报警
2025-06-20 01:40:00,6,预警,瞬时低炉温焚烧,预警
2025-06-20 01:40:00,6,报警,低炉温焚烧,报警
2025-06-20 01:45:00,6,报警,低炉温焚烧,报警
2025-06-20 01:45:00,6,预警,瞬时低炉温焚烧,预警
2025-06-20 01:50:00,6,报警,低炉温焚烧,报警
2025-06-20 01:50:00,6,预警,瞬时低炉温焚烧,预警
2025-06-20 01:55:00,6,报警,低炉温焚烧,报警
2025-06-20 01:55:00,6,预警,瞬时低炉温焚烧,预警
2025-06-20 02:00:00,6,预警,瞬时低炉温焚烧,预警
2025-06-20 02:00:00,6,预警,烟气中氯化氢（HCl）浓度较高,预警
2025-06-20 02:00:00,6,预警,烟气中氮氧化物（NOx）浓度较高,预警
2025-06-20 02:00:00,6,预警,烟气中颗粒物（PM）浓度较高,预警
2025-06-20 02:00:00,6,报警,低炉温焚烧,报警
2025-06-20 02:00:00,6,预警,烟气中一氧化碳（CO）浓度较高,预警
2025-06-20 02:05:00,6,报警,低炉温焚烧,报警
2025-06-20 02:05:00,6,预警,瞬时低炉温焚烧,预警
2025-06-20 02:10:00,6,预警,瞬时低炉温焚烧,预警
2025-06-20 02:10:00,6,报警,低炉温焚烧,报警
2025-06-20 02:15:00,6,预警,瞬时低炉温焚烧,预警
2025-06-20 02:15:00,6,报警,低炉温焚烧,报警
2025-06-20 02:20:00,6,预警,瞬时低炉温焚烧,预警
2025-06-20 02:20:00,6,报警,低炉温焚烧,报警
2025-06-20 02:25:00,6,报警,低炉温焚烧,报警
2025-06-20 02:25:00,6,预警,瞬时低炉温焚烧,预警
2025-06-20 02:30:00,6,报警,低炉温焚烧,报警
2025-06-20 02:30:00,5,预警,焚烧炉出口氧含量偏低,预警
2025-06-20 02:30:00,6,预警,瞬时低炉温焚烧,预警
2025-06-20 02:35:00,6,预警,瞬时低炉温焚烧,预警
2025-06-20 02:35:00,6,报警,低炉温焚烧,报警
2025-06-20 02:40:00,6,预警,瞬时低炉温焚烧,预警
2025-06-20 02:40:00,6,报警,低炉温焚烧,报警
2025-06-20 02:45:00,6,预警,瞬时低炉温焚烧,预警
2025-06-20 02:45:00,6,报警,低炉温焚烧,报警
2025-06-20 02:50:00,6,报警,低炉温焚烧,报警
2025-06-20 02:50:00,6,预警,瞬时低炉温焚烧,预警
2025-06-20 02:55:00,6,报警,低炉温焚烧,报警
2025-06-20 02:55:00,6,预警,瞬时低炉温焚烧,预警
2025-06-20 03:00:00,6,预警,瞬时低炉温焚烧,预警
2025-06-20 03:00:00,6,预警,烟气中氮氧化物（NOx）浓度较高,预警
2025-06-20 03:00:00,6,预警,烟气中颗粒物（PM）浓度较高,预警
2025-06-20 03:00:00,6,预警,烟气中一氧化碳（CO）浓度较高,预警
2025-06-20 03:00:00,6,报警,低炉温焚烧,报警
2025-06-20 03:00:00,6,预警,烟气中氯化氢（HCl）浓度较高,预警
2025-06-20 03:05:00,6,预警,瞬时低炉温焚烧,预警
2025-06-20 03:05:00,6,报警,低炉温焚烧,报警
2025-06-20 03:10:00,6,报警,低炉温焚烧,报警
2025-06-20 03:10:00,6,预警,瞬时低炉温焚烧,预警
2025-06-20 03:12:00,3,预警,焚烧炉出口氧含量偏高,预警
2025-06-20 03:15:00,6,报警,低炉温焚烧,报警
2025-06-20 03:15:00,6,预警,瞬时低炉温焚烧,预警
2025-06-20 03:20:00,6,报警,低炉温焚烧,报警
2025-06-20 03:20:00,6,预警,瞬时低炉温焚烧,预警
2025-06-20 03:25:00,6,预警,瞬时低炉温焚烧,预警
2025-06-20 03:25:00,6,报警,低炉温焚烧,报警
2025-06-20 03:30:00,6,预警,瞬时低炉温焚烧,预警
2025-06-20 03:30:00,6,报警,低炉温焚烧,报警
2025-06-20 03:35:00,6,预警,瞬时低炉温焚烧,预警
2025-06-20 03:35:00,6,报警,低炉温焚烧,报警
2025-06-20 03:40:00,6,报警,低炉温焚烧,报警
2025-06-20 03:40:00,6,预警,瞬时低炉温焚烧,预警
2025-06-20 03:45:00,6,报警,低炉温焚烧,报警
2025-06-20 03:45:00,6,预警,瞬时低炉温焚烧,预警
2025-06-20 03:50:00,6,报警,低炉温焚烧,报警
2025-06-20 03:50:00,6,预警,瞬时低炉温焚烧,预警
2025-06-20 03:55:00,6,预警,瞬时低炉温焚烧,预警
2025-06-20 03:55:00,6,报警,低炉温焚烧,报警
2025-06-20 04:00:00,6,预警,烟气中氯化氢（HCl）浓度较高,预警
2025-06-20 04:00:00,6,预警,烟气中氮氧化物（NOx）浓度较高,预警
2025-06-20 04:00:00,6,预警,瞬时低炉温焚烧,预警
2025-06-20 04:00:00,6,预警,烟气中一氧化碳（CO）浓度较高,预警
2025-06-20 04:00:00,6,预警,烟气中颗粒物（PM）浓度较高,预警
2025-06-20 04:00:00,6,报警,低炉温焚烧,报警
2025-06-20 04:02:00,3,预警,焚烧炉出口氧含量偏高,预警
2025-06-20 04:05:00,6,报警,低炉温焚烧,报警
2025-06-20 04:05:00,6,预警,瞬时低炉温焚烧,预警
2025-06-20 04:10:00,6,报警,低炉温焚烧,报警
2025-06-20 04:10:00,6,预警,瞬时低炉温焚烧,预警
2025-06-20 04:15:00,6,报警,低炉温焚烧,报警
2025-06-20 04:15:00,6,预警,瞬时低炉温焚烧,预警
2025-06-20 04:20:00,6,预警,瞬时低炉温焚烧,预警
2025-06-20 04:20:00,6,报警,低炉温焚烧,报警
2025-06-20 04:25:00,6,预警,瞬时低炉温焚烧,预警
2025-06-20 04:25:00,6,报警,低炉温焚烧,报警
2025-06-20 04:30:00,6,预警,瞬时低炉温焚烧,预警
2025-06-20 04:30:00,6,报警,低炉温焚烧,报警
2025-06-20 04:35:00,6,预警,瞬时低炉温焚烧,预警
2025-06-20 04:35:00,6,报警,低炉温焚烧,报警
2025-06-20 04:40:00,6,预警,瞬时低炉温焚烧,预警
2025-06-20 04:40:00,6,报警,低炉温焚烧,报警
2025-06-20 04:44:00,5,预警,焚烧炉出口氧含量偏低,预警
2025-06-20 04:45:00,6,预警,瞬时低炉温焚烧,预警
2025-06-20 04:45:00,6,报警,低炉温焚烧,报警
2025-06-20 04:50:00,6,报警,低炉温焚烧,报警
2025-06-20 04:50:00,6,预警,瞬时低炉温焚烧,预警
2025-06-20 04:52:00,5,预警,焚烧炉出口氧含量偏低,预警
2025-06-20 04:55:00,6,预警,瞬时低炉温焚烧,预警
2025-06-20 04:55:00,6,报警,低炉温焚烧,报警
2025-06-20 05:00:00,6,预警,烟气中氮氧化物（NOx）浓度较高,预警
2025-06-20 05:00:00,6,预警,烟气中氯化氢（HCl）浓度较高,预警
2025-06-20 05:00:00,6,预警,烟气中一氧化碳（CO）浓度较高,预警
2025-06-20 05:00:00,6,报警,低炉温焚烧,报警
2025-06-20 05:00:00,6,预警,烟气中颗粒物（PM）浓度较高,预警
2025-06-20 05:00:00,6,预警,瞬时低炉温焚烧,预警
2025-06-20 05:05:00,6,报警,低炉温焚烧,报警
2025-06-20 05:05:00,6,预警,瞬时低炉温焚烧,预警
2025-06-20 05:10:00,6,预警,瞬时低炉温焚烧,预警
2025-06-20 05:10:00,6,报警,低炉温焚烧,报警
2025-06-20 05:15:00,6,预警,瞬时低炉温焚烧,预警
2025-06-20 05:15:00,6,报警,低炉温焚烧,报警
2025-06-20 05:18:00,5,预警,焚烧炉出口氧含量偏低,预警
2025-06-20 05:20:00,6,报警,低炉温焚烧,报警
2025-06-20 05:20:00,6,预警,瞬时低炉温焚烧,预警
2025-06-20 05:24:00,5,预警,焚烧炉出口氧含量偏低,预警
2025-06-20 05:25:00,6,报警,低炉温焚烧,报警
2025-06-20 05:25:00,6,预警,瞬时低炉温焚烧,预警
2025-06-20 05:30:00,6,预警,瞬时低炉温焚烧,预警
2025-06-20 05:30:00,6,报警,低炉温焚烧,报警
2025-06-20 05:35:00,6,预警,瞬时低炉温焚烧,预警
2025-06-20 05:35:00,6,报警,低炉温焚烧,报警
2025-06-20 05:40:00,6,预警,瞬时低炉温焚烧,预警
2025-06-20 05:40:00,6,报警,低炉温焚烧,报警
2025-06-20 05:44:00,3,预警,焚烧炉出口氧含量偏高,预警
2025-06-20 05:45:00,6,报警,低炉温焚烧,报警
2025-06-20 05:45:00,6,预警,瞬时低炉温焚烧,预警
2025-06-20 05:50:00,6,预警,瞬时低炉温焚烧,预警
2025-06-20 05:50:00,6,报警,低炉温焚烧,报警
2025-06-20 05:55:00,6,预警,瞬时低炉温焚烧,预警
2025-06-20 05:55:00,6,报警,低炉温焚烧,报警
2025-06-20 06:00:00,6,预警,烟气中一氧化碳（CO）浓度较高,预警
2025-06-20 06:00:00,6,预警,烟气中颗粒物（PM）浓度较高,预警
2025-06-20 06:00:00,6,预警,烟气中氯化氢（HCl）浓度较高,预警
2025-06-20 06:00:00,6,报警,低炉温焚烧,报警
2025-06-20 06:00:00,6,预警,瞬时低炉温焚烧,预警
2025-06-20 06:00:00,6,预警,烟气中氮氧化物（NOx）浓度较高,预警
2025-06-20 06:05:00,6,预警,瞬时低炉温焚烧,预警
2025-06-20 06:05:00,6,报警,低炉温焚烧,报警
2025-06-20 06:10:00,6,报警,低炉温焚烧,报警
2025-06-20 06:10:00,6,预警,瞬时低炉温焚烧,预警
2025-06-20 06:14:00,5,预警,焚烧炉出口氧含量偏低,预警
2025-06-20 06:15:00,6,报警,低炉温焚烧,报警
2025-06-20 06:15:00,6,预警,瞬时低炉温焚烧,预警
2025-06-20 06:20:00,6,预警,瞬时低炉温焚烧,预警
2025-06-20 06:20:00,6,报警,低炉温焚烧,报警
2025-06-20 06:25:00,6,报警,低炉温焚烧,报警
2025-06-20 06:25:00,6,预警,瞬时低炉温焚烧,预警
2025-06-20 06:30:00,6,预警,瞬时低炉温焚烧,预警
2025-06-20 06:30:00,6,报警,低炉温焚烧,报警
2025-06-20 06:35:00,6,报警,低炉温焚烧,报警
2025-06-20 06:35:00,6,预警,瞬时低炉温焚烧,预警
2025-06-20 06:40:00,6,报警,低炉温焚烧,报警
2025-06-20 06:40:00,6,预警,瞬时低炉温焚烧,预警
2025-06-20 06:42:00,5,预警,焚烧炉出口氧含量偏低,预警
2025-06-20 06:45:00,6,报警,低炉温焚烧,报警
2025-06-20 06:45:00,6,预警,瞬时低炉温焚烧,预警
2025-06-20 06:50:00,6,报警,低炉温焚烧,报警
2025-06-20 06:50:00,6,预警,瞬时低炉温焚烧,预警
2025-06-20 06:55:00,6,报警,低炉温焚烧,报警
2025-06-20 06:55:00,6,预警,瞬时低炉温焚烧,预警
2025-06-20 07:00:00,6,预警,瞬时低炉温焚烧,预警
2025-06-20 07:00:00,6,预警,烟气中氮氧化物（NOx）浓度较高,预警
2025-06-20 07:00:00,6,预警,烟气中氯化氢（HCl）浓度较高,预警
2025-06-20 07:00:00,6,预警,烟气中颗粒物（PM）浓度较高,预警
2025-06-20 07:00:00,6,预警,烟气中一氧化碳（CO）浓度较高,预警
2025-06-20 07:00:00,6,报警,低炉温焚烧,报警
2025-06-20 07:05:00,6,报警,低炉温焚烧,报警
2025-06-20 07:05:00,6,预警,瞬时低炉温焚烧,预警
2025-06-20 07:10:00,6,报警,低炉温焚烧,报警
2025-06-20 07:10:00,6,预警,瞬时低炉温焚烧,预警
2025-06-20 07:15:00,6,预警,瞬时低炉温焚烧,预警
2025-06-20 07:15:00,6,报警,低炉温焚烧,报警
2025-06-20 07:20:00,6,预警,瞬时低炉温焚烧,预警
2025-06-20 07:20:00,6,报警,低炉温焚烧,报警
2025-06-20 07:25:00,6,预警,瞬时低炉温焚烧,预警
2025-06-20 07:25:00,6,报警,低炉温焚烧,报警
2025-06-20 07:30:00,6,预警,瞬时低炉温焚烧,预警
2025-06-20 07:30:00,6,报警,低炉温焚烧,报警
2025-06-20 07:35:00,6,预警,瞬时低炉温焚烧,预警
2025-06-20 07:35:00,6,报警,低炉温焚烧,报警
2025-06-20 07:40:00,6,预警,瞬时低炉温焚烧,预警
2025-06-20 07:40:00,6,报警,低炉温焚烧,报警
2025-06-20 07:45:00,6,报警,低炉温焚烧,报警
2025-06-20 07:45:00,6,预警,瞬时低炉温焚烧,预警
2025-06-20 07:50:00,6,预警,瞬时低炉温焚烧,预警
2025-06-20 07:50:00,6,报警,低炉温焚烧,报警
2025-06-20 07:55:00,6,预警,瞬时低炉温焚烧,预警
2025-06-20 07:55:00,6,报警,低炉温焚烧,报警
2025-06-20 08:00:00,6,预警,瞬时低炉温焚烧,预警
2025-06-20 08:00:00,6,预警,烟气中颗粒物（PM）浓度较高,预警
2025-06-20 08:00:00,6,预警,烟气中氮氧化物（NOx）浓度较高,预警
2025-06-20 08:00:00,6,预警,烟气中氯化氢（HCl）浓度较高,预警
2025-06-20 08:00:00,6,报警,低炉温焚烧,报警
2025-06-20 08:00:00,6,预警,烟气中一氧化碳（CO）浓度较高,预警
2025-06-20 08:04:00,5,预警,焚烧炉出口氧含量偏低,预警
2025-06-20 08:05:00,6,预警,瞬时低炉温焚烧,预警
2025-06-20 08:05:00,6,报警,低炉温焚烧,报警
2025-06-20 08:10:00,6,预警,瞬时低炉温焚烧,预警
2025-06-20 08:10:00,6,报警,低炉温焚烧,报警
2025-06-20 08:12:00,5,预警,焚烧炉出口氧含量偏低,预警
2025-06-20 08:15:00,6,预警,瞬时低炉温焚烧,预警
2025-06-20 08:15:00,6,报警,低炉温焚烧,报警
2025-06-20 08:20:00,5,预警,焚烧炉出口氧含量偏低,预警
2025-06-20 08:20:00,6,报警,低炉温焚烧,报警
2025-06-20 08:20:00,6,预警,瞬时低炉温焚烧,预警
2025-06-20 08:25:00,6,报警,低炉温焚烧,报警
2025-06-20 08:25:00,6,预警,瞬时低炉温焚烧,预警
2025-06-20 08:30:00,6,预警,瞬时低炉温焚烧,预警
2025-06-20 08:30:00,6,报警,低炉温焚烧,报警
2025-06-20 08:35:00,6,预警,瞬时低炉温焚烧,预警
2025-06-20 08:35:00,6,报警,低炉温焚烧,报警
2025-06-20 08:38:00,5,预警,焚烧炉出口氧含量偏低,预警
2025-06-20 08:38:00,3,预警,焚烧炉出口氧含量偏高,预警
2025-06-20 08:40:00,6,报警,低炉温焚烧,报警
2025-06-20 08:40:00,6,预警,瞬时低炉温焚烧,预警
2025-06-20 08:45:00,6,报警,低炉温焚烧,报警
2025-06-20 08:45:00,6,预警,瞬时低炉温焚烧,预警
2025-06-20 08:50:00,5,预警,焚烧炉出口氧含量偏低,预警
2025-06-20 08:50:00,6,报警,低炉温焚烧,报警
2025-06-20 08:50:00,6,预警,瞬时低炉温焚烧,预警
2025-06-20 08:55:00,6,预警,瞬时低炉温焚烧,预警
2025-06-20 08:55:00,6,报警,低炉温焚烧,报警
2025-06-20 08:58:00,5,预警,焚烧炉出口氧含量偏低,预警
2025-06-20 09:00:00,6,预警,烟气中氮氧化物（NOx）浓度较高,预警
2025-06-20 09:00:00,4,预警,焚烧炉出口氧含量偏低,预警
2025-06-20 09:00:00,6,报警,低炉温焚烧,报警
2025-06-20 09:00:00,6,预警,烟气中氯化氢（HCl）浓度较高,预警
2025-06-20 09:00:00,6,预警,烟气中颗粒物（PM）浓度较高,预警
2025-06-20 09:00:00,6,预警,烟气中一氧化碳（CO）浓度较高,预警
2025-06-20 09:00:00,6,预警,瞬时低炉温焚烧,预警
2025-06-20 09:05:00,6,预警,瞬时低炉温焚烧,预警
2025-06-20 09:05:00,6,报警,低炉温焚烧,报警
2025-06-20 09:10:00,6,预警,瞬时低炉温焚烧,预警
2025-06-20 09:10:00,6,报警,低炉温焚烧,报警
2025-06-20 09:12:00,5,预警,焚烧炉出口氧含量偏低,预警
2025-06-20 09:15:00,6,预警,瞬时低炉温焚烧,预警
2025-06-20 09:15:00,6,报警,低炉温焚烧,报警
2025-06-20 09:20:00,6,预警,瞬时低炉温焚烧,预警
2025-06-20 09:20:00,6,报警,低炉温焚烧,报警
2025-06-20 09:25:00,6,报警,低炉温焚烧,报警
2025-06-20 09:25:00,6,预警,瞬时低炉温焚烧,预警
2025-06-20 09:30:00,6,预警,瞬时低炉温焚烧,预警
2025-06-20 09:30:00,6,报警,低炉温焚烧,报警
2025-06-20 09:35:00,6,报警,低炉温焚烧,报警
2025-06-20 09:35:00,6,预警,瞬时低炉温焚烧,预警
2025-06-20 09:36:00,5,预警,焚烧炉出口氧含量偏低,预警
2025-06-20 09:40:00,6,报警,低炉温焚烧,报警
2025-06-20 09:40:00,6,预警,瞬时低炉温焚烧,预警
2025-06-20 09:45:00,6,报警,低炉温焚烧,报警
2025-06-20 09:45:00,6,预警,瞬时低炉温焚烧,预警
2025-06-20 09:50:00,6,报警,低炉温焚烧,报警
2025-06-20 09:50:00,6,预警,瞬时低炉温焚烧,预警
2025-06-20 09:55:00,6,预警,瞬时低炉温焚烧,预警
2025-06-20 09:55:00,6,报警,低炉温焚烧,报警
2025-06-20 10:00:00,6,预警,瞬时低炉温焚烧,预警
2025-06-20 10:00:00,6,预警,烟气中氮氧化物（NOx）浓度较高,预警
2025-06-20 10:00:00,6,报警,低炉温焚烧,报警
2025-06-20 10:00:00,6,预警,烟气中颗粒物（PM）浓度较高,预警
2025-06-20 10:00:00,6,预警,烟气中氯化氢（HCl）浓度较高,预警
2025-06-20 10:00:00,6,预警,烟气中一氧化碳（CO）浓度较高,预警
2025-06-20 10:04:00,5,预警,焚烧炉出口氧含量偏低,预警
2025-06-20 10:05:00,6,预警,瞬时低炉温焚烧,预警
2025-06-20 10:05:00,6,报警,低炉温焚烧,报警
2025-06-20 10:10:00,6,预警,瞬时低炉温焚烧,预警
2025-06-20 10:10:00,6,报警,低炉温焚烧,报警
2025-06-20 10:12:00,5,预警,焚烧炉出口氧含量偏低,预警
2025-06-20 10:15:00,6,报警,低炉温焚烧,报警
2025-06-20 10:15:00,6,预警,瞬时低炉温焚烧,预警
2025-06-20 10:20:00,6,报警,低炉温焚烧,报警
2025-06-20 10:20:00,6,预警,瞬时低炉温焚烧,预警
2025-06-20 10:20:00,5,预警,焚烧炉出口氧含量偏低,预警
2025-06-20 10:25:00,6,报警,低炉温焚烧,报警
2025-06-20 10:25:00,6,预警,瞬时低炉温焚烧,预警
2025-06-20 10:30:00,6,预警,瞬时低炉温焚烧,预警
2025-06-20 10:30:00,6,报警,低炉温焚烧,报警
2025-06-20 10:30:00,5,预警,焚烧炉出口氧含量偏低,预警
2025-06-20 10:30:00,4,预警,焚烧炉出口氧含量偏高,预警
2025-06-20 10:32:00,4,预警,焚烧炉出口氧含量偏低,预警
2025-06-20 10:35:00,6,预警,瞬时低炉温焚烧,预警
2025-06-20 10:35:00,6,报警,低炉温焚烧,报警
2025-06-20 10:38:00,4,预警,焚烧炉出口氧含量偏高,预警
2025-06-20 10:40:00,6,预警,瞬时低炉温焚烧,预警
2025-06-20 10:40:00,6,报警,低炉温焚烧,报警
2025-06-20 10:42:00,4,预警,焚烧炉出口氧含量偏低,预警
2025-06-20 10:45:00,6,预警,瞬时低炉温焚烧,预警
2025-06-20 10:45:00,6,报警,低炉温焚烧,报警
2025-06-20 10:46:00,5,预警,焚烧炉出口氧含量偏低,预警
2025-06-20 10:48:00,4,预警,焚烧炉出口氧含量偏高,预警
2025-06-20 10:50:00,6,报警,低炉温焚烧,报警
2025-06-20 10:50:00,6,预警,瞬时低炉温焚烧,预警
2025-06-20 10:52:00,4,预警,焚烧炉出口氧含量偏低,预警
2025-06-20 10:54:00,5,预警,焚烧炉出口氧含量偏低,预警
2025-06-20 10:55:00,6,预警,瞬时低炉温焚烧,预警
2025-06-20 10:55:00,6,报警,低炉温焚烧,报警
2025-06-20 10:56:00,4,预警,焚烧炉出口氧含量偏高,预警
2025-06-20 10:58:00,4,预警,焚烧炉出口氧含量偏低,预警
2025-06-20 11:00:00,6,预警,烟气中颗粒物（PM）浓度较高,预警
2025-06-20 11:00:00,6,预警,烟气中氯化氢（HCl）浓度较高,预警
2025-06-20 11:00:00,6,报警,低炉温焚烧,报警
2025-06-20 11:00:00,6,预警,烟气中氮氧化物（NOx）浓度较高,预警
2025-06-20 11:00:00,6,预警,瞬时低炉温焚烧,预警
2025-06-20 11:00:00,6,预警,烟气中一氧化碳（CO）浓度较高,预警
2025-06-20 11:05:00,6,报警,低炉温焚烧,报警
2025-06-20 11:05:00,6,预警,瞬时低炉温焚烧,预警
2025-06-20 11:06:00,4,预警,焚烧炉出口氧含量偏低,预警
2025-06-20 11:08:00,5,预警,焚烧炉出口氧含量偏低,预警
2025-06-20 11:10:00,4,预警,焚烧炉出口氧含量偏高,预警
2025-06-20 11:10:00,6,报警,低炉温焚烧,报警
2025-06-20 11:10:00,6,预警,瞬时低炉温焚烧,预警
2025-06-20 11:12:00,4,预警,焚烧炉出口氧含量偏低,预警
2025-06-20 11:15:00,6,报警,低炉温焚烧,报警
2025-06-20 11:15:00,6,预警,瞬时低炉温焚烧,预警
2025-06-20 11:16:00,4,预警,焚烧炉出口氧含量偏高,预警
2025-06-20 11:20:00,6,预警,瞬时低炉温焚烧,预警
2025-06-20 11:20:00,4,预警,焚烧炉出口氧含量偏低,预警
2025-06-20 11:20:00,6,报警,低炉温焚烧,报警
2025-06-20 11:22:00,3,预警,焚烧炉出口氧含量偏高,预警
2025-06-20 11:24:00,5,预警,焚烧炉出口氧含量偏低,预警
2025-06-20 11:25:00,6,报警,低炉温焚烧,报警
2025-06-20 11:25:00,6,预警,瞬时低炉温焚烧,预警
2025-06-20 11:26:00,4,预警,焚烧炉出口氧含量偏低,预警
2025-06-20 11:30:00,6,预警,瞬时低炉温焚烧,预警
2025-06-20 11:30:00,4,预警,焚烧炉出口氧含量偏高,预警
2025-06-20 11:30:00,6,报警,低炉温焚烧,报警
2025-06-20 11:30:00,5,预警,焚烧炉出口氧含量偏低,预警
2025-06-20 11:32:00,4,预警,焚烧炉出口氧含量偏低,预警
2025-06-20 11:35:00,6,预警,瞬时低炉温焚烧,预警
2025-06-20 11:35:00,6,报警,低炉温焚烧,报警
2025-06-20 11:36:00,4,预警,焚烧炉出口氧含量偏高,预警
2025-06-20 11:40:00,6,报警,低炉温焚烧,报警
2025-06-20 11:40:00,5,预警,焚烧炉出口氧含量偏低,预警
2025-06-20 11:40:00,6,预警,瞬时低炉温焚烧,预警
2025-06-20 11:40:00,4,预警,焚烧炉出口氧含量偏低,预警
2025-06-20 11:45:00,6,预警,瞬时低炉温焚烧,预警
2025-06-20 11:45:00,6,报警,低炉温焚烧,报警
2025-06-20 11:46:00,5,预警,焚烧炉出口氧含量偏低,预警
2025-06-20 11:46:00,4,预警,焚烧炉出口氧含量偏低,预警
2025-06-20 11:50:00,6,预警,瞬时低炉温焚烧,预警
2025-06-20 11:50:00,6,报警,低炉温焚烧,报警
2025-06-20 11:52:00,5,预警,焚烧炉出口氧含量偏低,预警
2025-06-20 11:55:00,6,预警,瞬时低炉温焚烧,预警
2025-06-20 11:55:00,6,报警,低炉温焚烧,报警
2025-06-20 12:00:00,6,预警,瞬时低炉温焚烧,预警
2025-06-20 12:00:00,6,预警,烟气中一氧化碳（CO）浓度较高,预警
2025-06-20 12:00:00,6,报警,低炉温焚烧,报警
2025-06-20 12:00:00,6,预警,烟气中氮氧化物（NOx）浓度较高,预警
2025-06-20 12:00:00,6,预警,烟气中氯化氢（HCl）浓度较高,预警
2025-06-20 12:00:00,5,预警,焚烧炉出口氧含量偏低,预警
2025-06-20 12:00:00,6,预警,烟气中颗粒物（PM）浓度较高,预警
2025-06-20 12:05:00,6,报警,低炉温焚烧,报警
2025-06-20 12:05:00,6,预警,瞬时低炉温焚烧,预警
2025-06-20 12:10:00,6,报警,低炉温焚烧,报警
2025-06-20 12:10:00,5,预警,焚烧炉出口氧含量偏低,预警
2025-06-20 12:10:00,6,预警,瞬时低炉温焚烧,预警
2025-06-20 12:14:00,4,预警,焚烧炉出口氧含量偏高,预警
2025-06-20 12:15:00,6,预警,瞬时低炉温焚烧,预警
2025-06-20 12:15:00,6,报警,低炉温焚烧,报警
2025-06-20 12:16:00,4,预警,焚烧炉出口氧含量偏低,预警
2025-06-20 12:18:00,5,预警,焚烧炉出口氧含量偏低,预警
2025-06-20 12:20:00,6,报警,低炉温焚烧,报警
2025-06-20 12:20:00,4,预警,焚烧炉出口氧含量偏低,预警
2025-06-20 12:20:00,6,预警,瞬时低炉温焚烧,预警
2025-06-20 12:25:00,6,报警,低炉温焚烧,报警
2025-06-20 12:25:00,6,预警,瞬时低炉温焚烧,预警
2025-06-20 12:30:00,6,报警,低炉温焚烧,报警
2025-06-20 12:30:00,6,预警,瞬时低炉温焚烧,预警
2025-06-20 12:32:00,5,预警,焚烧炉出口氧含量偏低,预警
2025-06-20 12:35:00,6,报警,低炉温焚烧,报警
2025-06-20 12:35:00,6,预警,瞬时低炉温焚烧,预警
2025-06-20 12:40:00,6,报警,低炉温焚烧,报警
2025-06-20 12:40:00,5,预警,焚烧炉出口氧含量偏低,预警
2025-06-20 12:40:00,6,预警,瞬时低炉温焚烧,预警
2025-06-20 12:45:00,6,报警,低炉温焚烧,报警
2025-06-20 12:45:00,6,预警,瞬时低炉温焚烧,预警
2025-06-20 12:50:00,6,报警,低炉温焚烧,报警
2025-06-20 12:50:00,6,预警,瞬时低炉温焚烧,预警
2025-06-20 12:52:00,5,预警,焚烧炉出口氧含量偏低,预警
2025-06-20 12:55:00,6,预警,瞬时低炉温焚烧,预警
2025-06-20 12:55:00,6,报警,低炉温焚烧,报警
2025-06-20 13:00:00,6,预警,烟气中氯化氢（HCl）浓度较高,预警
2025-06-20 13:00:00,6,预警,烟气中一氧化碳（CO）浓度较高,预警
2025-06-20 13:00:00,6,预警,烟气中颗粒物（PM）浓度较高,预警
2025-06-20 13:00:00,6,报警,低炉温焚烧,报警
2025-06-20 13:00:00,6,预警,瞬时低炉温焚烧,预警
2025-06-20 13:00:00,6,预警,烟气中氮氧化物（NOx）浓度较高,预警
2025-06-20 13:05:00,6,报警,低炉温焚烧,报警
2025-06-20 13:05:00,6,预警,瞬时低炉温焚烧,预警
2025-06-20 13:10:00,6,报警,低炉温焚烧,报警
2025-06-20 13:10:00,6,预警,瞬时低炉温焚烧,预警
2025-06-20 13:15:00,6,报警,低炉温焚烧,报警
2025-06-20 13:15:00,6,预警,瞬时低炉温焚烧,预警
2025-06-20 13:16:00,4,预警,焚烧炉出口氧含量偏高,预警
2025-06-20 13:18:00,4,预警,焚烧炉出口氧含量偏低,预警
2025-06-20 13:20:00,6,预警,瞬时低炉温焚烧,预警
2025-06-20 13:20:00,6,报警,低炉温焚烧,报警
2025-06-20 13:25:00,6,预警,瞬时低炉温焚烧,预警
2025-06-20 13:25:00,6,报警,低炉温焚烧,报警
2025-06-20 13:30:00,6,报警,低炉温焚烧,报警
2025-06-20 13:30:00,6,预警,瞬时低炉温焚烧,预警
2025-06-20 13:32:00,5,预警,焚烧炉出口氧含量偏低,预警
2025-06-20 13:35:00,6,预警,瞬时低炉温焚烧,预警
2025-06-20 13:35:00,6,报警,低炉温焚烧,报警
2025-06-20 13:40:00,6,报警,低炉温焚烧,报警
2025-06-20 13:40:00,6,预警,瞬时低炉温焚烧,预警
2025-06-20 13:45:00,6,预警,瞬时低炉温焚烧,预警
2025-06-20 13:45:00,6,报警,低炉温焚烧,报警
2025-06-20 13:50:00,6,预警,瞬时低炉温焚烧,预警
2025-06-20 13:50:00,6,报警,低炉温焚烧,报警
2025-06-20 13:54:00,5,预警,焚烧炉出口氧含量偏低,预警
2025-06-20 13:55:00,6,预警,瞬时低炉温焚烧,预警
2025-06-20 13:55:00,6,报警,低炉温焚烧,报警
2025-06-20 14:00:00,6,报警,低炉温焚烧,报警
2025-06-20 14:00:00,6,预警,瞬时低炉温焚烧,预警
2025-06-20 14:00:00,6,预警,烟气中氯化氢（HCl）浓度较高,预警
2025-06-20 14:00:00,6,预警,烟气中氮氧化物（NOx）浓度较高,预警
2025-06-20 14:00:00,6,预警,烟气中一氧化碳（CO）浓度较高,预警
2025-06-20 14:00:00,6,预警,烟气中颗粒物（PM）浓度较高,预警
2025-06-20 14:05:00,6,报警,低炉温焚烧,报警
2025-06-20 14:05:00,6,预警,瞬时低炉温焚烧,预警
2025-06-20 14:08:00,5,预警,焚烧炉出口氧含量偏低,预警
2025-06-20 14:10:00,6,报警,低炉温焚烧,报警
2025-06-20 14:10:00,6,预警,瞬时低炉温焚烧,预警
2025-06-20 14:15:00,6,预警,瞬时低炉温焚烧,预警
2025-06-20 14:15:00,6,报警,低炉温焚烧,报警
2025-06-20 14:20:00,6,报警,低炉温焚烧,报警
2025-06-20 14:20:00,6,预警,瞬时低炉温焚烧,预警
2025-06-20 14:22:00,5,预警,焚烧炉出口氧含量偏低,预警
2025-06-20 14:24:00,4,预警,焚烧炉出口氧含量偏高,预警
2025-06-20 14:25:00,6,预警,瞬时低炉温焚烧,预警
2025-06-20 14:25:00,6,报警,低炉温焚烧,报警
2025-06-20 14:30:00,6,预警,瞬时低炉温焚烧,预警
2025-06-20 14:30:00,6,报警,低炉温焚烧,报警
2025-06-20 14:35:00,6,预警,瞬时低炉温焚烧,预警
2025-06-20 14:35:00,6,报警,低炉温焚烧,报警
2025-06-20 14:40:00,6,报警,低炉温焚烧,报警
2025-06-20 14:40:00,6,预警,瞬时低炉温焚烧,预警
2025-06-20 14:44:00,5,预警,焚烧炉出口氧含量偏低,预警
2025-06-20 14:45:00,6,预警,瞬时低炉温焚烧,预警
2025-06-20 14:45:00,6,报警,低炉温焚烧,报警
2025-06-20 14:50:00,5,预警,焚烧炉出口氧含量偏低,预警
2025-06-20 14:50:00,6,预警,瞬时低炉温焚烧,预警
2025-06-20 14:50:00,6,报警,低炉温焚烧,报警
2025-06-20 14:55:00,6,报警,低炉温焚烧,报警
2025-06-20 14:55:00,6,预警,瞬时低炉温焚烧,预警
2025-06-20 15:00:00,6,预警,瞬时低炉温焚烧,预警
2025-06-20 15:00:00,6,预警,烟气中氯化氢（HCl）浓度较高,预警
2025-06-20 15:00:00,6,报警,低炉温焚烧,报警
2025-06-20 15:00:00,6,预警,烟气中氮氧化物（NOx）浓度较高,预警
2025-06-20 15:00:00,6,预警,烟气中颗粒物（PM）浓度较高,预警
2025-06-20 15:00:00,6,预警,烟气中一氧化碳（CO）浓度较高,预警
2025-06-20 15:02:00,5,预警,焚烧炉出口氧含量偏低,预警
2025-06-20 15:05:00,6,预警,瞬时低炉温焚烧,预警
2025-06-20 15:05:00,6,报警,低炉温焚烧,报警
2025-06-20 15:10:00,5,预警,焚烧炉出口氧含量偏低,预警
2025-06-20 15:10:00,6,报警,低炉温焚烧,报警
2025-06-20 15:10:00,6,预警,瞬时低炉温焚烧,预警
2025-06-20 15:14:00,5,预警,焚烧炉出口氧含量偏低,预警
2025-06-20 15:15:00,6,报警,低炉温焚烧,报警
2025-06-20 15:15:00,6,预警,瞬时低炉温焚烧,预警
2025-06-20 15:18:00,5,预警,焚烧炉出口氧含量偏低,预警
2025-06-20 15:20:00,6,报警,低炉温焚烧,报警
2025-06-20 15:20:00,6,预警,瞬时低炉温焚烧,预警
2025-06-20 15:24:00,5,预警,焚烧炉出口氧含量偏低,预警
2025-06-20 15:25:00,6,预警,瞬时低炉温焚烧,预警
2025-06-20 15:25:00,6,报警,低炉温焚烧,报警
2025-06-20 15:28:00,5,预警,焚烧炉出口氧含量偏低,预警
2025-06-20 15:30:00,6,报警,低炉温焚烧,报警
2025-06-20 15:30:00,6,预警,瞬时低炉温焚烧,预警
2025-06-20 15:35:00,6,报警,低炉温焚烧,报警
2025-06-20 15:35:00,6,预警,瞬时低炉温焚烧,预警
2025-06-20 15:40:00,6,报警,低炉温焚烧,报警
2025-06-20 15:40:00,6,预警,瞬时低炉温焚烧,预警
2025-06-20 15:45:00,6,预警,瞬时低炉温焚烧,预警
2025-06-20 15:45:00,6,报警,低炉温焚烧,报警
2025-06-20 15:50:00,6,预警,瞬时低炉温焚烧,预警
2025-06-20 15:50:00,6,报警,低炉温焚烧,报警
2025-06-20 15:55:00,6,报警,低炉温焚烧,报警
2025-06-20 15:55:00,6,预警,瞬时低炉温焚烧,预警
2025-06-20 16:00:00,6,预警,烟气中氯化氢（HCl）浓度较高,预警
2025-06-20 16:00:00,6,预警,烟气中氮氧化物（NOx）浓度较高,预警
2025-06-20 16:00:00,6,预警,烟气中一氧化碳（CO）浓度较高,预警
2025-06-20 16:00:00,6,预警,瞬时低炉温焚烧,预警
2025-06-20 16:00:00,6,报警,低炉温焚烧,报警
2025-06-20 16:00:00,6,预警,烟气中颗粒物（PM）浓度较高,预警
2025-06-20 16:05:00,6,预警,瞬时低炉温焚烧,预警
2025-06-20 16:05:00,6,报警,低炉温焚烧,报警
2025-06-20 16:10:00,6,预警,瞬时低炉温焚烧,预警
2025-06-20 16:10:00,6,报警,低炉温焚烧,报警
2025-06-20 16:12:00,6,预警,布袋除尘器压力损失偏低,预警
2025-06-20 16:15:00,6,报警,低炉温焚烧,报警
2025-06-20 16:15:00,6,预警,瞬时低炉温焚烧,预警
2025-06-20 16:20:00,5,预警,焚烧炉出口氧含量偏低,预警
2025-06-20 16:20:00,6,预警,瞬时低炉温焚烧,预警
2025-06-20 16:20:00,6,报警,低炉温焚烧,报警
2025-06-20 16:25:00,6,报警,低炉温焚烧,报警
2025-06-20 16:25:00,6,预警,瞬时低炉温焚烧,预警
2025-06-20 16:26:00,5,预警,焚烧炉出口氧含量偏低,预警
2025-06-20 16:30:00,6,报警,低炉温焚烧,报警
2025-06-20 16:30:00,6,预警,瞬时低炉温焚烧,预警
2025-06-20 16:35:00,6,报警,低炉温焚烧,报警
2025-06-20 16:35:00,6,预警,瞬时低炉温焚烧,预警
2025-06-20 16:36:00,5,预警,焚烧炉出口氧含量偏低,预警
2025-06-20 16:40:00,6,预警,瞬时低炉温焚烧,预警
2025-06-20 16:40:00,6,报警,低炉温焚烧,报警
2025-06-20 16:45:00,6,预警,瞬时低炉温焚烧,预警
2025-06-20 16:45:00,6,报警,低炉温焚烧,报警
2025-06-20 16:50:00,6,报警,低炉温焚烧,报警
2025-06-20 16:50:00,6,预警,瞬时低炉温焚烧,预警
2025-06-20 16:55:00,6,预警,瞬时低炉温焚烧,预警
2025-06-20 16:55:00,6,报警,低炉温焚烧,报警
2025-06-20 17:00:00,6,预警,烟气中氮氧化物（NOx）浓度较高,预警
2025-06-20 17:00:00,6,预警,烟气中一氧化碳（CO）浓度较高,预警
2025-06-20 17:00:00,6,预警,烟气中氯化氢（HCl）浓度较高,预警
2025-06-20 17:00:00,6,预警,瞬时低炉温焚烧,预警
2025-06-20 17:00:00,6,报警,低炉温焚烧,报警
2025-06-20 17:00:00,6,预警,烟气中颗粒物（PM）浓度较高,预警
2025-06-20 17:02:00,5,预警,焚烧炉出口氧含量偏低,预警
2025-06-20 17:05:00,6,报警,低炉温焚烧,报警
2025-06-20 17:05:00,6,预警,瞬时低炉温焚烧,预警
2025-06-20 17:10:00,6,预警,瞬时低炉温焚烧,预警
2025-06-20 17:10:00,6,报警,低炉温焚烧,报警
2025-06-20 17:15:00,6,报警,低炉温焚烧,报警
2025-06-20 17:15:00,6,预警,瞬时低炉温焚烧,预警
2025-06-20 17:20:00,6,报警,低炉温焚烧,报警
2025-06-20 17:20:00,6,预警,瞬时低炉温焚烧,预警
2025-06-20 17:20:00,3,预警,焚烧炉出口氧含量偏高,预警
2025-06-20 17:25:00,6,报警,低炉温焚烧,报警
2025-06-20 17:25:00,6,预警,瞬时低炉温焚烧,预警
2025-06-20 17:30:00,6,预警,瞬时低炉温焚烧,预警
2025-06-20 17:30:00,6,报警,低炉温焚烧,报警
2025-06-20 17:35:00,6,报警,低炉温焚烧,报警
2025-06-20 17:35:00,6,预警,瞬时低炉温焚烧,预警
2025-06-20 17:40:00,6,预警,瞬时低炉温焚烧,预警
2025-06-20 17:40:00,6,报警,低炉温焚烧,报警
2025-06-20 17:45:00,6,报警,低炉温焚烧,报警
2025-06-20 17:45:00,6,预警,瞬时低炉温焚烧,预警
2025-06-20 17:50:00,6,报警,低炉温焚烧,报警
2025-06-20 17:50:00,6,预警,瞬时低炉温焚烧,预警
2025-06-20 17:52:00,3,预警,焚烧炉出口氧含量偏高,预警
2025-06-20 17:55:00,6,报警,低炉温焚烧,报警
2025-06-20 17:55:00,6,预警,瞬时低炉温焚烧,预警
2025-06-20 17:56:00,5,预警,焚烧炉出口氧含量偏低,预警
2025-06-20 18:00:00,6,预警,烟气中一氧化碳（CO）浓度较高,预警
2025-06-20 18:00:00,6,预警,瞬时低炉温焚烧,预警
2025-06-20 18:00:00,6,报警,低炉温焚烧,报警
2025-06-20 18:00:00,5,预警,焚烧炉出口氧含量偏高,预警
2025-06-20 18:00:00,6,预警,烟气中氮氧化物（NOx）浓度较高,预警
2025-06-20 18:00:00,6,预警,烟气中颗粒物（PM）浓度较高,预警
2025-06-20 18:00:00,6,预警,烟气中氯化氢（HCl）浓度较高,预警
2025-06-20 18:05:00,6,预警,瞬时低炉温焚烧,预警
2025-06-20 18:05:00,6,报警,低炉温焚烧,报警
2025-06-20 18:06:00,5,预警,焚烧炉出口氧含量偏低,预警
2025-06-20 18:10:00,6,报警,低炉温焚烧,报警
2025-06-20 18:10:00,6,预警,瞬时低炉温焚烧,预警
2025-06-20 18:15:00,6,报警,低炉温焚烧,报警
2025-06-20 18:15:00,6,预警,瞬时低炉温焚烧,预警
2025-06-20 18:20:00,6,报警,低炉温焚烧,报警
2025-06-20 18:20:00,6,预警,瞬时低炉温焚烧,预警
2025-06-20 18:25:00,6,报警,低炉温焚烧,报警
2025-06-20 18:25:00,6,预警,瞬时低炉温焚烧,预警
2025-06-20 18:30:00,6,报警,低炉温焚烧,报警
2025-06-20 18:30:00,6,预警,瞬时低炉温焚烧,预警
2025-06-20 18:35:00,6,报警,低炉温焚烧,报警
2025-06-20 18:35:00,6,预警,瞬时低炉温焚烧,预警
2025-06-20 18:40:00,6,报警,低炉温焚烧,报警
2025-06-20 18:40:00,6,预警,瞬时低炉温焚烧,预警
2025-06-20 18:45:00,6,预警,瞬时低炉温焚烧,预警
2025-06-20 18:45:00,6,报警,低炉温焚烧,报警
2025-06-20 18:50:00,6,报警,低炉温焚烧,报警
2025-06-20 18:50:00,5,预警,焚烧炉出口氧含量偏低,预警
2025-06-20 18:50:00,6,预警,瞬时低炉温焚烧,预警
2025-06-20 18:54:00,5,预警,焚烧炉出口氧含量偏低,预警
2025-06-20 18:55:00,6,预警,瞬时低炉温焚烧,预警
2025-06-20 18:55:00,6,报警,低炉温焚烧,报警
2025-06-20 19:00:00,6,预警,烟气中氮氧化物（NOx）浓度较高,预警
2025-06-20 19:00:00,6,预警,烟气中氯化氢（HCl）浓度较高,预警
2025-06-20 19:00:00,6,预警,烟气中一氧化碳（CO）浓度较高,预警
2025-06-20 19:00:00,6,报警,低炉温焚烧,报警
2025-06-20 19:00:00,6,预警,瞬时低炉温焚烧,预警
2025-06-20 19:00:00,6,预警,烟气中颗粒物（PM）浓度较高,预警
2025-06-20 19:05:00,6,预警,瞬时低炉温焚烧,预警
2025-06-20 19:05:00,6,报警,低炉温焚烧,报警
2025-06-20 19:06:00,5,预警,焚烧炉出口氧含量偏低,预警
2025-06-20 19:10:00,6,预警,瞬时低炉温焚烧,预警
2025-06-20 19:10:00,6,报警,低炉温焚烧,报警
2025-06-20 19:15:00,6,预警,瞬时低炉温焚烧,预警
2025-06-20 19:15:00,6,报警,低炉温焚烧,报警
2025-06-20 19:20:00,6,报警,低炉温焚烧,报警
2025-06-20 19:20:00,6,预警,瞬时低炉温焚烧,预警
2025-06-20 19:25:00,6,报警,低炉温焚烧,报警
2025-06-20 19:25:00,6,预警,瞬时低炉温焚烧,预警
2025-06-20 19:30:00,6,报警,低炉温焚烧,报警
2025-06-20 19:30:00,6,预警,瞬时低炉温焚烧,预警
2025-06-20 19:35:00,6,预警,瞬时低炉温焚烧,预警
2025-06-20 19:35:00,6,报警,低炉温焚烧,报警
2025-06-20 19:40:00,6,报警,低炉温焚烧,报警
2025-06-20 19:40:00,6,预警,瞬时低炉温焚烧,预警
2025-06-20 19:44:00,5,预警,焚烧炉出口氧含量偏低,预警
2025-06-20 19:45:00,6,报警,低炉温焚烧,报警
2025-06-20 19:45:00,6,预警,瞬时低炉温焚烧,预警
2025-06-20 19:50:00,6,报警,低炉温焚烧,报警
2025-06-20 19:50:00,6,预警,瞬时低炉温焚烧,预警
2025-06-20 19:55:00,6,报警,低炉温焚烧,报警
2025-06-20 19:55:00,6,预警,瞬时低炉温焚烧,预警
2025-06-20 20:00:00,6,报警,低炉温焚烧,报警
2025-06-20 20:00:00,6,预警,烟气中颗粒物（PM）浓度较高,预警
2025-06-20 20:00:00,6,预警,烟气中氮氧化物（NOx）浓度较高,预警
2025-06-20 20:00:00,6,预警,烟气中一氧化碳（CO）浓度较高,预警
2025-06-20 20:00:00,6,预警,瞬时低炉温焚烧,预警
2025-06-20 20:00:00,6,预警,烟气中氯化氢（HCl）浓度较高,预警
2025-06-20 20:05:00,6,预警,瞬时低炉温焚烧,预警
2025-06-20 20:05:00,6,报警,低炉温焚烧,报警
2025-06-20 20:10:00,6,报警,低炉温焚烧,报警
2025-06-20 20:10:00,6,预警,瞬时低炉温焚烧,预警
2025-06-20 20:15:00,6,报警,低炉温焚烧,报警
2025-06-20 20:15:00,6,预警,瞬时低炉温焚烧,预警
2025-06-20 20:16:00,5,预警,焚烧炉出口氧含量偏低,预警
2025-06-20 20:20:00,6,报警,低炉温焚烧,报警
2025-06-20 20:20:00,6,预警,瞬时低炉温焚烧,预警
2025-06-20 20:25:00,6,预警,瞬时低炉温焚烧,预警
2025-06-20 20:25:00,6,报警,低炉温焚烧,报警
2025-06-20 20:30:00,6,报警,低炉温焚烧,报警
2025-06-20 20:30:00,6,预警,瞬时低炉温焚烧,预警
2025-06-20 20:35:00,6,预警,瞬时低炉温焚烧,预警
2025-06-20 20:35:00,6,报警,低炉温焚烧,报警
2025-06-20 20:40:00,6,预警,瞬时低炉温焚烧,预警
2025-06-20 20:40:00,6,报警,低炉温焚烧,报警
2025-06-20 20:45:00,6,报警,低炉温焚烧,报警
2025-06-20 20:45:00,6,预警,瞬时低炉温焚烧,预警
2025-06-20 20:50:00,6,预警,瞬时低炉温焚烧,预警
2025-06-20 20:50:00,6,报警,低炉温焚烧,报警
2025-06-20 20:55:00,6,报警,低炉温焚烧,报警
2025-06-20 20:55:00,6,预警,瞬时低炉温焚烧,预警
2025-06-20 20:58:00,5,预警,焚烧炉出口氧含量偏低,预警
2025-06-20 21:00:00,6,预警,烟气中氮氧化物（NOx）浓度较高,预警
2025-06-20 21:00:00,6,预警,瞬时低炉温焚烧,预警
2025-06-20 21:00:00,6,预警,烟气中一氧化碳（CO）浓度较高,预警
2025-06-20 21:00:00,6,预警,烟气中氯化氢（HCl）浓度较高,预警
2025-06-20 21:00:00,6,报警,低炉温焚烧,报警
2025-06-20 21:00:00,6,预警,烟气中颗粒物（PM）浓度较高,预警
2025-06-20 21:05:00,6,报警,低炉温焚烧,报警
2025-06-20 21:05:00,6,预警,瞬时低炉温焚烧,预警
2025-06-20 21:10:00,6,报警,低炉温焚烧,报警
2025-06-20 21:10:00,6,预警,瞬时低炉温焚烧,预警
2025-06-20 21:15:00,6,预警,瞬时低炉温焚烧,预警
2025-06-20 21:15:00,6,报警,低炉温焚烧,报警
2025-06-20 21:20:00,6,报警,低炉温焚烧,报警
2025-06-20 21:20:00,6,预警,瞬时低炉温焚烧,预警
2025-06-20 21:25:00,6,报警,低炉温焚烧,报警
2025-06-20 21:25:00,6,预警,瞬时低炉温焚烧,预警
2025-06-20 21:28:00,5,预警,焚烧炉出口氧含量偏低,预警
2025-06-20 21:30:00,6,预警,瞬时低炉温焚烧,预警
2025-06-20 21:30:00,6,报警,低炉温焚烧,报警
2025-06-20 21:32:00,3,预警,焚烧炉出口氧含量偏高,预警
2025-06-20 21:35:00,6,报警,低炉温焚烧,报警
2025-06-20 21:35:00,6,预警,瞬时低炉温焚烧,预警
2025-06-20 21:40:00,6,预警,瞬时低炉温焚烧,预警
2025-06-20 21:40:00,6,报警,低炉温焚烧,报警
2025-06-20 21:45:00,6,报警,低炉温焚烧,报警
2025-06-20 21:45:00,6,预警,瞬时低炉温焚烧,预警
2025-06-20 21:50:00,6,预警,瞬时低炉温焚烧,预警
2025-06-20 21:50:00,6,报警,低炉温焚烧,报警
2025-06-20 21:55:00,6,报警,低炉温焚烧,报警
2025-06-20 21:55:00,6,预警,瞬时低炉温焚烧,预警
2025-06-20 22:00:00,6,报警,低炉温焚烧,报警
2025-06-20 22:00:00,6,预警,烟气中一氧化碳（CO）浓度较高,预警
2025-06-20 22:00:00,6,预警,烟气中颗粒物（PM）浓度较高,预警
2025-06-20 22:00:00,6,预警,烟气中氮氧化物（NOx）浓度较高,预警
2025-06-20 22:00:00,6,预警,烟气中氯化氢（HCl）浓度较高,预警
2025-06-20 22:00:00,6,预警,瞬时低炉温焚烧,预警
2025-06-20 22:05:00,6,预警,瞬时低炉温焚烧,预警
2025-06-20 22:05:00,6,报警,低炉温焚烧,报警
2025-06-20 22:10:00,6,报警,低炉温焚烧,报警
2025-06-20 22:10:00,6,预警,瞬时低炉温焚烧,预警
2025-06-20 22:15:00,6,报警,低炉温焚烧,报警
2025-06-20 22:15:00,6,预警,瞬时低炉温焚烧,预警
2025-06-20 22:20:00,6,预警,瞬时低炉温焚烧,预警
2025-06-20 22:20:00,6,报警,低炉温焚烧,报警
2025-06-20 22:25:00,6,预警,瞬时低炉温焚烧,预警
2025-06-20 22:25:00,6,报警,低炉温焚烧,报警
2025-06-20 22:30:00,6,预警,瞬时低炉温焚烧,预警
2025-06-20 22:30:00,6,报警,低炉温焚烧,报警
2025-06-20 22:35:00,6,预警,瞬时低炉温焚烧,预警
2025-06-20 22:35:00,6,报警,低炉温焚烧,报警
2025-06-20 22:40:00,6,预警,瞬时低炉温焚烧,预警
2025-06-20 22:40:00,6,报警,低炉温焚烧,报警
2025-06-20 22:45:00,6,报警,低炉温焚烧,报警
2025-06-20 22:45:00,6,预警,瞬时低炉温焚烧,预警
2025-06-20 22:48:00,6,预警,布袋除尘器压力损失偏低,预警
2025-06-20 22:50:00,6,预警,瞬时低炉温焚烧,预警
2025-06-20 22:50:00,6,报警,低炉温焚烧,报警
2025-06-20 22:55:00,6,预警,瞬时低炉温焚烧,预警
2025-06-20 22:55:00,6,报警,低炉温焚烧,报警
2025-06-20 23:00:00,6,预警,烟气中颗粒物（PM）浓度较高,预警
2025-06-20 23:00:00,6,报警,低炉温焚烧,报警
2025-06-20 23:00:00,6,预警,烟气中氯化氢（HCl）浓度较高,预警
2025-06-20 23:00:00,6,预警,烟气中氮氧化物（NOx）浓度较高,预警
2025-06-20 23:00:00,6,预警,烟气中一氧化碳（CO）浓度较高,预警
2025-06-20 23:00:00,6,预警,瞬时低炉温焚烧,预警
2025-06-20 23:05:00,6,报警,低炉温焚烧,报警
2025-06-20 23:05:00,6,预警,瞬时低炉温焚烧,预警
2025-06-20 23:10:00,6,报警,低炉温焚烧,报警
2025-06-20 23:10:00,6,预警,瞬时低炉温焚烧,预警
2025-06-20 23:15:00,6,报警,低炉温焚烧,报警
2025-06-20 23:15:00,6,预警,瞬时低炉温焚烧,预警
2025-06-20 23:20:00,6,报警,低炉温焚烧,报警
2025-06-20 23:20:00,6,预警,瞬时低炉温焚烧,预警
2025-06-20 23:25:00,6,报警,低炉温焚烧,报警
2025-06-20 23:25:00,6,预警,瞬时低炉温焚烧,预警
2025-06-20 23:28:00,3,预警,焚烧炉出口氧含量偏高,预警
2025-06-20 23:30:00,6,报警,低炉温焚烧,报警
2025-06-20 23:30:00,5,预警,焚烧炉出口氧含量偏低,预警
2025-06-20 23:30:00,6,预警,瞬时低炉温焚烧,预警
2025-06-20 23:35:00,6,预警,瞬时低炉温焚烧,预警
2025-06-20 23:35:00,6,报警,低炉温焚烧,报警
2025-06-20 23:36:00,5,预警,焚烧炉出口氧含量偏低,预警
2025-06-20 23:40:00,6,预警,瞬时低炉温焚烧,预警
2025-06-20 23:40:00,6,报警,低炉温焚烧,报警
2025-06-20 23:42:00,5,预警,焚烧炉出口氧含量偏低,预警
2025-06-20 23:45:00,6,预警,瞬时低炉温焚烧,预警
2025-06-20 23:45:00,6,报警,低炉温焚烧,报警
2025-06-20 23:46:00,5,预警,焚烧炉出口氧含量偏低,预警
2025-06-20 23:50:00,5,预警,焚烧炉出口氧含量偏低,预警
2025-06-20 23:50:00,6,预警,瞬时低炉温焚烧,预警
2025-06-20 23:50:00,6,报警,低炉温焚烧,报警
2025-06-20 23:55:00,6,预警,瞬时低炉温焚烧,预警
2025-06-20 23:55:00,6,报警,低炉温焚烧,报警
