﻿时间,炉号,预警/报警类型,预警/报警事件,预警/报警区分
2025-06-27 00:00:00,3,预警,焚烧炉出口氧含量偏高,预警
2025-06-27 00:00:00,4,预警,焚烧炉出口氧含量偏高,预警
2025-06-27 00:02:00,6,预警,焚烧炉出口氧含量偏高,预警
2025-06-27 00:06:00,6,预警,焚烧炉出口氧含量偏高,预警
2025-06-27 00:16:00,6,预警,焚烧炉出口氧含量偏高,预警
2025-06-27 00:22:00,6,预警,焚烧炉出口氧含量偏高,预警
2025-06-27 00:22:00,5,预警,焚烧炉出口氧含量偏低,预警
2025-06-27 00:30:00,6,预警,焚烧炉出口氧含量偏高,预警
2025-06-27 00:32:00,5,预警,焚烧炉出口氧含量偏低,预警
2025-06-27 00:46:00,6,预警,焚烧炉出口氧含量偏高,预警
2025-06-27 00:52:00,3,预警,焚烧炉出口氧含量偏高,预警
2025-06-27 00:56:00,5,预警,焚烧炉出口氧含量偏低,预警
2025-06-27 00:56:00,6,预警,焚烧炉出口氧含量偏高,预警
2025-06-27 01:04:00,6,预警,焚烧炉出口氧含量偏高,预警
2025-06-27 01:10:00,6,预警,焚烧炉出口氧含量偏高,预警
2025-06-27 01:26:00,6,预警,焚烧炉出口氧含量偏高,预警
2025-06-27 01:32:00,6,预警,焚烧炉出口氧含量偏高,预警
2025-06-27 01:36:00,5,预警,焚烧炉出口氧含量偏低,预警
2025-06-27 01:44:00,6,预警,焚烧炉出口氧含量偏高,预警
2025-06-27 01:50:00,6,预警,焚烧炉出口氧含量偏高,预警
2025-06-27 01:54:00,6,预警,焚烧炉出口氧含量偏高,预警
2025-06-27 01:56:00,5,预警,焚烧炉出口氧含量偏低,预警
2025-06-27 02:02:00,6,预警,焚烧炉出口氧含量偏高,预警
2025-06-27 02:04:00,5,预警,焚烧炉出口氧含量偏低,预警
2025-06-27 02:18:00,6,预警,焚烧炉出口氧含量偏高,预警
2025-06-27 02:22:00,6,预警,焚烧炉出口氧含量偏高,预警
2025-06-27 02:28:00,5,预警,焚烧炉出口氧含量偏低,预警
2025-06-27 02:36:00,6,预警,焚烧炉出口氧含量偏高,预警
2025-06-27 02:46:00,3,预警,焚烧炉出口氧含量偏高,预警
2025-06-27 02:48:00,6,预警,焚烧炉出口氧含量偏高,预警
2025-06-27 02:56:00,6,预警,焚烧炉出口氧含量偏高,预警
2025-06-27 03:06:00,5,预警,焚烧炉出口氧含量偏低,预警
2025-06-27 03:10:00,6,预警,焚烧炉出口氧含量偏高,预警
2025-06-27 03:14:00,6,预警,焚烧炉出口氧含量偏高,预警
2025-06-27 03:18:00,6,预警,焚烧炉出口氧含量偏高,预警
2025-06-27 03:22:00,6,预警,焚烧炉出口氧含量偏高,预警
2025-06-27 03:24:00,5,预警,焚烧炉出口氧含量偏低,预警
2025-06-27 03:30:00,6,预警,焚烧炉出口氧含量偏高,预警
2025-06-27 03:36:00,5,预警,焚烧炉出口氧含量偏低,预警
2025-06-27 03:42:00,6,预警,焚烧炉出口氧含量偏高,预警
2025-06-27 03:42:00,5,预警,焚烧炉出口氧含量偏低,预警
2025-06-27 03:48:00,6,预警,焚烧炉出口氧含量偏高,预警
2025-06-27 03:50:00,5,预警,焚烧炉出口氧含量偏低,预警
2025-06-27 03:54:00,5,预警,焚烧炉出口氧含量偏低,预警
2025-06-27 03:58:00,6,预警,焚烧炉出口氧含量偏高,预警
2025-06-27 04:06:00,6,预警,焚烧炉出口氧含量偏高,预警
2025-06-27 04:18:00,3,预警,焚烧炉出口氧含量偏高,预警
2025-06-27 04:18:00,5,预警,焚烧炉出口氧含量偏低,预警
2025-06-27 04:20:00,6,预警,焚烧炉出口氧含量偏高,预警
2025-06-27 04:24:00,3,预警,焚烧炉出口氧含量偏高,预警
2025-06-27 04:30:00,6,预警,焚烧炉出口氧含量偏高,预警
2025-06-27 04:34:00,6,预警,焚烧炉出口氧含量偏高,预警
2025-06-27 04:42:00,6,预警,焚烧炉出口氧含量偏高,预警
2025-06-27 04:48:00,6,预警,焚烧炉出口氧含量偏高,预警
2025-06-27 04:48:00,5,预警,焚烧炉出口氧含量偏低,预警
2025-06-27 04:54:00,5,预警,焚烧炉出口氧含量偏低,预警
2025-06-27 05:08:00,6,预警,焚烧炉出口氧含量偏高,预警
2025-06-27 05:10:00,5,预警,焚烧炉出口氧含量偏低,预警
2025-06-27 05:16:00,6,预警,焚烧炉出口氧含量偏高,预警
2025-06-27 05:20:00,5,预警,焚烧炉出口氧含量偏低,预警
2025-06-27 05:24:00,6,预警,焚烧炉出口氧含量偏高,预警
2025-06-27 05:24:00,5,预警,焚烧炉出口氧含量偏低,预警
2025-06-27 05:28:00,6,预警,焚烧炉出口氧含量偏高,预警
2025-06-27 05:30:00,5,预警,焚烧炉出口氧含量偏低,预警
2025-06-27 05:32:00,6,预警,焚烧炉出口氧含量偏高,预警
2025-06-27 05:38:00,5,预警,焚烧炉出口氧含量偏低,预警
2025-06-27 05:48:00,5,预警,焚烧炉出口氧含量偏低,预警
2025-06-27 05:52:00,6,预警,焚烧炉出口氧含量偏高,预警
2025-06-27 05:56:00,3,预警,焚烧炉出口氧含量偏高,预警
2025-06-27 05:56:00,5,预警,焚烧炉出口氧含量偏低,预警
2025-06-27 06:08:00,6,预警,焚烧炉出口氧含量偏高,预警
2025-06-27 06:10:00,5,预警,焚烧炉出口氧含量偏低,预警
2025-06-27 06:12:00,6,预警,焚烧炉出口氧含量偏高,预警
2025-06-27 06:16:00,3,预警,焚烧炉出口氧含量偏高,预警
2025-06-27 06:16:00,6,预警,焚烧炉出口氧含量偏高,预警
2025-06-27 06:18:00,5,预警,焚烧炉出口氧含量偏低,预警
2025-06-27 06:20:00,6,预警,焚烧炉出口氧含量偏高,预警
2025-06-27 06:22:00,5,预警,焚烧炉出口氧含量偏低,预警
2025-06-27 06:32:01,6,预警,焚烧炉出口氧含量偏高,预警
2025-06-27 06:32:01,5,预警,焚烧炉出口氧含量偏低,预警
2025-06-27 06:36:00,6,预警,焚烧炉出口氧含量偏高,预警
2025-06-27 06:44:00,5,预警,焚烧炉出口氧含量偏低,预警
2025-06-27 06:44:00,6,预警,焚烧炉出口氧含量偏高,预警
2025-06-27 06:48:00,6,预警,焚烧炉出口氧含量偏高,预警
2025-06-27 06:50:00,5,预警,焚烧炉出口氧含量偏低,预警
2025-06-27 06:52:00,6,预警,焚烧炉出口氧含量偏高,预警
2025-06-27 07:00:00,3,预警,焚烧炉出口氧含量偏高,预警
2025-06-27 07:02:00,5,预警,焚烧炉出口氧含量偏低,预警
2025-06-27 07:02:00,6,预警,焚烧炉出口氧含量偏高,预警
2025-06-27 07:06:00,6,预警,焚烧炉出口氧含量偏高,预警
2025-06-27 07:12:00,5,预警,焚烧炉出口氧含量偏低,预警
2025-06-27 07:14:00,3,预警,焚烧炉出口氧含量偏高,预警
2025-06-27 07:16:00,5,预警,焚烧炉出口氧含量偏低,预警
2025-06-27 07:18:00,6,预警,焚烧炉出口氧含量偏高,预警
2025-06-27 07:22:00,5,预警,焚烧炉出口氧含量偏低,预警
2025-06-27 07:22:00,6,预警,焚烧炉出口氧含量偏高,预警
2025-06-27 07:24:00,3,预警,焚烧炉出口氧含量偏高,预警
2025-06-27 07:30:00,5,预警,焚烧炉出口氧含量偏低,预警
2025-06-27 07:36:00,6,预警,焚烧炉出口氧含量偏高,预警
2025-06-27 07:42:00,5,预警,焚烧炉出口氧含量偏低,预警
2025-06-27 07:44:00,6,预警,焚烧炉出口氧含量偏高,预警
2025-06-27 07:50:00,5,预警,焚烧炉出口氧含量偏低,预警
2025-06-27 07:50:00,6,预警,焚烧炉出口氧含量偏高,预警
2025-06-27 07:56:00,5,预警,焚烧炉出口氧含量偏低,预警
2025-06-27 08:00:00,6,预警,焚烧炉出口氧含量偏高,预警
2025-06-27 08:04:00,5,预警,焚烧炉出口氧含量偏低,预警
2025-06-27 08:06:00,6,预警,焚烧炉出口氧含量偏高,预警
2025-06-27 08:08:00,5,预警,焚烧炉出口氧含量偏低,预警
2025-06-27 08:10:00,6,预警,焚烧炉出口氧含量偏高,预警
2025-06-27 08:14:00,6,预警,焚烧炉出口氧含量偏高,预警
2025-06-27 08:14:00,3,预警,焚烧炉出口氧含量偏高,预警
2025-06-27 08:18:00,6,预警,焚烧炉出口氧含量偏高,预警
2025-06-27 08:20:00,5,预警,焚烧炉出口氧含量偏低,预警
2025-06-27 08:26:00,5,预警,焚烧炉出口氧含量偏低,预警
2025-06-27 08:30:00,5,预警,焚烧炉出口氧含量偏低,预警
2025-06-27 08:40:00,5,预警,焚烧炉出口氧含量偏低,预警
2025-06-27 08:42:00,6,预警,焚烧炉出口氧含量偏高,预警
2025-06-27 08:46:00,6,预警,焚烧炉出口氧含量偏高,预警
2025-06-27 08:50:00,6,预警,焚烧炉出口氧含量偏高,预警
2025-06-27 08:50:00,5,预警,焚烧炉出口氧含量偏低,预警
2025-06-27 08:54:00,6,预警,焚烧炉出口氧含量偏高,预警
2025-06-27 08:58:00,6,预警,焚烧炉出口氧含量偏高,预警
2025-06-27 09:02:00,6,预警,焚烧炉出口氧含量偏高,预警
2025-06-27 09:06:00,6,预警,焚烧炉出口氧含量偏高,预警
2025-06-27 09:08:00,5,预警,焚烧炉出口氧含量偏低,预警
2025-06-27 09:12:00,6,预警,焚烧炉出口氧含量偏高,预警
2025-06-27 09:14:00,5,预警,焚烧炉出口氧含量偏低,预警
2025-06-27 09:18:00,6,预警,焚烧炉出口氧含量偏高,预警
2025-06-27 09:20:00,5,预警,焚烧炉出口氧含量偏低,预警
2025-06-27 09:26:00,5,预警,焚烧炉出口氧含量偏低,预警
2025-06-27 09:28:00,6,预警,焚烧炉出口氧含量偏高,预警
2025-06-27 09:30:00,5,预警,焚烧炉出口氧含量偏低,预警
2025-06-27 09:32:00,6,预警,焚烧炉出口氧含量偏高,预警
2025-06-27 09:36:00,5,预警,焚烧炉出口氧含量偏低,预警
2025-06-27 09:40:00,6,预警,焚烧炉出口氧含量偏高,预警
2025-06-27 09:44:00,6,预警,焚烧炉出口氧含量偏高,预警
2025-06-27 09:50:00,5,预警,焚烧炉出口氧含量偏低,预警
2025-06-27 09:58:00,6,预警,焚烧炉出口氧含量偏高,预警
2025-06-27 10:00:00,5,预警,焚烧炉出口氧含量偏低,预警
2025-06-27 10:02:00,6,预警,焚烧炉出口氧含量偏高,预警
2025-06-27 10:04:00,5,预警,焚烧炉出口氧含量偏低,预警
2025-06-27 10:10:00,5,预警,焚烧炉出口氧含量偏低,预警
2025-06-27 10:14:00,5,预警,焚烧炉出口氧含量偏低,预警
2025-06-27 10:24:00,5,预警,焚烧炉出口氧含量偏低,预警
2025-06-27 10:28:00,5,预警,焚烧炉出口氧含量偏低,预警
2025-06-27 10:32:00,5,预警,焚烧炉出口氧含量偏低,预警
2025-06-27 10:32:00,6,预警,焚烧炉出口氧含量偏高,预警
2025-06-27 10:36:00,5,预警,焚烧炉出口氧含量偏低,预警
2025-06-27 10:40:00,6,预警,焚烧炉出口氧含量偏高,预警
2025-06-27 10:46:00,5,预警,焚烧炉出口氧含量偏低,预警
2025-06-27 10:54:00,5,预警,焚烧炉出口氧含量偏低,预警
2025-06-27 10:58:00,6,预警,焚烧炉出口氧含量偏高,预警
2025-06-27 11:02:00,6,预警,焚烧炉出口氧含量偏高,预警
2025-06-27 11:02:00,5,预警,焚烧炉出口氧含量偏低,预警
2025-06-27 11:12:00,6,预警,焚烧炉出口氧含量偏高,预警
2025-06-27 11:12:00,5,预警,焚烧炉出口氧含量偏低,预警
2025-06-27 11:20:00,6,预警,焚烧炉出口氧含量偏高,预警
2025-06-27 11:22:00,5,预警,焚烧炉出口氧含量偏低,预警
2025-06-27 11:26:00,6,预警,焚烧炉出口氧含量偏高,预警
2025-06-27 11:30:00,5,预警,焚烧炉出口氧含量偏低,预警
2025-06-27 11:30:00,3,预警,焚烧炉出口氧含量偏高,预警
2025-06-27 11:34:00,6,预警,焚烧炉出口氧含量偏高,预警
2025-06-27 11:38:00,5,预警,焚烧炉出口氧含量偏低,预警
2025-06-27 11:44:00,6,预警,焚烧炉出口氧含量偏高,预警
2025-06-27 11:48:00,5,预警,焚烧炉出口氧含量偏低,预警
2025-06-27 11:48:00,6,预警,焚烧炉出口氧含量偏高,预警
2025-06-27 11:52:00,6,预警,焚烧炉出口氧含量偏高,预警
2025-06-27 11:54:00,5,预警,焚烧炉出口氧含量偏低,预警
2025-06-27 11:58:00,6,预警,焚烧炉出口氧含量偏高,预警
2025-06-27 12:02:00,5,预警,焚烧炉出口氧含量偏低,预警
2025-06-27 12:02:00,6,预警,焚烧炉出口氧含量偏高,预警
2025-06-27 12:08:00,5,预警,焚烧炉出口氧含量偏低,预警
2025-06-27 12:16:00,5,预警,焚烧炉出口氧含量偏低,预警
2025-06-27 12:28:00,6,预警,焚烧炉出口氧含量偏高,预警
2025-06-27 12:28:00,5,预警,焚烧炉出口氧含量偏低,预警
2025-06-27 12:32:00,6,预警,焚烧炉出口氧含量偏高,预警
2025-06-27 12:36:00,5,预警,焚烧炉出口氧含量偏低,预警
2025-06-27 12:44:00,5,预警,活性炭投加量不足,预警
2025-06-27 12:54:00,6,预警,焚烧炉出口氧含量偏高,预警
2025-06-27 12:58:00,5,预警,焚烧炉出口氧含量偏低,预警
2025-06-27 13:00:00,6,预警,焚烧炉出口氧含量偏高,预警
2025-06-27 13:04:00,6,预警,焚烧炉出口氧含量偏高,预警
2025-06-27 13:06:00,5,预警,焚烧炉出口氧含量偏低,预警
2025-06-27 13:22:00,5,预警,焚烧炉出口氧含量偏低,预警
2025-06-27 13:28:00,5,预警,焚烧炉出口氧含量偏低,预警
2025-06-27 13:34:00,3,预警,焚烧炉出口氧含量偏高,预警
2025-06-27 13:36:00,6,预警,焚烧炉出口氧含量偏高,预警
2025-06-27 13:36:00,5,预警,焚烧炉出口氧含量偏低,预警
2025-06-27 13:44:00,6,预警,焚烧炉出口氧含量偏高,预警
2025-06-27 13:54:00,5,预警,焚烧炉出口氧含量偏低,预警
2025-06-27 14:02:00,5,预警,焚烧炉出口氧含量偏低,预警
2025-06-27 14:16:00,3,预警,焚烧炉出口氧含量偏高,预警
2025-06-27 14:16:00,5,预警,焚烧炉出口氧含量偏低,预警
2025-06-27 14:24:00,6,预警,焚烧炉出口氧含量偏高,预警
2025-06-27 14:24:00,5,预警,焚烧炉出口氧含量偏低,预警
2025-06-27 14:36:00,6,预警,焚烧炉出口氧含量偏高,预警
2025-06-27 14:40:00,6,预警,焚烧炉出口氧含量偏高,预警
2025-06-27 14:46:00,5,预警,焚烧炉出口氧含量偏低,预警
2025-06-27 14:48:00,6,预警,焚烧炉出口氧含量偏高,预警
2025-06-27 14:52:00,6,预警,焚烧炉出口氧含量偏高,预警
2025-06-27 14:56:00,6,预警,焚烧炉出口氧含量偏高,预警
2025-06-27 14:56:00,5,预警,焚烧炉出口氧含量偏低,预警
2025-06-27 15:10:00,6,预警,焚烧炉出口氧含量偏高,预警
2025-06-27 15:22:00,3,预警,焚烧炉出口氧含量偏高,预警
2025-06-27 15:36:00,5,预警,焚烧炉出口氧含量偏低,预警
2025-06-27 15:36:00,6,预警,焚烧炉出口氧含量偏高,预警
2025-06-27 15:42:00,6,预警,焚烧炉出口氧含量偏高,预警
2025-06-27 15:50:00,6,预警,焚烧炉出口氧含量偏高,预警
2025-06-27 15:56:00,5,预警,焚烧炉出口氧含量偏低,预警
2025-06-27 16:00:00,6,预警,焚烧炉出口氧含量偏高,预警
2025-06-27 16:16:00,6,预警,焚烧炉出口氧含量偏高,预警
2025-06-27 16:22:00,6,预警,焚烧炉出口氧含量偏高,预警
2025-06-27 16:26:00,6,预警,焚烧炉出口氧含量偏高,预警
2025-06-27 16:34:00,5,预警,焚烧炉出口氧含量偏低,预警
2025-06-27 16:38:00,6,预警,焚烧炉出口氧含量偏高,预警
2025-06-27 16:40:00,5,预警,焚烧炉出口氧含量偏低,预警
2025-06-27 16:46:00,5,预警,焚烧炉出口氧含量偏低,预警
2025-06-27 16:54:00,6,预警,焚烧炉出口氧含量偏高,预警
2025-06-27 17:04:00,5,预警,焚烧炉出口氧含量偏低,预警
2025-06-27 17:14:00,6,预警,焚烧炉出口氧含量偏高,预警
2025-06-27 17:14:00,5,预警,焚烧炉出口氧含量偏低,预警
2025-06-27 17:20:00,6,预警,焚烧炉出口氧含量偏高,预警
2025-06-27 17:26:00,6,预警,焚烧炉出口氧含量偏高,预警
2025-06-27 17:28:00,5,预警,焚烧炉出口氧含量偏低,预警
2025-06-27 17:32:00,5,预警,焚烧炉出口氧含量偏低,预警
2025-06-27 17:34:00,6,预警,焚烧炉出口氧含量偏高,预警
2025-06-27 17:40:00,6,预警,焚烧炉出口氧含量偏高,预警
2025-06-27 17:46:00,6,预警,焚烧炉出口氧含量偏高,预警
2025-06-27 17:52:00,6,预警,焚烧炉出口氧含量偏高,预警
2025-06-27 17:52:00,5,预警,焚烧炉出口氧含量偏低,预警
2025-06-27 17:56:00,6,预警,焚烧炉出口氧含量偏高,预警
2025-06-27 17:58:00,5,预警,焚烧炉出口氧含量偏低,预警
2025-06-27 18:00:00,5,预警,焚烧炉出口氧含量偏高,预警
2025-06-27 18:02:00,6,预警,焚烧炉出口氧含量偏高,预警
2025-06-27 18:10:00,5,预警,焚烧炉出口氧含量偏低,预警
2025-06-27 18:12:01,6,预警,焚烧炉出口氧含量偏高,预警
2025-06-27 18:18:00,6,预警,焚烧炉出口氧含量偏高,预警
2025-06-27 18:20:00,5,预警,焚烧炉出口氧含量偏低,预警
2025-06-27 18:28:00,6,预警,焚烧炉出口氧含量偏高,预警
2025-06-27 18:28:00,5,预警,焚烧炉出口氧含量偏低,预警
2025-06-27 18:34:00,5,预警,焚烧炉出口氧含量偏低,预警
2025-06-27 18:38:00,5,预警,焚烧炉出口氧含量偏低,预警
2025-06-27 18:42:00,6,预警,焚烧炉出口氧含量偏高,预警
2025-06-27 18:44:00,5,预警,焚烧炉出口氧含量偏低,预警
2025-06-27 18:48:00,6,预警,焚烧炉出口氧含量偏高,预警
2025-06-27 18:54:00,6,预警,焚烧炉出口氧含量偏高,预警
2025-06-27 19:00:00,5,预警,焚烧炉出口氧含量偏低,预警
2025-06-27 19:04:00,6,预警,焚烧炉出口氧含量偏高,预警
2025-06-27 19:04:00,5,预警,焚烧炉出口氧含量偏低,预警
2025-06-27 19:16:00,5,预警,焚烧炉出口氧含量偏低,预警
2025-06-27 19:24:00,6,预警,焚烧炉出口氧含量偏高,预警
2025-06-27 19:24:00,5,预警,焚烧炉出口氧含量偏低,预警
2025-06-27 19:30:00,5,预警,焚烧炉出口氧含量偏低,预警
2025-06-27 19:32:00,6,预警,焚烧炉出口氧含量偏高,预警
2025-06-27 19:38:00,5,预警,焚烧炉出口氧含量偏低,预警
2025-06-27 19:40:00,6,预警,焚烧炉出口氧含量偏高,预警
2025-06-27 19:46:00,3,预警,焚烧炉出口氧含量偏高,预警
2025-06-27 19:56:00,5,预警,焚烧炉出口氧含量偏低,预警
2025-06-27 20:00:00,6,预警,焚烧炉出口氧含量偏高,预警
2025-06-27 20:04:00,5,预警,焚烧炉出口氧含量偏低,预警
2025-06-27 20:14:00,5,预警,焚烧炉出口氧含量偏低,预警
2025-06-27 20:16:00,6,预警,焚烧炉出口氧含量偏高,预警
2025-06-27 20:20:00,6,预警,焚烧炉出口氧含量偏高,预警
2025-06-27 20:20:00,5,预警,焚烧炉出口氧含量偏低,预警
2025-06-27 20:24:00,6,预警,焚烧炉出口氧含量偏高,预警
2025-06-27 20:30:00,5,预警,焚烧炉出口氧含量偏低,预警
2025-06-27 20:32:00,6,预警,焚烧炉出口氧含量偏高,预警
2025-06-27 20:34:00,3,预警,焚烧炉出口氧含量偏高,预警
2025-06-27 20:40:00,6,预警,焚烧炉出口氧含量偏高,预警
2025-06-27 20:40:00,5,预警,焚烧炉出口氧含量偏低,预警
2025-06-27 20:50:00,6,预警,焚烧炉出口氧含量偏高,预警
2025-06-27 21:00:00,6,预警,焚烧炉出口氧含量偏高,预警
2025-06-27 21:26:00,6,预警,焚烧炉出口氧含量偏高,预警
2025-06-27 21:36:00,6,预警,焚烧炉出口氧含量偏高,预警
2025-06-27 21:44:00,6,预警,焚烧炉出口氧含量偏高,预警
2025-06-27 21:56:00,6,预警,焚烧炉出口氧含量偏高,预警
2025-06-27 22:00:00,6,预警,焚烧炉出口氧含量偏高,预警
2025-06-27 22:14:00,5,预警,焚烧炉出口氧含量偏低,预警
2025-06-27 22:16:00,6,预警,焚烧炉出口氧含量偏高,预警
2025-06-27 22:20:00,3,预警,焚烧炉出口氧含量偏高,预警
2025-06-27 22:24:00,5,预警,焚烧炉出口氧含量偏低,预警
2025-06-27 22:26:00,6,预警,焚烧炉出口氧含量偏高,预警
2025-06-27 22:34:00,6,预警,焚烧炉出口氧含量偏高,预警
2025-06-27 22:44:00,6,预警,焚烧炉出口氧含量偏高,预警
2025-06-27 22:52:00,5,预警,焚烧炉出口氧含量偏低,预警
2025-06-27 22:58:00,5,预警,焚烧炉出口氧含量偏低,预警
2025-06-27 23:02:00,6,预警,焚烧炉出口氧含量偏高,预警
2025-06-27 23:08:00,6,预警,焚烧炉出口氧含量偏高,预警
2025-06-27 23:10:00,5,预警,焚烧炉出口氧含量偏低,预警
2025-06-27 23:22:00,6,预警,焚烧炉出口氧含量偏高,预警
2025-06-27 23:24:00,5,预警,焚烧炉出口氧含量偏低,预警
2025-06-27 23:36:00,5,预警,焚烧炉出口氧含量偏低,预警
2025-06-27 23:58:00,5,预警,焚烧炉出口氧含量偏低,预警
