出口voc,进口voc,风管内风速值,进口0出口1,创建时间,风量,风速段,浓度时间段,时间段序号,拼接时间段,穿透率,处理效率
2.5,1.0,10.4,0,1970-01-01 00:29:14.888381,1.0,1,1,1,1_2,0.4781444285031085,52.18555714968915
2.5,6.0,10.54,0,1970-01-01 00:29:14.888411,1.0,1,1,1,1_2,0.4781444285031085,52.18555714968915
2.5,1.6,10.24,0,1970-01-01 00:29:14.888421,1.0,1,1,1,1_2,0.4781444285031085,52.18555714968915
2.5,2.3,10.32,0,1970-01-01 00:29:14.888431,1.0,1,1,1,1_2,0.4781444285031085,52.18555714968915
2.5,2.3,10.2,0,1970-01-01 00:29:14.888441,1.0,1,1,1,1_2,0.4781444285031085,52.18555714968915
2.5,3.4,10.29,0,1970-01-01 00:29:14.888451,1.0,1,1,1,1_2,0.4781444285031085,52.18555714968915
2.5,3.6,10.52,0,1970-01-01 00:29:14.888462,1.0,1,1,1,1_2,0.4781444285031085,52.18555714968915
2.5,9.3,10.42,0,1970-01-01 00:29:14.888472,1.0,1,1,1,1_2,0.4781444285031085,52.18555714968915
2.5,5.3,10.26,0,1970-01-01 00:29:14.888482,1.0,1,1,1,1_2,0.4781444285031085,52.18555714968915
2.5,7.3,10.42,0,1970-01-01 00:29:14.888492,1.0,1,1,1,1_2,0.4781444285031085,52.18555714968915
2.5,4.2,10.41,0,1970-01-01 00:29:14.888502,1.0,1,1,1,1_2,0.4781444285031085,52.18555714968915
2.5,8.9,10.52,0,1970-01-01 00:29:14.888512,1.0,1,1,1,1_2,0.4781444285031085,52.18555714968915
2.5,3.6,10.41,0,1970-01-01 00:29:14.888523,1.0,1,1,1,1_2,0.4781444285031085,52.18555714968915
2.5,1.2,10.42,0,1970-01-01 00:29:14.888532,1.0,1,1,1,1_2,0.4781444285031085,52.18555714968915
2.5,2.9,10.4,0,1970-01-01 00:29:14.888542,1.0,1,1,1,1_2,0.4781444285031085,52.18555714968915
2.5,8.9,10.07,0,1970-01-01 00:29:14.888552,1.0,1,1,1,1_2,0.4781444285031085,52.18555714968915
2.5,8.4,10.55,0,1970-01-01 00:29:14.888563,1.0,1,1,1,1_2,0.4781444285031085,52.18555714968915
2.5,3.8,10.45,0,1970-01-01 00:29:14.888573,1.0,1,1,1,1_2,0.4781444285031085,52.18555714968915
2.5,8.6,10.46,0,1970-01-01 00:29:14.888583,1.0,1,1,1,1_2,0.4781444285031085,52.18555714968915
2.5,10.8,10.26,0,1970-01-01 00:29:14.888593,1.0,1,1,1,1_2,0.4781444285031085,52.18555714968915
2.5,9.1,10.37,0,1970-01-01 00:29:14.888603,1.0,1,1,1,1_2,0.4781444285031085,52.18555714968915
2.5,4.9,10.44,0,1970-01-01 00:29:14.888613,1.0,1,1,1,1_2,0.4781444285031085,52.18555714968915
2.5,6.2,10.16,0,1970-01-01 00:29:14.888624,1.0,1,1,1,1_2,0.4781444285031085,52.18555714968915
2.5,7.1,10.31,0,1970-01-01 00:29:14.888634,1.0,1,1,1,1_2,0.4781444285031085,52.18555714968915
2.5,7.1,10.51,0,1970-01-01 00:29:14.888644,1.0,1,1,1,1_2,0.4781444285031085,52.18555714968915
2.5,9.1,10.84,0,1970-01-01 00:29:14.888654,1.0,1,1,1,1_2,0.4781444285031085,52.18555714968915
2.5,3.4,10.14,0,1970-01-01 00:29:14.888664,1.0,1,1,1,1_2,0.4781444285031085,52.18555714968915
2.5,3.8,10.48,0,1970-01-01 00:29:14.888674,1.0,1,1,1,1_2,0.4781444285031085,52.18555714968915
2.5,4.2,10.18,0,1970-01-01 00:29:14.888684,1.0,1,1,1,1_2,0.4781444285031085,52.18555714968915
2.5,11.3,10.42,0,1970-01-01 00:29:14.888694,1.0,1,1,1,1_2,0.4781444285031085,52.18555714968915
2.5,4.9,10.62,0,1970-01-01 00:29:14.888705,1.0,1,1,1,1_2,0.4781444285031085,52.18555714968915
2.5,7.3,10.57,0,1970-01-01 00:29:14.888715,1.0,1,1,1,1_2,0.4781444285031085,52.18555714968915
2.5,4.0,10.17,0,1970-01-01 00:29:14.888725,1.0,1,1,1,1_2,0.4781444285031085,52.18555714968915
2.5,7.3,10.32,0,1970-01-01 00:29:14.888735,1.0,1,1,1,1_2,0.4781444285031085,52.18555714968915
2.5,2.1,10.64,0,1970-01-01 00:29:14.888745,1.0,1,1,1,1_2,0.4781444285031085,52.18555714968915
2.5,10.2,10.4,0,1970-01-01 00:29:14.888755,1.0,1,1,1,1_2,0.4781444285031085,52.18555714968915
2.5,6.0,10.46,0,1970-01-01 00:29:14.888765,1.0,1,1,1,1_2,0.4781444285031085,52.18555714968915
2.5,8.2,10.37,0,1970-01-01 00:29:14.888775,1.0,1,1,1,1_2,0.4781444285031085,52.18555714968915
2.5,9.1,10.27,0,1970-01-01 00:29:14.888785,1.0,1,1,1,1_2,0.4781444285031085,52.18555714968915
2.5,4.7,10.65,0,1970-01-01 00:29:14.888795,1.0,1,1,1,1_2,0.4781444285031085,52.18555714968915
2.5,3.6,10.39,0,1970-01-01 00:29:14.888805,1.0,1,1,1,1_2,0.4781444285031085,52.18555714968915
2.5,4.9,10.44,0,1970-01-01 00:29:14.888815,1.0,1,1,1,1_2,0.4781444285031085,52.18555714968915
2.5,0.1,10.17,0,1970-01-01 00:29:14.888835,1.0,1,1,1,1_2,0.4781444285031085,52.18555714968915
2.5,9.7,10.55,0,1970-01-01 00:29:14.888845,1.0,1,1,1,1_2,0.4781444285031085,52.18555714968915
2.5,5.6,10.43,0,1970-01-01 00:29:14.888856,1.0,1,1,1,1_2,0.4781444285031085,52.18555714968915
2.5,9.7,10.61,0,1970-01-01 00:29:14.888876,1.0,1,1,1,1_2,0.4781444285031085,52.18555714968915
2.5,0.5,10.51,0,1970-01-01 00:29:14.888886,1.0,1,1,1,1_2,0.4781444285031085,52.18555714968915
2.5,11.3,10.44,0,1970-01-01 00:29:14.888896,1.0,1,1,1,1_2,0.4781444285031085,52.18555714968915
2.5,1.6,10.32,0,1970-01-01 00:29:14.888916,1.0,1,1,1,1_2,0.4781444285031085,52.18555714968915
2.5,7.1,10.34,0,1970-01-01 00:29:14.888936,1.0,1,1,1,1_2,0.4781444285031085,52.18555714968915
2.5,11.1,10.21,0,1970-01-01 00:29:14.888946,1.0,1,1,1,1_2,0.4781444285031085,52.18555714968915
2.5,4.2,10.51,0,1970-01-01 00:29:14.888957,1.0,1,1,1,1_2,0.4781444285031085,52.18555714968915
2.5,1.8,10.54,0,1970-01-01 00:29:14.888967,1.0,1,1,1,1_2,0.4781444285031085,52.18555714968915
2.5,9.7,10.3,0,1970-01-01 00:29:14.888977,1.0,1,1,1,1_2,0.4781444285031085,52.18555714968915
2.5,4.2,10.51,0,1970-01-01 00:29:14.888997,1.0,1,1,1,1_2,0.4781444285031085,52.18555714968915
2.5,0.1,10.56,0,1970-01-01 00:29:14.889017,1.0,1,1,1,1_2,0.4781444285031085,52.18555714968915
2.5,4.9,10.42,0,1970-01-01 00:29:14.889038,1.0,1,1,1,1_2,0.4781444285031085,52.18555714968915
2.5,1.2,10.77,0,1970-01-01 00:29:14.889048,1.0,1,1,1,1_2,0.4781444285031085,52.18555714968915
2.5,6.9,10.4,0,1970-01-01 00:29:14.889058,1.0,1,1,1,1_2,0.4781444285031085,52.18555714968915
2.5,2.1,10.3,0,1970-01-01 00:29:14.889068,1.0,1,1,1,1_2,0.4781444285031085,52.18555714968915
2.5,6.9,10.62,0,1970-01-01 00:29:14.889088,1.0,1,1,1,1_2,0.4781444285031085,52.18555714968915
2.5,9.7,10.48,0,1970-01-01 00:29:14.889098,1.0,1,1,1,1_2,0.4781444285031085,52.18555714968915
2.5,8.4,10.44,0,1970-01-01 00:29:14.889108,1.0,1,1,1,1_2,0.4781444285031085,52.18555714968915
2.5,2.7,10.45,0,1970-01-01 00:29:14.889118,1.0,1,1,1,1_2,0.4781444285031085,52.18555714968915
2.5,9.1,10.49,0,1970-01-01 00:29:14.889129,1.0,1,1,1,1_2,0.4781444285031085,52.18555714968915
2.5,1.0,10.32,0,1970-01-01 00:29:14.889138,1.0,1,1,1,1_2,0.4781444285031085,52.18555714968915
2.5,1.8,10.45,0,1970-01-01 00:29:14.889149,1.0,1,1,1,1_2,0.4781444285031085,52.18555714968915
2.5,5.3,10.58,0,1970-01-01 00:29:14.889159,1.0,1,1,1,1_2,0.4781444285031085,52.18555714968915
2.5,6.0,10.49,0,1970-01-01 00:29:14.889169,1.0,1,1,1,1_2,0.4781444285031085,52.18555714968915
2.5,3.8,10.42,0,1970-01-01 00:29:14.889179,1.0,1,1,1,1_2,0.4781444285031085,52.18555714968915
2.5,4.0,10.37,0,1970-01-01 00:29:14.889189,1.0,1,1,1,1_2,0.4781444285031085,52.18555714968915
2.5,0.3,10.36,0,1970-01-01 00:29:14.889199,1.0,1,1,1,1_2,0.4781444285031085,52.18555714968915
2.5,2.7,10.49,0,1970-01-01 00:29:14.889209,1.0,1,1,1,1_2,0.4781444285031085,52.18555714968915
2.5,2.7,10.64,0,1970-01-01 00:29:14.889219,1.0,1,1,1,1_2,0.4781444285031085,52.18555714968915
2.5,6.9,10.33,0,1970-01-01 00:29:14.889230,1.0,1,1,1,1_2,0.4781444285031085,52.18555714968915
2.5,4.5,10.4,0,1970-01-01 00:29:14.889240,1.0,1,1,1,1_2,0.4781444285031085,52.18555714968915
2.5,6.9,10.4,0,1970-01-01 00:29:14.889250,1.0,1,1,1,1_2,0.4781444285031085,52.18555714968915
2.5,7.3,10.39,0,1970-01-01 00:29:14.889260,1.0,1,1,1,1_2,0.4781444285031085,52.18555714968915
2.5,4.0,10.37,0,1970-01-01 00:29:14.889270,1.0,1,1,1,1_2,0.4781444285031085,52.18555714968915
2.5,2.9,10.42,0,1970-01-01 00:29:14.889280,1.0,1,1,1,1_2,0.4781444285031085,52.18555714968915
2.5,7.3,10.15,0,1970-01-01 00:29:14.889291,1.0,1,1,1,1_2,0.4781444285031085,52.18555714968915
2.5,3.8,10.37,0,1970-01-01 00:29:14.889301,1.0,1,1,1,1_2,0.4781444285031085,52.18555714968915
2.5,6.4,10.24,0,1970-01-01 00:29:14.889310,1.0,1,1,1,1_2,0.4781444285031085,52.18555714968915
2.5,3.6,10.23,0,1970-01-01 00:29:14.889320,1.0,1,1,1,1_2,0.4781444285031085,52.18555714968915
2.5,5.1,10.43,0,1970-01-01 00:29:14.889331,1.0,1,1,1,1_2,0.4781444285031085,52.18555714968915
2.5,5.6,10.53,0,1970-01-01 00:29:14.889351,1.0,1,1,1,1_2,0.4781444285031085,52.18555714968915
2.5,0.7,10.52,0,1970-01-01 00:29:14.889361,1.0,1,1,1,1_2,0.4781444285031085,52.18555714968915
2.5,4.7,10.42,0,1970-01-01 00:29:14.889371,1.0,1,1,1,1_2,0.4781444285031085,52.18555714968915
2.5,5.3,10.41,0,1970-01-01 00:29:14.889381,1.0,1,1,1,1_2,0.4781444285031085,52.18555714968915
2.5,5.1,10.43,0,1970-01-01 00:29:14.889391,1.0,1,1,1,1_2,0.4781444285031085,52.18555714968915
2.5,0.5,10.4,0,1970-01-01 00:29:14.889411,1.0,1,1,1,1_2,0.4781444285031085,52.18555714968915
2.5,6.4,10.46,0,1970-01-01 00:29:14.889421,1.0,1,1,1,1_2,0.4781444285031085,52.18555714968915
2.5,4.9,10.3,0,1970-01-01 00:29:14.889431,1.0,1,1,1,1_2,0.4781444285031085,52.18555714968915
2.5,4.5,10.4,0,1970-01-01 00:29:14.889441,1.0,1,1,1,1_2,0.4781444285031085,52.18555714968915
2.5,3.4,10.39,0,1970-01-01 00:29:14.889452,1.0,1,1,1,1_2,0.4781444285031085,52.18555714968915
2.5,2.5,10.58,0,1970-01-01 00:29:14.889462,1.0,1,1,1,1_2,0.4781444285031085,52.18555714968915
2.5,3.8,10.43,0,1970-01-01 00:29:14.889482,1.0,1,1,1,1_2,0.4781444285031085,52.18555714968915
2.5,3.4,10.48,0,1970-01-01 00:29:14.889492,1.0,1,1,1,1_2,0.4781444285031085,52.18555714968915
2.5,6.4,10.34,0,1970-01-01 00:29:14.889512,1.0,1,1,1,1_2,0.4781444285031085,52.18555714968915
2.5,2.3,10.41,0,1970-01-01 00:29:14.889533,1.0,1,1,1,1_2,0.4781444285031085,52.18555714968915
2.5,3.2,10.18,0,1970-01-01 00:29:14.889553,1.0,1,1,1,1_2,0.4781444285031085,52.18555714968915
2.5,0.5,10.32,0,1970-01-01 00:29:14.889563,1.0,1,1,1,1_2,0.4781444285031085,52.18555714968915
2.5,4.9,10.33,0,1970-01-01 00:29:14.889573,1.0,1,1,1,1_2,0.4781444285031085,52.18555714968915
2.5,0.5,10.4,0,1970-01-01 00:29:14.889583,1.0,1,1,1,1_2,0.4781444285031085,52.18555714968915
2.5,0.3,10.11,0,1970-01-01 00:29:14.889593,1.0,1,1,1,1_2,0.4781444285031085,52.18555714968915
2.5,0.3,10.48,0,1970-01-01 00:29:14.889613,1.0,1,1,1,1_2,0.4781444285031085,52.18555714968915
2.5,6.4,10.39,0,1970-01-01 00:29:14.889623,1.0,1,1,1,1_2,0.4781444285031085,52.18555714968915
2.5,6.7,10.21,0,1970-01-01 00:29:14.889634,1.0,1,1,1,1_2,0.4781444285031085,52.18555714968915
2.5,3.6,10.34,0,1970-01-01 00:29:14.889644,1.0,1,1,1,1_2,0.4781444285031085,52.18555714968915
2.5,9.1,10.52,0,1970-01-01 00:29:14.889654,1.0,1,1,1,1_2,0.4781444285031085,52.18555714968915
2.5,0.3,10.43,0,1970-01-01 00:29:14.889674,1.0,1,1,1,1_2,0.4781444285031085,52.18555714968915
2.5,1.6,10.47,0,1970-01-01 00:29:14.889684,1.0,1,1,1,1_2,0.4781444285031085,52.18555714968915
2.5,3.4,9.95,0,1970-01-01 00:29:14.889705,1.0,1,1,1,1_2,0.4781444285031085,52.18555714968915
2.5,4.0,10.3,0,1970-01-01 00:29:14.889715,1.0,1,1,1,1_2,0.4781444285031085,52.18555714968915
2.5,3.6,10.23,0,1970-01-01 00:29:14.889725,1.0,1,1,1,1_2,0.4781444285031085,52.18555714968915
2.5,3.4,10.34,0,1970-01-01 00:29:14.889735,1.0,1,1,1,1_2,0.4781444285031085,52.18555714968915
2.5,2.9,10.17,0,1970-01-01 00:29:14.889745,1.0,1,1,1,1_2,0.4781444285031085,52.18555714968915
2.5,3.6,10.38,0,1970-01-01 00:29:14.889755,1.0,1,1,1,1_2,0.4781444285031085,52.18555714968915
2.5,5.8,10.42,0,1970-01-01 00:29:14.889765,1.0,1,1,1,1_2,0.4781444285031085,52.18555714968915
2.5,1.4,10.39,0,1970-01-01 00:29:14.889775,1.0,1,1,1,1_2,0.4781444285031085,52.18555714968915
2.5,7.1,10.33,0,1970-01-01 00:29:14.889785,1.0,1,1,1,1_2,0.4781444285031085,52.18555714968915
2.5,6.7,10.37,0,1970-01-01 00:29:14.889795,1.0,1,1,1,1_2,0.4781444285031085,52.18555714968915
2.5,1.0,10.47,0,1970-01-01 00:29:14.889815,1.0,1,1,1,1_2,0.4781444285031085,52.18555714968915
2.5,5.3,10.18,0,1970-01-01 00:29:14.889825,1.0,1,1,1,1_2,0.4781444285031085,52.18555714968915
2.5,4.0,10.33,0,1970-01-01 00:29:14.889835,1.0,1,1,1,1_2,0.4781444285031085,52.18555714968915
2.5,4.2,10.38,0,1970-01-01 00:29:14.889845,1.0,1,1,1,1_2,0.4781444285031085,52.18555714968915
2.5,4.5,10.41,0,1970-01-01 00:29:14.889855,1.0,1,1,1,1_2,0.4781444285031085,52.18555714968915
2.5,8.2,10.36,0,1970-01-01 00:29:14.889865,1.0,1,1,1,1_2,0.4781444285031085,52.18555714968915
2.5,4.2,10.39,0,1970-01-01 00:29:14.889876,1.0,1,1,1,1_2,0.4781444285031085,52.18555714968915
2.5,2.1,10.28,0,1970-01-01 00:29:14.889896,1.0,1,1,1,1_2,0.4781444285031085,52.18555714968915
2.5,2.9,10.27,0,1970-01-01 00:29:14.889906,1.0,1,1,1,1_2,0.4781444285031085,52.18555714968915
2.5,3.4,10.23,0,1970-01-01 00:29:14.889926,1.0,1,1,1,1_2,0.4781444285031085,52.18555714968915
2.5,1.0,10.34,0,1970-01-01 00:29:14.889936,1.0,1,1,1,1_2,0.4781444285031085,52.18555714968915
2.5,5.1,10.34,0,1970-01-01 00:29:14.889946,1.0,1,1,1,1_2,0.4781444285031085,52.18555714968915
2.5,0.7,10.73,0,1970-01-01 00:29:14.889956,1.0,1,1,1,1_2,0.4781444285031085,52.18555714968915
2.5,2.9,10.41,0,1970-01-01 00:29:14.889976,1.0,1,1,1,1_2,0.4781444285031085,52.18555714968915
2.5,5.1,10.26,0,1970-01-01 00:29:14.889986,1.0,1,1,1,1_2,0.4781444285031085,52.18555714968915
2.5,0.7,10.18,0,1970-01-01 00:29:14.890006,1.0,1,1,1,1_2,0.4781444285031085,52.18555714968915
2.5,2.7,10.18,0,1970-01-01 00:29:14.890036,1.0,1,1,1,1_2,0.4781444285031085,52.18555714968915
2.5,3.2,10.12,0,1970-01-01 00:29:14.890057,1.0,1,1,1,1_2,0.4781444285031085,52.18555714968915
2.5,5.6,10.45,0,1970-01-01 00:29:14.890067,1.0,1,1,1,1_2,0.4781444285031085,52.18555714968915
2.5,4.7,10.5,0,1970-01-01 00:29:14.890077,1.0,1,1,1,1_2,0.4781444285031085,52.18555714968915
2.5,1.8,10.46,0,1970-01-01 00:29:14.890087,1.0,1,1,1,1_2,0.4781444285031085,52.18555714968915
2.5,5.3,10.54,0,1970-01-01 00:29:14.890097,1.0,1,1,1,1_2,0.4781444285031085,52.18555714968915
2.5,0.7,10.44,0,1970-01-01 00:29:14.890122,1.0,1,1,1,1_2,0.4781444285031085,52.18555714968915
2.5,1.2,10.47,0,1970-01-01 00:29:14.890148,1.0,1,1,1,1_2,0.4781444285031085,52.18555714968915
2.5,1.4,10.43,0,1970-01-01 00:29:14.890158,1.0,1,1,1,1_2,0.4781444285031085,52.18555714968915
2.5,0.3,10.48,0,1970-01-01 00:29:14.890178,1.0,1,1,1,1_2,0.4781444285031085,52.18555714968915
2.5,1.4,10.66,0,1970-01-01 00:29:14.890188,1.0,1,1,1,1_2,0.4781444285031085,52.18555714968915
2.5,3.4,10.4,0,1970-01-01 00:29:14.890198,1.0,1,1,1,1_2,0.4781444285031085,52.18555714968915
2.5,0.5,10.28,0,1970-01-01 00:29:14.890208,1.0,1,1,1,1_2,0.4781444285031085,52.18555714968915
2.5,4.2,10.28,0,1970-01-01 00:29:14.890218,1.0,1,1,1,1_2,0.4781444285031085,52.18555714968915
2.5,2.3,10.23,0,1970-01-01 00:29:14.890228,1.0,1,1,1,1_2,0.4781444285031085,52.18555714968915
2.5,2.5,10.57,0,1970-01-01 00:29:14.890248,1.0,1,1,1,1_2,0.4781444285031085,52.18555714968915
2.5,2.7,10.33,0,1970-01-01 00:29:14.890259,1.0,1,1,1,1_2,0.4781444285031085,52.18555714968915
2.5,4.5,10.36,0,1970-01-01 00:29:14.890268,1.0,1,1,1,1_2,0.4781444285031085,52.18555714968915
2.5,2.5,10.22,0,1970-01-01 00:29:14.890279,1.0,1,1,1,1_2,0.4781444285031085,52.18555714968915
2.5,0.7,10.32,0,1970-01-01 00:29:14.890309,1.0,1,1,1,1_2,0.4781444285031085,52.18555714968915
2.5,2.3,10.08,0,1970-01-01 00:29:14.890319,1.0,1,1,1,1_2,0.4781444285031085,52.18555714968915
2.5,2.5,10.44,0,1970-01-01 00:29:14.890329,1.0,1,1,1,1_2,0.4781444285031085,52.18555714968915
2.5,2.7,10.24,0,1970-01-01 00:29:14.890349,1.0,1,1,1,1_2,0.4781444285031085,52.18555714968915
2.5,7.1,10.44,0,1970-01-01 00:29:14.890359,1.0,1,1,1,1_2,0.4781444285031085,52.18555714968915
2.5,4.5,10.27,0,1970-01-01 00:29:14.890369,1.0,1,1,1,1_2,0.4781444285031085,52.18555714968915
2.5,0.3,10.29,0,1970-01-01 00:29:14.890379,1.0,1,1,1,1_2,0.4781444285031085,52.18555714968915
2.5,6.2,10.2,0,1970-01-01 00:29:14.890389,1.0,1,1,1,1_2,0.4781444285031085,52.18555714968915
2.5,4.7,10.36,0,1970-01-01 00:29:14.890400,1.0,1,1,1,1_2,0.4781444285031085,52.18555714968915
2.5,6.4,10.46,0,1970-01-01 00:29:14.890410,1.0,1,1,1,1_2,0.4781444285031085,52.18555714968915
2.5,10.0,10.56,0,1970-01-01 00:29:14.890430,1.0,1,1,1,1_2,0.4781444285031085,52.18555714968915
2.5,0.3,10.36,0,1970-01-01 00:29:14.890450,1.0,1,1,1,1_2,0.4781444285031085,52.18555714968915
2.5,2.7,10.52,0,1970-01-01 00:29:14.890460,1.0,1,1,1,1_2,0.4781444285031085,52.18555714968915
2.5,6.2,10.57,0,1970-01-01 00:29:14.890470,1.0,1,1,1,1_2,0.4781444285031085,52.18555714968915
2.5,6.7,10.41,0,1970-01-01 00:29:14.890480,1.0,1,1,1,1_2,0.4781444285031085,52.18555714968915
2.5,7.8,10.56,0,1970-01-01 00:29:14.890490,1.0,1,1,1,1_2,0.4781444285031085,52.18555714968915
2.5,4.0,10.65,0,1970-01-01 00:29:14.890510,1.0,1,1,1,1_2,0.4781444285031085,52.18555714968915
2.5,4.7,10.43,0,1970-01-01 00:29:14.890531,1.0,1,1,1,1_2,0.4781444285031085,52.18555714968915
2.5,3.6,10.55,0,1970-01-01 00:29:14.890552,1.0,1,1,1,1_2,0.4781444285031085,52.18555714968915
2.5,11.3,10.39,0,1970-01-01 00:29:14.890571,1.0,1,1,1,1_2,0.4781444285031085,52.18555714968915
2.5,5.6,10.16,0,1970-01-01 00:29:14.890591,1.0,1,1,1,1_2,0.4781444285031085,52.18555714968915
2.5,4.2,10.46,0,1970-01-01 00:29:14.890622,1.0,1,1,1,1_2,0.4781444285031085,52.18555714968915
2.5,2.9,10.68,0,1970-01-01 00:29:14.890631,1.0,1,1,1,1_2,0.4781444285031085,52.18555714968915
2.5,1.8,10.39,0,1970-01-01 00:29:14.890641,1.0,1,1,1,1_2,0.4781444285031085,52.18555714968915
2.5,4.9,10.37,0,1970-01-01 00:29:14.890672,1.0,1,1,1,1_2,0.4781444285031085,52.18555714968915
2.5,1.6,10.6,0,1970-01-01 00:29:14.890693,1.0,1,1,1,1_2,0.4781444285031085,52.18555714968915
2.5,0.5,10.37,0,1970-01-01 00:29:14.890702,1.0,1,1,1,1_2,0.4781444285031085,52.18555714968915
2.5,1.0,10.59,0,1970-01-01 00:29:14.890722,1.0,1,1,1,1_2,0.4781444285031085,52.18555714968915
2.5,1.4,10.47,0,1970-01-01 00:29:14.890794,1.0,1,1,1,1_2,0.4781444285031085,52.18555714968915
2.5,0.5,10.58,0,1970-01-01 00:29:14.890804,1.0,1,1,1,1_2,0.4781444285031085,52.18555714968915
2.5,0.3,10.46,0,1970-01-01 00:29:14.890814,1.0,1,1,1,1_2,0.4781444285031085,52.18555714968915
2.5,2.3,10.39,0,1970-01-01 00:29:14.890824,1.0,1,1,1,1_2,0.4781444285031085,52.18555714968915
2.5,6.2,10.51,0,1970-01-01 00:29:14.890844,1.0,1,1,1,1_2,0.4781444285031085,52.18555714968915
2.5,2.7,10.21,0,1970-01-01 00:29:14.890864,1.0,1,1,1,1_2,0.4781444285031085,52.18555714968915
2.5,1.2,10.28,0,1970-01-01 00:29:14.890874,1.0,1,1,1,1_2,0.4781444285031085,52.18555714968915
2.5,2.7,10.29,0,1970-01-01 00:29:14.890888,1.0,1,1,1,1_2,0.4781444285031085,52.18555714968915
2.5,1.8,10.3,0,1970-01-01 00:29:14.890897,1.0,1,1,1,1_2,0.4781444285031085,52.18555714968915
2.5,0.3,10.36,0,1970-01-01 00:29:14.890904,1.0,1,1,1,1_2,0.4781444285031085,52.18555714968915
2.5,1.8,10.31,0,1970-01-01 00:29:14.890914,1.0,1,1,1,1_2,0.4781444285031085,52.18555714968915
2.5,4.9,10.36,0,1970-01-01 00:29:14.890944,1.0,1,1,1,1_2,0.4781444285031085,52.18555714968915
2.5,0.1,10.13,0,1970-01-01 00:29:14.890965,1.0,1,1,1,1_2,0.4781444285031085,52.18555714968915
2.5,0.3,10.75,0,1970-01-01 00:29:14.890975,1.0,1,1,1,1_2,0.4781444285031085,52.18555714968915
2.5,0.3,10.26,0,1970-01-01 00:29:14.890986,1.0,1,1,1,1_2,0.4781444285031085,52.18555714968915
2.5,3.2,10.33,0,1970-01-01 00:29:14.891005,1.0,1,1,1,1_2,0.4781444285031085,52.18555714968915
2.5,2.1,10.36,0,1970-01-01 00:29:14.891025,1.0,1,1,1,1_2,0.4781444285031085,52.18555714968915
2.5,1.0,10.59,0,1970-01-01 00:29:14.891035,1.0,1,1,1,1_2,0.4781444285031085,52.18555714968915
2.5,1.8,10.21,0,1970-01-01 00:29:14.891046,1.0,1,1,1,1_2,0.4781444285031085,52.18555714968915
2.5,2.3,10.44,0,1970-01-01 00:29:14.891056,1.0,1,1,1,1_2,0.4781444285031085,52.18555714968915
2.5,4.9,10.53,0,1970-01-01 00:29:14.891076,1.0,1,1,1,1_2,0.4781444285031085,52.18555714968915
2.5,3.2,10.28,0,1970-01-01 00:29:14.891097,1.0,1,1,1,1_2,0.4781444285031085,52.18555714968915
2.5,1.2,10.11,0,1970-01-01 00:29:14.891146,1.0,1,1,1,1_2,0.4781444285031085,52.18555714968915
2.5,4.7,10.41,0,1970-01-01 00:29:14.891156,1.0,1,1,1,1_2,0.4781444285031085,52.18555714968915
2.5,3.2,10.38,0,1970-01-01 00:29:14.891167,1.0,1,1,1,1_2,0.4781444285031085,52.18555714968915
2.5,3.2,10.33,0,1970-01-01 00:29:14.891176,1.0,1,1,1,1_2,0.4781444285031085,52.18555714968915
2.5,2.5,10.32,0,1970-01-01 00:29:14.891187,1.0,1,1,1,1_2,0.4781444285031085,52.18555714968915
2.5,1.4,10.45,0,1970-01-01 00:29:14.891207,1.0,1,1,1,1_2,0.4781444285031085,52.18555714968915
2.5,0.3,10.52,0,1970-01-01 00:29:14.891257,1.0,1,1,1,1_2,0.4781444285031085,52.18555714968915
2.5,0.7,10.3,0,1970-01-01 00:29:14.891277,1.0,1,1,1,1_2,0.4781444285031085,52.18555714968915
2.5,0.1,10.57,0,1970-01-01 00:29:14.891307,1.0,1,1,1,1_2,0.4781444285031085,52.18555714968915
2.5,4.2,10.43,0,1970-01-01 00:29:14.891317,1.0,1,1,1,1_2,0.4781444285031085,52.18555714968915
2.5,0.1,10.32,0,1970-01-01 00:29:14.891327,1.0,1,1,1,1_2,0.4781444285031085,52.18555714968915
2.5,2.5,10.29,0,1970-01-01 00:29:14.891338,1.0,1,1,1,1_2,0.4781444285031085,52.18555714968915
2.5,3.6,10.34,0,1970-01-01 00:29:14.891368,1.0,1,1,1,1_2,0.4781444285031085,52.18555714968915
2.5,3.8,10.24,0,1970-01-01 00:29:14.891378,1.0,1,1,1,1_2,0.4781444285031085,52.18555714968915
2.5,2.7,10.5,0,1970-01-01 00:29:14.891388,1.0,1,1,1,1_2,0.4781444285031085,52.18555714968915
2.5,2.5,10.18,0,1970-01-01 00:29:14.891408,1.0,1,1,1,1_2,0.4781444285031085,52.18555714968915
2.5,2.9,10.14,0,1970-01-01 00:29:14.891418,1.0,1,1,1,1_2,0.4781444285031085,52.18555714968915
2.5,0.7,10.17,0,1970-01-01 00:29:14.891429,1.0,1,1,1,1_2,0.4781444285031085,52.18555714968915
2.5,4.7,10.49,0,1970-01-01 00:29:14.891449,1.0,1,1,1,1_2,0.4781444285031085,52.18555714968915
2.5,0.7,10.58,0,1970-01-01 00:29:14.891479,1.0,1,1,1,1_2,0.4781444285031085,52.18555714968915
2.5,0.5,10.32,0,1970-01-01 00:29:14.891519,1.0,1,1,1,1_2,0.4781444285031085,52.18555714968915
2.5,3.2,10.26,0,1970-01-01 00:29:14.891539,1.0,1,1,1,1_2,0.4781444285031085,52.18555714968915
2.5,0.5,10.28,0,1970-01-01 00:29:14.891549,1.0,1,1,1,1_2,0.4781444285031085,52.18555714968915
2.5,0.7,10.41,0,1970-01-01 00:29:14.891590,1.0,1,1,1,1_2,0.4781444285031085,52.18555714968915
2.5,4.0,10.48,0,1970-01-01 00:29:14.891610,1.0,1,1,1,1_2,0.4781444285031085,52.18555714968915
2.5,7.3,10.31,0,1970-01-01 00:29:14.891620,1.0,1,1,1,1_2,0.4781444285031085,52.18555714968915
2.5,6.9,10.46,0,1970-01-01 00:29:14.891651,1.0,1,1,1,1_2,0.4781444285031085,52.18555714968915
2.5,2.7,10.33,0,1970-01-01 00:29:14.891681,1.0,1,1,1,1_2,0.4781444285031085,52.18555714968915
2.5,6.0,10.49,0,1970-01-01 00:29:14.891692,1.0,1,1,1,1_2,0.4781444285031085,52.18555714968915
2.5,3.2,10.39,0,1970-01-01 00:29:14.891702,1.0,1,1,1,1_2,0.4781444285031085,52.18555714968915
2.5,7.5,10.38,0,1970-01-01 00:29:14.891712,1.0,1,1,1,1_2,0.4781444285031085,52.18555714968915
2.5,3.6,10.12,0,1970-01-01 00:29:14.891732,1.0,1,1,1,1_2,0.4781444285031085,52.18555714968915
2.5,0.1,10.5,0,1970-01-01 00:29:14.891763,1.0,1,1,1,1_2,0.4781444285031085,52.18555714968915
2.5,0.7,10.51,0,1970-01-01 00:29:14.891783,1.0,1,1,1,1_2,0.4781444285031085,52.18555714968915
2.5,2.9,10.47,0,1970-01-01 00:29:14.891803,1.0,1,1,1,1_2,0.4781444285031085,52.18555714968915
2.5,1.2,10.7,0,1970-01-01 00:29:14.891843,1.0,1,1,1,1_2,0.4781444285031085,52.18555714968915
2.5,1.2,10.49,0,1970-01-01 00:29:14.891853,1.0,1,1,1,1_2,0.4781444285031085,52.18555714968915
2.5,7.1,10.43,0,1970-01-01 00:29:14.891863,1.0,1,1,1,1_2,0.4781444285031085,52.18555714968915
2.5,1.6,10.5,0,1970-01-01 00:29:14.891873,1.0,1,1,1,1_2,0.4781444285031085,52.18555714968915
2.5,1.4,10.25,0,1970-01-01 00:29:14.891883,1.0,1,1,1,1_2,0.4781444285031085,52.18555714968915
2.5,3.6,10.33,0,1970-01-01 00:29:14.891893,1.0,1,1,1,1_2,0.4781444285031085,52.18555714968915
2.5,6.2,10.42,0,1970-01-01 00:29:14.891903,1.0,1,1,1,1_2,0.4781444285031085,52.18555714968915
2.5,4.0,10.29,0,1970-01-01 00:29:14.891944,1.0,1,1,1,1_2,0.4781444285031085,52.18555714968915
2.5,3.2,10.65,0,1970-01-01 00:29:14.892024,1.0,1,1,1,1_2,0.4781444285031085,52.18555714968915
2.5,4.9,10.59,0,1970-01-01 00:29:14.892055,1.0,1,1,1,1_2,0.4781444285031085,52.18555714968915
2.5,8.0,10.29,0,1970-01-01 00:29:14.892085,1.0,1,1,1,1_2,0.4781444285031085,52.18555714968915
2.5,4.7,10.4,0,1970-01-01 00:29:14.892096,1.0,1,1,1,1_2,0.4781444285031085,52.18555714968915
2.5,5.1,10.38,0,1970-01-01 00:29:14.892106,1.0,1,1,1,1_2,0.4781444285031085,52.18555714968915
2.5,1.8,10.24,0,1970-01-01 00:29:14.892116,1.0,1,1,1,1_2,0.4781444285031085,52.18555714968915
2.5,3.4,10.1,0,1970-01-01 00:29:14.892126,1.0,1,1,1,1_2,0.4781444285031085,52.18555714968915
2.5,1.2,10.32,0,1970-01-01 00:29:14.892136,1.0,1,1,1,1_2,0.4781444285031085,52.18555714968915
2.5,3.2,10.23,0,1970-01-01 00:29:14.892167,1.0,1,1,1,1_2,0.4781444285031085,52.18555714968915
2.5,6.7,10.42,0,1970-01-01 00:29:14.892177,1.0,1,1,1,1_2,0.4781444285031085,52.18555714968915
2.5,0.7,10.35,0,1970-01-01 00:29:14.892197,1.0,1,1,1,1_2,0.4781444285031085,52.18555714968915
2.5,3.2,10.35,0,1970-01-01 00:29:14.892207,1.0,1,1,1,1_2,0.4781444285031085,52.18555714968915
2.5,0.1,10.33,0,1970-01-01 00:29:14.892227,1.0,1,1,1,1_2,0.4781444285031085,52.18555714968915
2.5,0.7,10.23,0,1970-01-01 00:29:14.892237,1.0,1,1,1,1_2,0.4781444285031085,52.18555714968915
2.5,3.4,10.41,0,1970-01-01 00:29:14.892247,1.0,1,1,1,1_2,0.4781444285031085,52.18555714968915
2.5,3.6,10.38,0,1970-01-01 00:29:14.892267,1.0,1,1,1,1_2,0.4781444285031085,52.18555714968915
2.5,1.4,10.56,0,1970-01-01 00:29:14.892277,1.0,1,1,1,1_2,0.4781444285031085,52.18555714968915
2.5,0.3,10.35,0,1970-01-01 00:29:14.892288,1.0,1,1,1,1_2,0.4781444285031085,52.18555714968915
2.5,0.1,10.43,0,1970-01-01 00:29:14.892297,1.0,1,1,1,1_2,0.4781444285031085,52.18555714968915
2.5,2.3,10.15,0,1970-01-01 00:29:14.892308,1.0,1,1,1,1_2,0.4781444285031085,52.18555714968915
2.5,2.1,10.23,0,1970-01-01 00:29:14.892328,1.0,1,1,1,1_2,0.4781444285031085,52.18555714968915
2.5,3.2,10.5,0,1970-01-01 00:29:14.892338,1.0,1,1,1,1_2,0.4781444285031085,52.18555714968915
0.3,2.3,10.26,1,1970-01-01 00:29:14.892388,1.0,1,2,2,1_2,0.4781444285031085,52.18555714968915
3.2,2.3,10.55,1,1970-01-01 00:29:14.892418,1.0,1,2,2,1_2,0.4781444285031085,52.18555714968915
2.7,2.3,10.6,1,1970-01-01 00:29:14.892458,1.0,1,2,2,1_2,0.4781444285031085,52.18555714968915
1.2,2.3,10.29,1,1970-01-01 00:29:14.892469,1.0,1,2,2,1_2,0.4781444285031085,52.18555714968915
4.0,2.3,10.27,1,1970-01-01 00:29:14.892479,1.0,1,2,2,1_2,0.4781444285031085,52.18555714968915
2.3,2.3,10.2,1,1970-01-01 00:29:14.892489,1.0,1,2,2,1_2,0.4781444285031085,52.18555714968915
2.7,2.3,10.48,1,1970-01-01 00:29:14.892509,1.0,1,2,2,1_2,0.4781444285031085,52.18555714968915
2.5,2.3,10.45,1,1970-01-01 00:29:14.892529,1.0,1,2,2,1_2,0.4781444285031085,52.18555714968915
0.5,2.3,10.41,1,1970-01-01 00:29:14.892539,1.0,1,2,2,1_2,0.4781444285031085,52.18555714968915
2.3,2.3,10.23,1,1970-01-01 00:29:14.892549,1.0,1,2,2,1_2,0.4781444285031085,52.18555714968915
1.0,2.3,10.53,1,1970-01-01 00:29:14.892559,1.0,1,2,2,1_2,0.4781444285031085,52.18555714968915
2.1,2.3,10.37,1,1970-01-01 00:29:14.892569,1.0,1,2,2,1_2,0.4781444285031085,52.18555714968915
2.3,2.3,10.38,1,1970-01-01 00:29:14.892579,1.0,1,2,2,1_2,0.4781444285031085,52.18555714968915
3.6,2.3,10.35,1,1970-01-01 00:29:14.892589,1.0,1,2,2,1_2,0.4781444285031085,52.18555714968915
1.6,2.3,10.47,1,1970-01-01 00:29:14.892610,1.0,1,2,2,1_2,0.4781444285031085,52.18555714968915
1.2,2.3,10.23,1,1970-01-01 00:29:14.892629,1.0,1,2,2,1_2,0.4781444285031085,52.18555714968915
0.3,2.3,10.3,1,1970-01-01 00:29:14.892650,1.0,1,2,2,1_2,0.4781444285031085,52.18555714968915
3.4,2.3,10.35,1,1970-01-01 00:29:14.892660,1.0,1,2,2,1_2,0.4781444285031085,52.18555714968915
3.8,2.3,10.45,1,1970-01-01 00:29:14.892680,1.0,1,2,2,1_2,0.4781444285031085,52.18555714968915
2.3,2.3,10.36,1,1970-01-01 00:29:14.892701,1.0,1,2,2,1_2,0.4781444285031085,52.18555714968915
3.2,2.3,10.63,1,1970-01-01 00:29:14.892721,1.0,1,2,2,1_2,0.4781444285031085,52.18555714968915
2.9,2.3,10.33,1,1970-01-01 00:29:14.892781,1.0,1,2,2,1_2,0.4781444285031085,52.18555714968915
1.0,2.3,10.55,1,1970-01-01 00:29:14.892822,1.0,1,2,2,1_2,0.4781444285031085,52.18555714968915
2.9,2.3,10.51,1,1970-01-01 00:29:14.892842,1.0,1,2,2,1_2,0.4781444285031085,52.18555714968915
2.5,2.3,10.19,1,1970-01-01 00:29:14.892852,1.0,1,2,2,1_2,0.4781444285031085,52.18555714968915
2.1,2.3,10.49,1,1970-01-01 00:29:14.892923,1.0,1,2,2,1_2,0.4781444285031085,52.18555714968915
0.5,2.3,10.58,1,1970-01-01 00:29:14.892964,1.0,1,2,2,1_2,0.4781444285031085,52.18555714968915
0.5,2.3,10.41,1,1970-01-01 00:29:14.893024,1.0,1,2,2,1_2,0.4781444285031085,52.18555714968915
0.7,2.3,10.32,1,1970-01-01 00:29:14.893034,1.0,1,2,2,1_2,0.4781444285031085,52.18555714968915
0.5,2.3,10.7,1,1970-01-01 00:29:14.893044,1.0,1,2,2,1_2,0.4781444285031085,52.18555714968915
0.1,2.3,10.28,1,1970-01-01 00:29:14.893054,1.0,1,2,2,1_2,0.4781444285031085,52.18555714968915
2.9,2.3,10.21,1,1970-01-01 00:29:14.893065,1.0,1,2,2,1_2,0.4781444285031085,52.18555714968915
1.4,2.3,10.47,1,1970-01-01 00:29:14.893085,1.0,1,2,2,1_2,0.4781444285031085,52.18555714968915
0.5,2.3,10.45,1,1970-01-01 00:29:14.893105,1.0,1,2,2,1_2,0.4781444285031085,52.18555714968915
4.0,2.3,10.27,1,1970-01-01 00:29:14.893115,1.0,1,2,2,1_2,0.4781444285031085,52.18555714968915
0.5,2.3,10.37,1,1970-01-01 00:29:14.893145,1.0,1,2,2,1_2,0.4781444285031085,52.18555714968915
1.4,2.3,10.53,1,1970-01-01 00:29:14.893165,1.0,1,2,2,1_2,0.4781444285031085,52.18555714968915
1.2,2.3,10.55,1,1970-01-01 00:29:14.893175,1.0,1,2,2,1_2,0.4781444285031085,52.18555714968915
3.8,2.3,10.28,1,1970-01-01 00:29:14.893185,1.0,1,2,2,1_2,0.4781444285031085,52.18555714968915
0.3,2.3,10.43,1,1970-01-01 00:29:14.893226,1.0,1,2,2,1_2,0.4781444285031085,52.18555714968915
1.4,2.3,10.78,1,1970-01-01 00:29:14.893235,1.0,1,2,2,1_2,0.4781444285031085,52.18555714968915
3.6,2.3,10.38,1,1970-01-01 00:29:14.893246,1.0,1,2,2,1_2,0.4781444285031085,52.18555714968915
0.1,2.3,10.45,1,1970-01-01 00:29:14.893256,1.0,1,2,2,1_2,0.4781444285031085,52.18555714968915
1.4,2.3,10.61,1,1970-01-01 00:29:14.893266,1.0,1,2,2,1_2,0.4781444285031085,52.18555714968915
2.7,2.3,10.23,1,1970-01-01 00:29:14.893276,1.0,1,2,2,1_2,0.4781444285031085,52.18555714968915
3.6,2.3,10.62,1,1970-01-01 00:29:14.893286,1.0,1,2,2,1_2,0.4781444285031085,52.18555714968915
1.0,2.3,10.42,1,1970-01-01 00:29:14.893296,1.0,1,2,2,1_2,0.4781444285031085,52.18555714968915
1.6,2.3,10.28,1,1970-01-01 00:29:14.893306,1.0,1,2,2,1_2,0.4781444285031085,52.18555714968915
1.4,2.3,10.48,1,1970-01-01 00:29:14.893316,1.0,1,2,2,1_2,0.4781444285031085,52.18555714968915
1.4,2.3,10.53,1,1970-01-01 00:29:14.893329,1.0,1,2,2,1_2,0.4781444285031085,52.18555714968915
1.8,2.3,10.59,1,1970-01-01 00:29:14.893336,1.0,1,2,2,1_2,0.4781444285031085,52.18555714968915
3.8,2.3,10.56,1,1970-01-01 00:29:14.893346,1.0,1,2,2,1_2,0.4781444285031085,52.18555714968915
2.9,2.3,10.43,1,1970-01-01 00:29:14.893356,1.0,1,2,2,1_2,0.4781444285031085,52.18555714968915
1.0,2.3,10.26,1,1970-01-01 00:29:14.893367,1.0,1,2,2,1_2,0.4781444285031085,52.18555714968915
0.1,2.3,10.28,1,1970-01-01 00:29:14.893417,1.0,1,2,2,1_2,0.4781444285031085,52.18555714968915
2.5,2.3,10.31,1,1970-01-01 00:29:14.893467,1.0,1,2,2,1_2,0.4781444285031085,52.18555714968915
4.0,2.3,10.79,1,1970-01-01 00:29:14.893507,1.0,1,2,2,1_2,0.4781444285031085,52.18555714968915
2.5,2.3,10.42,1,1970-01-01 00:29:14.893517,1.0,1,2,2,1_2,0.4781444285031085,52.18555714968915
3.4,2.3,10.56,1,1970-01-01 00:29:14.893547,1.0,1,2,2,1_2,0.4781444285031085,52.18555714968915
0.5,2.3,10.34,1,1970-01-01 00:29:14.893568,1.0,1,2,2,1_2,0.4781444285031085,52.18555714968915
3.6,2.3,10.3,1,1970-01-01 00:29:14.893578,1.0,1,2,2,1_2,0.4781444285031085,52.18555714968915
1.6,2.3,10.63,1,1970-01-01 00:29:14.893598,1.0,1,2,2,1_2,0.4781444285031085,52.18555714968915
3.8,2.3,10.45,1,1970-01-01 00:29:14.893619,1.0,1,2,2,1_2,0.4781444285031085,52.18555714968915
3.2,2.3,10.23,1,1970-01-01 00:29:14.893628,1.0,1,2,2,1_2,0.4781444285031085,52.18555714968915
2.1,2.3,10.54,1,1970-01-01 00:29:14.893638,1.0,1,2,2,1_2,0.4781444285031085,52.18555714968915
2.9,2.3,10.58,1,1970-01-01 00:29:14.893658,1.0,1,2,2,1_2,0.4781444285031085,52.18555714968915
4.0,2.3,10.47,1,1970-01-01 00:29:14.893668,1.0,1,2,2,1_2,0.4781444285031085,52.18555714968915
1.4,2.3,10.41,1,1970-01-01 00:29:14.893678,1.0,1,2,2,1_2,0.4781444285031085,52.18555714968915
1.0,2.3,10.32,1,1970-01-01 00:29:14.893688,1.0,1,2,2,1_2,0.4781444285031085,52.18555714968915
0.1,2.3,10.41,1,1970-01-01 00:29:14.893709,1.0,1,2,2,1_2,0.4781444285031085,52.18555714968915
2.1,2.3,10.45,1,1970-01-01 00:29:14.893729,1.0,1,2,2,1_2,0.4781444285031085,52.18555714968915
2.7,2.3,10.21,1,1970-01-01 00:29:14.893739,1.0,1,2,2,1_2,0.4781444285031085,52.18555714968915
3.2,2.3,10.09,1,1970-01-01 00:29:14.893759,1.0,1,2,2,1_2,0.4781444285031085,52.18555714968915
1.8,2.3,10.17,1,1970-01-01 00:29:14.893769,1.0,1,2,2,1_2,0.4781444285031085,52.18555714968915
0.7,2.3,10.33,1,1970-01-01 00:29:14.893789,1.0,1,2,2,1_2,0.4781444285031085,52.18555714968915
1.6,2.3,10.44,1,1970-01-01 00:29:14.893869,1.0,1,2,2,1_2,0.4781444285031085,52.18555714968915
2.3,2.3,10.35,1,1970-01-01 00:29:14.893900,1.0,1,2,2,1_2,0.4781444285031085,52.18555714968915
1.0,2.3,10.57,1,1970-01-01 00:29:14.893921,1.0,1,2,2,1_2,0.4781444285031085,52.18555714968915
2.7,2.3,10.28,1,1970-01-01 00:29:14.893961,1.0,1,2,2,1_2,0.4781444285031085,52.18555714968915
4.0,2.3,10.27,1,1970-01-01 00:29:14.893991,1.0,1,2,2,1_2,0.4781444285031085,52.18555714968915
0.5,2.3,10.45,1,1970-01-01 00:29:14.894001,1.0,1,2,2,1_2,0.4781444285031085,52.18555714968915
0.3,2.3,10.14,1,1970-01-01 00:29:14.894123,1.0,1,2,2,1_2,0.4781444285031085,52.18555714968915
1.0,2.3,10.41,1,1970-01-01 00:29:14.894132,1.0,1,2,2,1_2,0.4781444285031085,52.18555714968915
2.9,2.3,10.36,1,1970-01-01 00:29:14.894173,1.0,1,2,2,1_2,0.4781444285031085,52.18555714968915
3.8,2.3,10.38,1,1970-01-01 00:29:14.894304,1.0,1,2,2,1_2,0.4781444285031085,52.18555714968915
1.6,2.3,10.38,1,1970-01-01 00:29:14.894314,1.0,1,2,2,1_2,0.4781444285031085,52.18555714968915
1.2,2.3,10.22,1,1970-01-01 00:29:14.894415,1.0,1,2,2,1_2,0.4781444285031085,52.18555714968915
2.7,2.3,10.19,1,1970-01-01 00:29:14.894455,1.0,1,2,2,1_2,0.4781444285031085,52.18555714968915
0.1,2.3,10.22,1,1970-01-01 00:29:14.894475,1.0,1,2,2,1_2,0.4781444285031085,52.18555714968915
3.8,2.3,10.5,1,1970-01-01 00:29:14.894496,1.0,1,2,2,1_2,0.4781444285031085,52.18555714968915
0.3,2.3,10.4,1,1970-01-01 00:29:14.894525,1.0,1,2,2,1_2,0.4781444285031085,52.18555714968915
3.8,2.3,10.19,1,1970-01-01 00:29:14.894536,1.0,1,2,2,1_2,0.4781444285031085,52.18555714968915
3.6,2.3,10.3,1,1970-01-01 00:29:14.894546,1.0,1,2,2,1_2,0.4781444285031085,52.18555714968915
2.3,2.3,10.3,1,1970-01-01 00:29:14.894556,1.0,1,2,2,1_2,0.4781444285031085,52.18555714968915
3.4,2.3,10.51,1,1970-01-01 00:29:14.894626,1.0,1,2,2,1_2,0.4781444285031085,52.18555714968915
0.5,2.3,10.4,1,1970-01-01 00:29:14.894677,1.0,1,2,2,1_2,0.4781444285031085,52.18555714968915
1.8,2.3,10.51,1,1970-01-01 00:29:14.894687,1.0,1,2,2,1_2,0.4781444285031085,52.18555714968915
3.4,2.3,10.28,1,1970-01-01 00:29:14.894718,1.0,1,2,2,1_2,0.4781444285031085,52.18555714968915
0.3,2.3,10.34,1,1970-01-01 00:29:14.894728,1.0,1,2,2,1_2,0.4781444285031085,52.18555714968915
3.8,2.3,10.29,1,1970-01-01 00:29:14.894748,1.0,1,2,2,1_2,0.4781444285031085,52.18555714968915
3.6,2.3,10.3,1,1970-01-01 00:29:14.894778,1.0,1,2,2,1_2,0.4781444285031085,52.18555714968915
1.0,2.3,10.42,1,1970-01-01 00:29:14.894788,1.0,1,2,2,1_2,0.4781444285031085,52.18555714968915
0.7,2.3,10.53,1,1970-01-01 00:29:14.894798,1.0,1,2,2,1_2,0.4781444285031085,52.18555714968915
2.1,2.3,10.58,1,1970-01-01 00:29:14.894848,1.0,1,2,2,1_2,0.4781444285031085,52.18555714968915
0.7,2.3,10.26,1,1970-01-01 00:29:14.894949,1.0,1,2,2,1_2,0.4781444285031085,52.18555714968915
2.3,2.3,10.31,1,1970-01-01 00:29:14.894990,1.0,1,2,2,1_2,0.4781444285031085,52.18555714968915
1.4,2.3,10.42,1,1970-01-01 00:29:14.895000,1.0,1,2,2,1_2,0.4781444285031085,52.18555714968915
2.1,2.3,10.21,1,1970-01-01 00:29:14.895060,1.0,1,2,2,1_2,0.4781444285031085,52.18555714968915
3.4,2.3,10.16,1,1970-01-01 00:29:14.895091,1.0,1,2,2,1_2,0.4781444285031085,52.18555714968915
2.9,2.3,10.38,1,1970-01-01 00:29:14.895111,1.0,1,2,2,1_2,0.4781444285031085,52.18555714968915
1.2,2.3,10.22,1,1970-01-01 00:29:14.895141,1.0,1,2,2,1_2,0.4781444285031085,52.18555714968915
1.4,2.3,10.25,1,1970-01-01 00:29:14.895171,1.0,1,2,2,1_2,0.4781444285031085,52.18555714968915
1.0,2.3,10.37,1,1970-01-01 00:29:14.895181,1.0,1,2,2,1_2,0.4781444285031085,52.18555714968915
0.3,2.3,10.44,1,1970-01-01 00:29:14.895212,1.0,1,2,2,1_2,0.4781444285031085,52.18555714968915
2.3,2.3,10.39,1,1970-01-01 00:29:14.895222,1.0,1,2,2,1_2,0.4781444285031085,52.18555714968915
2.1,2.3,10.49,1,1970-01-01 00:29:14.895232,1.0,1,2,2,1_2,0.4781444285031085,52.18555714968915
3.6,2.3,10.28,1,1970-01-01 00:29:14.895252,1.0,1,2,2,1_2,0.4781444285031085,52.18555714968915
3.8,2.3,10.38,1,1970-01-01 00:29:14.895262,1.0,1,2,2,1_2,0.4781444285031085,52.18555714968915
0.1,2.3,10.32,1,1970-01-01 00:29:14.895302,1.0,1,2,2,1_2,0.4781444285031085,52.18555714968915
1.8,2.3,10.44,1,1970-01-01 00:29:14.895333,1.0,1,2,2,1_2,0.4781444285031085,52.18555714968915
2.7,2.3,10.59,1,1970-01-01 00:29:14.895343,1.0,1,2,2,1_2,0.4781444285031085,52.18555714968915
2.5,2.3,10.51,1,1970-01-01 00:29:14.895353,1.0,1,2,2,1_2,0.4781444285031085,52.18555714968915
0.7,2.3,10.47,1,1970-01-01 00:29:14.895394,1.0,1,2,2,1_2,0.4781444285031085,52.18555714968915
0.7,2.3,10.35,1,1970-01-01 00:29:14.895404,1.0,1,2,2,1_2,0.4781444285031085,52.18555714968915
2.3,2.3,10.21,1,1970-01-01 00:29:14.895414,1.0,1,2,2,1_2,0.4781444285031085,52.18555714968915
3.4,2.3,10.28,1,1970-01-01 00:29:14.895424,1.0,1,2,2,1_2,0.4781444285031085,52.18555714968915
3.2,2.3,10.36,1,1970-01-01 00:29:14.895484,1.0,1,2,2,1_2,0.4781444285031085,52.18555714968915
1.4,2.3,10.12,1,1970-01-01 00:29:14.895606,1.0,1,2,2,1_2,0.4781444285031085,52.18555714968915
1.0,2.3,10.28,1,1970-01-01 00:29:14.895615,1.0,1,2,2,1_2,0.4781444285031085,52.18555714968915
1.6,2.3,10.64,1,1970-01-01 00:29:14.895635,1.0,1,2,2,1_2,0.4781444285031085,52.18555714968915
2.3,2.3,10.5,1,1970-01-01 00:29:14.895646,1.0,1,2,2,1_2,0.4781444285031085,52.18555714968915
0.3,2.3,10.43,1,1970-01-01 00:29:14.895686,1.0,1,2,2,1_2,0.4781444285031085,52.18555714968915
3.8,2.3,10.35,1,1970-01-01 00:29:14.895708,1.0,1,2,2,1_2,0.4781444285031085,52.18555714968915
2.3,2.3,10.44,1,1970-01-01 00:29:14.895717,1.0,1,2,2,1_2,0.4781444285031085,52.18555714968915
1.4,2.3,10.36,1,1970-01-01 00:29:14.895728,1.0,1,2,2,1_2,0.4781444285031085,52.18555714968915
0.7,2.3,10.42,1,1970-01-01 00:29:14.895738,1.0,1,2,2,1_2,0.4781444285031085,52.18555714968915
0.1,2.3,10.31,1,1970-01-01 00:29:14.895748,1.0,1,2,2,1_2,0.4781444285031085,52.18555714968915
0.1,2.3,10.46,1,1970-01-01 00:29:14.895778,1.0,1,2,2,1_2,0.4781444285031085,52.18555714968915
0.5,2.3,10.21,1,1970-01-01 00:29:14.895787,1.0,1,2,2,1_2,0.4781444285031085,52.18555714968915
0.5,2.3,10.22,1,1970-01-01 00:29:14.895808,1.0,1,2,2,1_2,0.4781444285031085,52.18555714968915
2.9,2.3,10.16,1,1970-01-01 00:29:14.895919,1.0,1,2,2,1_2,0.4781444285031085,52.18555714968915
3.6,2.3,10.28,1,1970-01-01 00:29:14.895929,1.0,1,2,2,1_2,0.4781444285031085,52.18555714968915
0.1,2.3,10.25,1,1970-01-01 00:29:14.896011,1.0,1,2,2,1_2,0.4781444285031085,52.18555714968915
0.5,2.3,10.56,1,1970-01-01 00:29:14.896021,1.0,1,2,2,1_2,0.4781444285031085,52.18555714968915
2.1,2.3,10.39,1,1970-01-01 00:29:14.896031,1.0,1,2,2,1_2,0.4781444285031085,52.18555714968915
2.5,2.3,10.19,1,1970-01-01 00:29:14.896060,1.0,1,2,2,1_2,0.4781444285031085,52.18555714968915
1.6,2.3,10.38,1,1970-01-01 00:29:14.896071,1.0,1,2,2,1_2,0.4781444285031085,52.18555714968915
1.6,2.3,10.23,1,1970-01-01 00:29:14.896162,1.0,1,2,2,1_2,0.4781444285031085,52.18555714968915
3.6,2.3,10.06,1,1970-01-01 00:29:14.896172,1.0,1,2,2,1_2,0.4781444285031085,52.18555714968915
0.5,2.3,10.75,1,1970-01-01 00:29:14.896202,1.0,1,2,2,1_2,0.4781444285031085,52.18555714968915
2.1,2.3,10.38,1,1970-01-01 00:29:14.896232,1.0,1,2,2,1_2,0.4781444285031085,52.18555714968915
0.5,2.3,10.52,1,1970-01-01 00:29:14.896242,1.0,1,2,2,1_2,0.4781444285031085,52.18555714968915
1.2,2.3,10.33,1,1970-01-01 00:29:14.896252,1.0,1,2,2,1_2,0.4781444285031085,52.18555714968915
3.4,2.3,10.12,1,1970-01-01 00:29:14.896272,1.0,1,2,2,1_2,0.4781444285031085,52.18555714968915
1.0,2.3,10.46,1,1970-01-01 00:29:14.896283,1.0,1,2,2,1_2,0.4781444285031085,52.18555714968915
0.5,2.3,10.69,1,1970-01-01 00:29:14.896293,1.0,1,2,2,1_2,0.4781444285031085,52.18555714968915
0.7,2.3,9.89,1,1970-01-01 00:29:14.896343,1.0,1,2,2,1_2,0.4781444285031085,52.18555714968915
3.6,2.3,10.26,1,1970-01-01 00:29:14.896354,1.0,1,2,2,1_2,0.4781444285031085,52.18555714968915
2.9,2.3,10.53,1,1970-01-01 00:29:14.896394,1.0,1,2,2,1_2,0.4781444285031085,52.18555714968915
2.7,2.3,10.25,1,1970-01-01 00:29:14.896414,1.0,1,2,2,1_2,0.4781444285031085,52.18555714968915
2.5,2.3,10.41,1,1970-01-01 00:29:14.896425,1.0,1,2,2,1_2,0.4781444285031085,52.18555714968915
1.0,2.3,10.19,1,1970-01-01 00:29:14.896455,1.0,1,2,2,1_2,0.4781444285031085,52.18555714968915
1.8,2.3,10.49,1,1970-01-01 00:29:14.896475,1.0,1,2,2,1_2,0.4781444285031085,52.18555714968915
2.9,2.3,10.37,1,1970-01-01 00:29:14.896506,1.0,1,2,2,1_2,0.4781444285031085,52.18555714968915
0.7,2.3,10.28,1,1970-01-01 00:29:14.896526,1.0,1,2,2,1_2,0.4781444285031085,52.18555714968915
2.3,2.3,10.48,1,1970-01-01 00:29:14.896556,1.0,1,2,2,1_2,0.4781444285031085,52.18555714968915
2.5,2.3,10.01,1,1970-01-01 00:29:14.896567,1.0,1,2,2,1_2,0.4781444285031085,52.18555714968915
3.2,2.3,10.33,1,1970-01-01 00:29:14.896576,1.0,1,2,2,1_2,0.4781444285031085,52.18555714968915
3.8,2.3,10.22,1,1970-01-01 00:29:14.896596,1.0,1,2,2,1_2,0.4781444285031085,52.18555714968915
2.5,2.3,10.44,1,1970-01-01 00:29:14.896607,1.0,1,2,2,1_2,0.4781444285031085,52.18555714968915
1.6,2.3,10.41,1,1970-01-01 00:29:14.896647,1.0,1,2,2,1_2,0.4781444285031085,52.18555714968915
1.4,2.3,10.32,1,1970-01-01 00:29:14.896667,1.0,1,2,2,1_2,0.4781444285031085,52.18555714968915
0.3,2.3,10.28,1,1970-01-01 00:29:14.896677,1.0,1,2,2,1_2,0.4781444285031085,52.18555714968915
0.7,2.3,10.28,1,1970-01-01 00:29:14.896717,1.0,1,2,2,1_2,0.4781444285031085,52.18555714968915
3.4,2.3,10.43,1,1970-01-01 00:29:14.896778,1.0,1,2,2,1_2,0.4781444285031085,52.18555714968915
1.0,2.3,10.41,1,1970-01-01 00:29:14.896838,1.0,1,2,2,1_2,0.4781444285031085,52.18555714968915
2.7,2.3,10.22,1,1970-01-01 00:29:14.896868,1.0,1,2,2,1_2,0.4781444285031085,52.18555714968915
0.1,2.3,10.28,1,1970-01-01 00:29:14.896889,1.0,1,2,2,1_2,0.4781444285031085,52.18555714968915
3.4,2.3,10.14,1,1970-01-01 00:29:14.896909,1.0,1,2,2,1_2,0.4781444285031085,52.18555714968915
2.1,2.3,10.4,1,1970-01-01 00:29:14.896949,1.0,1,2,2,1_2,0.4781444285031085,52.18555714968915
3.8,2.3,10.16,1,1970-01-01 00:29:14.896960,1.0,1,2,2,1_2,0.4781444285031085,52.18555714968915
3.2,2.3,10.19,1,1970-01-01 00:29:14.896970,1.0,1,2,2,1_2,0.4781444285031085,52.18555714968915
0.1,2.3,10.34,1,1970-01-01 00:29:14.896989,1.0,1,2,2,1_2,0.4781444285031085,52.18555714968915
2.5,2.3,10.44,1,1970-01-01 00:29:14.897010,1.0,1,2,2,1_2,0.4781444285031085,52.18555714968915
0.5,2.3,10.17,1,1970-01-01 00:29:14.897030,1.0,1,2,2,1_2,0.4781444285031085,52.18555714968915
1.4,2.3,10.24,1,1970-01-01 00:29:14.897061,1.0,1,2,2,1_2,0.4781444285031085,52.18555714968915
3.2,2.3,10.33,1,1970-01-01 00:29:14.897091,1.0,1,2,2,1_2,0.4781444285031085,52.18555714968915
1.6,2.3,10.51,1,1970-01-01 00:29:14.897101,1.0,1,2,2,1_2,0.4781444285031085,52.18555714968915
0.7,2.3,10.5,1,1970-01-01 00:29:14.897111,1.0,1,2,2,1_2,0.4781444285031085,52.18555714968915
2.3,2.3,10.34,1,1970-01-01 00:29:14.897121,1.0,1,2,2,1_2,0.4781444285031085,52.18555714968915
0.7,2.3,10.39,1,1970-01-01 00:29:14.897131,1.0,1,2,2,1_2,0.4781444285031085,52.18555714968915
0.3,2.3,10.46,1,1970-01-01 00:29:14.897141,1.0,1,2,2,1_2,0.4781444285031085,52.18555714968915
3.2,2.3,10.09,1,1970-01-01 00:29:14.897151,1.0,1,2,2,1_2,0.4781444285031085,52.18555714968915
3.6,2.3,10.31,1,1970-01-01 00:29:14.897172,1.0,1,2,2,1_2,0.4781444285031085,52.18555714968915
0.5,2.3,10.34,1,1970-01-01 00:29:14.897232,1.0,1,2,2,1_2,0.4781444285031085,52.18555714968915
3.8,2.3,10.3,1,1970-01-01 00:29:14.897242,1.0,1,2,2,1_2,0.4781444285031085,52.18555714968915
0.1,2.3,10.36,1,1970-01-01 00:29:14.897262,1.0,1,2,2,1_2,0.4781444285031085,52.18555714968915
2.9,2.3,10.45,1,1970-01-01 00:29:14.897302,1.0,1,2,2,1_2,0.4781444285031085,52.18555714968915
0.1,2.3,10.12,1,1970-01-01 00:29:14.897372,1.0,1,2,2,1_2,0.4781444285031085,52.18555714968915
3.6,2.3,10.51,1,1970-01-01 00:29:14.897413,1.0,1,2,2,1_2,0.4781444285031085,52.18555714968915
0.1,2.3,10.36,1,1970-01-01 00:29:14.897433,1.0,1,2,2,1_2,0.4781444285031085,52.18555714968915
2.7,2.3,10.26,1,1970-01-01 00:29:14.897453,1.0,1,2,2,1_2,0.4781444285031085,52.18555714968915
0.7,2.3,10.25,1,1970-01-01 00:29:14.897463,1.0,1,2,2,1_2,0.4781444285031085,52.18555714968915
0.5,2.3,10.72,1,1970-01-01 00:29:14.897525,1.0,1,2,2,1_2,0.4781444285031085,52.18555714968915
1.2,2.3,10.3,1,1970-01-01 00:29:14.897535,1.0,1,2,2,1_2,0.4781444285031085,52.18555714968915
3.2,2.3,10.41,1,1970-01-01 00:29:14.897575,1.0,1,2,2,1_2,0.4781444285031085,52.18555714968915
2.7,2.3,10.22,1,1970-01-01 00:29:14.897635,1.0,1,2,2,1_2,0.4781444285031085,52.18555714968915
3.6,2.3,10.09,1,1970-01-01 00:29:14.897645,1.0,1,2,2,1_2,0.4781444285031085,52.18555714968915
2.3,2.3,10.3,1,1970-01-01 00:29:14.897726,1.0,1,2,2,1_2,0.4781444285031085,52.18555714968915
1.0,2.3,10.37,1,1970-01-01 00:29:14.897736,1.0,1,2,2,1_2,0.4781444285031085,52.18555714968915
1.0,2.3,10.24,1,1970-01-01 00:29:14.897746,1.0,1,2,2,1_2,0.4781444285031085,52.18555714968915
1.8,2.3,10.27,1,1970-01-01 00:29:14.897756,1.0,1,2,2,1_2,0.4781444285031085,52.18555714968915
3.6,2.3,10.22,1,1970-01-01 00:29:14.897766,1.0,1,2,2,1_2,0.4781444285031085,52.18555714968915
2.9,2.3,10.21,1,1970-01-01 00:29:14.897777,1.0,1,2,2,1_2,0.4781444285031085,52.18555714968915
2.5,2.3,10.52,1,1970-01-01 00:29:14.897787,1.0,1,2,2,1_2,0.4781444285031085,52.18555714968915
1.4,2.3,10.34,1,1970-01-01 00:29:14.897797,1.0,1,2,2,1_2,0.4781444285031085,52.18555714968915
2.5,2.3,10.3,1,1970-01-01 00:29:14.897807,1.0,1,2,2,1_2,0.4781444285031085,52.18555714968915
2.9,2.3,10.57,1,1970-01-01 00:29:14.897827,1.0,1,2,2,1_2,0.4781444285031085,52.18555714968915
1.4,2.3,10.49,1,1970-01-01 00:29:14.897837,1.0,1,2,2,1_2,0.4781444285031085,52.18555714968915
1.4,2.3,10.37,1,1970-01-01 00:29:14.897888,1.0,1,2,2,1_2,0.4781444285031085,52.18555714968915
2.1,2.3,10.27,1,1970-01-01 00:29:14.897898,1.0,1,2,2,1_2,0.4781444285031085,52.18555714968915
3.6,2.3,10.48,1,1970-01-01 00:29:14.897909,1.0,1,2,2,1_2,0.4781444285031085,52.18555714968915
0.5,2.3,10.05,1,1970-01-01 00:29:14.897918,1.0,1,2,2,1_2,0.4781444285031085,52.18555714968915
0.5,2.3,10.42,1,1970-01-01 00:29:14.897928,1.0,1,2,2,1_2,0.4781444285031085,52.18555714968915
3.2,2.3,10.4,1,1970-01-01 00:29:14.897938,1.0,1,2,2,1_2,0.4781444285031085,52.18555714968915
1.0,2.3,10.54,1,1970-01-01 00:29:14.897948,1.0,1,2,2,1_2,0.4781444285031085,52.18555714968915
1.0,2.3,10.4,1,1970-01-01 00:29:14.897999,1.0,1,2,2,1_2,0.4781444285031085,52.18555714968915
0.1,2.3,10.39,1,1970-01-01 00:29:14.898019,1.0,1,2,2,1_2,0.4781444285031085,52.18555714968915
3.6,2.3,10.12,1,1970-01-01 00:29:14.898029,1.0,1,2,2,1_2,0.4781444285031085,52.18555714968915
1.0,2.3,10.37,1,1970-01-01 00:29:14.898090,1.0,1,2,2,1_2,0.4781444285031085,52.18555714968915
3.2,2.3,10.36,1,1970-01-01 00:29:14.898111,1.0,1,2,2,1_2,0.4781444285031085,52.18555714968915
0.1,2.3,10.31,1,1970-01-01 00:29:14.898140,1.0,1,2,2,1_2,0.4781444285031085,52.18555714968915
3.8,2.3,10.3,1,1970-01-01 00:29:14.898171,1.0,1,2,2,1_2,0.4781444285031085,52.18555714968915
3.6,2.3,10.55,1,1970-01-01 00:29:14.898181,1.0,1,2,2,1_2,0.4781444285031085,52.18555714968915
2.5,2.3,10.2,1,1970-01-01 00:29:14.898201,1.0,1,2,2,1_2,0.4781444285031085,52.18555714968915
2.9,2.3,10.42,1,1970-01-01 00:29:14.898221,1.0,1,2,2,1_2,0.4781444285031085,52.18555714968915
2.7,2.3,10.14,1,1970-01-01 00:29:14.898241,1.0,1,2,2,1_2,0.4781444285031085,52.18555714968915
1.6,2.3,10.29,1,1970-01-01 00:29:14.898251,1.0,1,2,2,1_2,0.4781444285031085,52.18555714968915
1.0,2.3,10.61,1,1970-01-01 00:29:14.898262,1.0,1,2,2,1_2,0.4781444285031085,52.18555714968915
2.5,2.3,10.37,1,1970-01-01 00:29:14.898272,1.0,1,2,2,1_2,0.4781444285031085,52.18555714968915
1.0,2.3,10.57,1,1970-01-01 00:29:14.898302,1.0,1,2,2,1_2,0.4781444285031085,52.18555714968915
1.4,2.3,10.6,1,1970-01-01 00:29:14.898312,1.0,1,2,2,1_2,0.4781444285031085,52.18555714968915
1.2,2.3,10.24,1,1970-01-01 00:29:14.898332,1.0,1,2,2,1_2,0.4781444285031085,52.18555714968915
3.2,2.3,10.43,1,1970-01-01 00:29:14.898342,1.0,1,2,2,1_2,0.4781444285031085,52.18555714968915
0.3,2.3,10.13,1,1970-01-01 00:29:14.898352,1.0,1,2,2,1_2,0.4781444285031085,52.18555714968915
0.1,2.3,10.48,1,1970-01-01 00:29:14.898363,1.0,1,2,2,1_2,0.4781444285031085,52.18555714968915
2.5,2.3,10.27,1,1970-01-01 00:29:14.898373,1.0,1,2,2,1_2,0.4781444285031085,52.18555714968915
1.4,2.3,10.28,1,1970-01-01 00:29:14.898383,1.0,1,2,2,1_2,0.4781444285031085,52.18555714968915
2.7,2.3,10.32,1,1970-01-01 00:29:14.898393,1.0,1,2,2,1_2,0.4781444285031085,52.18555714968915
1.8,2.3,10.39,1,1970-01-01 00:29:14.898404,1.0,1,2,2,1_2,0.4781444285031085,52.18555714968915
3.6,2.3,10.27,1,1970-01-01 00:29:14.898424,1.0,1,2,2,1_2,0.4781444285031085,52.18555714968915
4.0,2.3,10.35,1,1970-01-01 00:29:14.898443,1.0,1,2,2,1_2,0.4781444285031085,52.18555714968915
1.8,2.3,10.2,1,1970-01-01 00:29:14.898463,1.0,1,2,2,1_2,0.4781444285031085,52.18555714968915
2.3,2.3,10.07,1,1970-01-01 00:29:14.898503,1.0,1,2,2,1_2,0.4781444285031085,52.18555714968915
4.0,2.3,10.33,1,1970-01-01 00:29:14.898514,1.0,1,2,2,1_2,0.4781444285031085,52.18555714968915
