Name,Path,Data Type,Logical Address,Comment,Hmi Visible,Hmi Accessible,Hmi Writeable,Typeobject ID,Version ID
横轴_LowHwLimitSwitch,默认变量表,Bool,%I0.7,,True,True,True,,
横轴_HighHwLimitSwitch,默认变量表,Bool,%I0.5,,True,True,True,,
横轴_归位开关,默认变量表,Bool,%I0.6,,True,True,True,,
竖轴_HighHwLimitSwitch,默认变量表,Bool,%I0.1,,True,True,True,,
竖轴_LowHwLimitSwitch,默认变量表,Bool,%I0.2,,True,True,True,,
竖轴_归位开关,默认变量表,Bool,%I0.4,,True,True,True,,
横轴_脉冲,默认变量表,Bool,%Q0.0,,True,True,True,,
横轴_方向,默认变量表,Bool,%Q0.1,,True,True,True,,
竖轴_脉冲,默认变量表,Bool,%Q0.2,,True,True,True,,
竖轴_方向,默认变量表,Bool,%Q0.3,,True,True,True,,
Tag_6,默认变量表,Bool,%Q0.4,,True,True,True,,
Tag_7,默认变量表,Bool,%Q0.5,,True,True,True,,
Tag_10,默认变量表,Bool,%Q10.0,,True,True,True,,
Tag_11,默认变量表,Bool,%Q10.1,,True,True,True,,
Tag_14,默认变量表,Bool,%Q10.2,,True,True,True,,
Tag_16,默认变量表,Bool,%Q10.3,,True,True,True,,
Tag_29,默认变量表,Bool,%Q10.4,,True,True,True,,
Tag_34,默认变量表,Bool,%Q10.5,,True,True,True,,
Tag_39,默认变量表,Bool,%Q10.6,,True,True,True,,
Tag_44,默认变量表,Bool,%Q10.7,,True,True,True,,
Tag_49,默认变量表,Bool,%Q11.0,,True,True,True,,
Tag_54,默认变量表,Bool,%Q11.1,,True,True,True,,
Tag_59,默认变量表,Bool,%Q11.2,,True,True,True,,
Tag_64,默认变量表,Bool,%Q11.3,,True,True,True,,
Tag_69,默认变量表,Bool,%Q11.4,,True,True,True,,
Tag_74,默认变量表,Bool,%Q11.5,,True,True,True,,
Tag_79,默认变量表,Bool,%Q11.6,,True,True,True,,
Tag_84,默认变量表,Bool,%Q11.7,,True,True,True,,
Tag_89,默认变量表,Bool,%Q12.0,,True,True,True,,
Tag_94,默认变量表,Bool,%Q12.1,,True,True,True,,
Tag_99,默认变量表,Bool,%Q12.2,,True,True,True,,
Tag_104,默认变量表,Bool,%Q12.3,,True,True,True,,
Tag_109,默认变量表,Bool,%Q12.4,,True,True,True,,
Tag_114,默认变量表,Bool,%Q12.5,,True,True,True,,
Tag_119,默认变量表,Bool,%Q12.6,,True,True,True,,
Tag_122,默认变量表,Bool,%Q12.7,,True,True,True,,
Tag_127,默认变量表,Bool,%Q13.0,,True,True,True,,
Tag_132,默认变量表,Bool,%Q13.1,,True,True,True,,
Tag_137,默认变量表,Bool,%Q13.2,,True,True,True,,
Tag_155,默认变量表,Bool,%Q13.3,,True,True,True,,
Tag_156,默认变量表,Bool,%Q13.4,,True,True,True,,
Tag_157,默认变量表,Bool,%Q13.5,,True,True,True,,
Tag_158,默认变量表,Bool,%Q13.6,,True,True,True,,
Tag_159,默认变量表,Bool,%Q13.7,,True,True,True,,
Tag_160,默认变量表,Bool,%Q14.0,,True,True,True,,
Tag_161,默认变量表,Bool,%Q14.1,,True,True,True,,
Tag_162,默认变量表,Bool,%Q14.2,,True,True,True,,
Tag_163,默认变量表,Bool,%Q14.3,,True,True,True,,
Tag_164,默认变量表,Bool,%Q14.4,,True,True,True,,
Tag_165,默认变量表,Bool,%Q14.5,,True,True,True,,
Tag_166,默认变量表,Bool,%Q14.6,,True,True,True,,
Tag_167,默认变量表,Bool,%Q14.7,,True,True,True,,
Tag_168,默认变量表,Bool,%Q15.0,,True,True,True,,
Tag_169,默认变量表,Bool,%Q15.1,,True,True,True,,
Tag_170,默认变量表,Bool,%Q15.2,,True,True,True,,
Tag_171,默认变量表,Bool,%Q15.3,,True,True,True,,
Tag_172,默认变量表,Bool,%Q15.4,,True,True,True,,
Tag_173,默认变量表,Bool,%Q15.5,,True,True,True,,
Tag_174,默认变量表,Bool,%Q15.6,,True,True,True,,
Tag_175,默认变量表,Bool,%Q15.7,,True,True,True,,
Tag_176,默认变量表,Bool,%Q16.0,,True,True,True,,
Tag_177,默认变量表,Bool,%Q16.1,,True,True,True,,
Tag_178,默认变量表,Bool,%Q16.2,,True,True,True,,
Tag_179,默认变量表,Bool,%Q16.3,,True,True,True,,
Tag_180,默认变量表,Bool,%Q16.4,,True,True,True,,
Tag_181,默认变量表,Bool,%Q16.5,,True,True,True,,
Tag_182,默认变量表,Bool,%Q16.6,,True,True,True,,
Tag_183,默认变量表,Bool,%Q16.7,,True,True,True,,
Tag_184,默认变量表,Bool,%Q17.0,,True,True,True,,
Tag_185,默认变量表,Bool,%Q17.1,,True,True,True,,
Tag_186,默认变量表,Bool,%Q17.2,,True,True,True,,
Tag_187,默认变量表,Bool,%Q17.3,,True,True,True,,
Tag_188,默认变量表,Bool,%Q17.4,,True,True,True,,
Tag_189,默认变量表,Bool,%Q17.5,,True,True,True,,
Tag_190,默认变量表,Bool,%Q17.6,,True,True,True,,
Tag_191,默认变量表,Bool,%Q17.7,,True,True,True,,
Tag_192,默认变量表,Bool,%Q18.0,,True,True,True,,
Tag_193,默认变量表,Bool,%Q18.1,,True,True,True,,
Tag_194,默认变量表,Bool,%Q18.2,,True,True,True,,
Tag_195,默认变量表,Bool,%Q18.3,,True,True,True,,
Tag_196,默认变量表,Bool,%Q18.4,,True,True,True,,
Tag_197,默认变量表,Bool,%Q18.5,,True,True,True,,
Tag_198,默认变量表,Bool,%Q18.6,,True,True,True,,
Tag_200,默认变量表,Bool,%Q20.0,,True,True,True,,
Tag_534,默认变量表,Bool,%Q19.0,,True,True,True,,
Tag_1,默认变量表,Bool,%M1.1,,True,True,True,,
Tag_2,默认变量表,Bool,%M1.0,,True,True,True,,
Tag_3,默认变量表,Bool,%M1.2,,True,True,True,,
Tag_4,默认变量表,Word,%MW100,,True,True,True,,
Tag_5,默认变量表,Bool,%M100.0,,True,True,True,,
Tag_8,默认变量表,Real,%MD100,,True,True,True,,
Tag_9,默认变量表,Bool,%M1.3,,True,True,True,,
Tag_12,默认变量表,Bool,%M1.4,,True,True,True,,
Tag_13,默认变量表,Bool,%M0.0,,True,True,True,,
Tag_15,默认变量表,Bool,%M1.5,,True,True,True,,
Tag_17,默认变量表,Bool,%M1.6,,True,True,True,,
Tag_18,默认变量表,Bool,%M1.7,,True,True,True,,
Tag_19,默认变量表,Bool,%M2.0,,True,True,True,,
Tag_20,默认变量表,Bool,%M2.1,,True,True,True,,
Tag_21,默认变量表,Bool,%M2.2,,True,True,True,,
Tag_22,默认变量表,Bool,%M2.3,,True,True,True,,
Tag_23,默认变量表,Bool,%M2.4,,True,True,True,,
Tag_24,默认变量表,Bool,%M2.5,,True,True,True,,
Tag_25,默认变量表,Bool,%M2.6,,True,True,True,,
Tag_26,默认变量表,Bool,%M2.7,,True,True,True,,
Tag_27,默认变量表,Bool,%M3.0,,True,True,True,,
Tag_28,默认变量表,Bool,%M3.1,,True,True,True,,
Tag_30,默认变量表,Bool,%M3.2,,True,True,True,,
Tag_31,默认变量表,Bool,%M3.3,,True,True,True,,
Tag_32,默认变量表,Bool,%M3.4,,True,True,True,,
Tag_33,默认变量表,Bool,%M3.5,,True,True,True,,
Tag_35,默认变量表,Bool,%M3.6,,True,True,True,,
Tag_36,默认变量表,Bool,%M3.7,,True,True,True,,
Tag_37,默认变量表,Bool,%M4.0,,True,True,True,,
Tag_38,默认变量表,Bool,%M4.1,,True,True,True,,
Tag_40,默认变量表,Bool,%M4.2,,True,True,True,,
Tag_41,默认变量表,Bool,%M4.3,,True,True,True,,
Tag_42,默认变量表,Bool,%M4.4,,True,True,True,,
Tag_43,默认变量表,Bool,%M4.5,,True,True,True,,
Tag_45,默认变量表,Bool,%M4.6,,True,True,True,,
Tag_46,默认变量表,Bool,%M4.7,,True,True,True,,
Tag_47,默认变量表,Bool,%M5.0,,True,True,True,,
Tag_48,默认变量表,Bool,%M5.1,,True,True,True,,
Tag_50,默认变量表,Bool,%M5.2,,True,True,True,,
Tag_51,默认变量表,Bool,%M5.3,,True,True,True,,
Tag_52,默认变量表,Bool,%M5.4,,True,True,True,,
Tag_53,默认变量表,Bool,%M5.5,,True,True,True,,
Tag_55,默认变量表,Bool,%M5.6,,True,True,True,,
Tag_56,默认变量表,Bool,%M5.7,,True,True,True,,
Tag_57,默认变量表,Bool,%M6.0,,True,True,True,,
Tag_58,默认变量表,Bool,%M6.1,,True,True,True,,
Tag_60,默认变量表,Bool,%M6.2,,True,True,True,,
Tag_61,默认变量表,Bool,%M6.3,,True,True,True,,
Tag_62,默认变量表,Bool,%M6.4,,True,True,True,,
Tag_63,默认变量表,Bool,%M6.5,,True,True,True,,
Tag_65,默认变量表,Bool,%M6.6,,True,True,True,,
Tag_66,默认变量表,Bool,%M6.7,,True,True,True,,
Tag_67,默认变量表,Bool,%M7.0,,True,True,True,,
Tag_68,默认变量表,Bool,%M7.1,,True,True,True,,
Tag_70,默认变量表,Bool,%M7.2,,True,True,True,,
Tag_71,默认变量表,Bool,%M7.3,,True,True,True,,
Tag_72,默认变量表,Bool,%M7.4,,True,True,True,,
Tag_73,默认变量表,Bool,%M7.5,,True,True,True,,
Tag_75,默认变量表,Bool,%M7.6,,True,True,True,,
Tag_76,默认变量表,Bool,%M7.7,,True,True,True,,
Tag_77,默认变量表,Bool,%M8.0,,True,True,True,,
Tag_78,默认变量表,Bool,%M8.1,,True,True,True,,
Tag_80,默认变量表,Bool,%M8.2,,True,True,True,,
Tag_81,默认变量表,Bool,%M8.3,,True,True,True,,
Tag_82,默认变量表,Bool,%M8.4,,True,True,True,,
Tag_83,默认变量表,Bool,%M8.5,,True,True,True,,
Tag_85,默认变量表,Bool,%M8.6,,True,True,True,,
Tag_86,默认变量表,Bool,%M8.7,,True,True,True,,
Tag_87,默认变量表,Bool,%M9.0,,True,True,True,,
Tag_88,默认变量表,Bool,%M9.1,,True,True,True,,
Tag_90,默认变量表,Bool,%M9.2,,True,True,True,,
Tag_91,默认变量表,Bool,%M9.3,,True,True,True,,
Tag_92,默认变量表,Bool,%M9.4,,True,True,True,,
Tag_93,默认变量表,Bool,%M9.5,,True,True,True,,
Tag_95,默认变量表,Bool,%M9.6,,True,True,True,,
Tag_96,默认变量表,Bool,%M9.7,,True,True,True,,
Tag_97,默认变量表,Bool,%M10.0,,True,True,True,,
Tag_98,默认变量表,Bool,%M10.1,,True,True,True,,
Tag_100,默认变量表,Bool,%M10.2,,True,True,True,,
Tag_101,默认变量表,Bool,%M10.3,,True,True,True,,
Tag_102,默认变量表,Bool,%M10.4,,True,True,True,,
Tag_103,默认变量表,Bool,%M10.5,,True,True,True,,
Tag_105,默认变量表,Bool,%M10.6,,True,True,True,,
Tag_106,默认变量表,Bool,%M10.7,,True,True,True,,
Tag_107,默认变量表,Bool,%M11.0,,True,True,True,,
Tag_108,默认变量表,Bool,%M11.1,,True,True,True,,
Tag_110,默认变量表,Bool,%M11.2,,True,True,True,,
Tag_111,默认变量表,Bool,%M11.3,,True,True,True,,
Tag_112,默认变量表,Bool,%M11.4,,True,True,True,,
Tag_113,默认变量表,Bool,%M11.5,,True,True,True,,
Tag_115,默认变量表,Bool,%M11.6,,True,True,True,,
Tag_116,默认变量表,Bool,%M11.7,,True,True,True,,
Tag_117,默认变量表,Bool,%M12.0,,True,True,True,,
Tag_118,默认变量表,Bool,%M12.1,,True,True,True,,
Tag_120,默认变量表,Bool,%M23.1,,True,True,True,,
Tag_121,默认变量表,Bool,%M23.2,,True,True,True,,
Tag_123,默认变量表,Bool,%M24.1,,True,True,True,,
Tag_124,默认变量表,Bool,%M24.2,,True,True,True,,
Tag_125,默认变量表,Bool,%M24.3,,True,True,True,,
Tag_126,默认变量表,Bool,%M24.4,,True,True,True,,
Tag_128,默认变量表,Bool,%M25.1,,True,True,True,,
Tag_129,默认变量表,Bool,%M25.2,,True,True,True,,
Tag_130,默认变量表,Bool,%M25.3,,True,True,True,,
Tag_131,默认变量表,Bool,%M25.4,,True,True,True,,
Tag_133,默认变量表,Bool,%M26.1,,True,True,True,,
Tag_134,默认变量表,Bool,%M26.2,,True,True,True,,
Tag_135,默认变量表,Bool,%M26.3,,True,True,True,,
Tag_136,默认变量表,Bool,%M26.4,,True,True,True,,
Tag_138,默认变量表,Bool,%M27.1,,True,True,True,,
Tag_139,默认变量表,Bool,%M27.2,,True,True,True,,
Tag_140,默认变量表,Bool,%M27.3,,True,True,True,,
Tag_141,默认变量表,Bool,%M27.4,,True,True,True,,
Tag_142,默认变量表,Bool,%M28.4,,True,True,True,,
Tag_143,默认变量表,Bool,%M28.3,,True,True,True,,
Tag_144,默认变量表,Bool,%M28.2,,True,True,True,,
Tag_145,默认变量表,Bool,%M28.1,,True,True,True,,
Tag_146,默认变量表,Bool,%M0.1,,True,True,True,,
Tag_147,默认变量表,Bool,%M0.2,,True,True,True,,
Tag_148,默认变量表,Real,%MD104,,True,True,True,,
Tag_149,默认变量表,Time,%MD112,,True,True,True,,
Tag_150,默认变量表,Time,%MD116,,True,True,True,,
Tag_151,默认变量表,Real,%MD108,,True,True,True,,
Tag_152,默认变量表,Real,%MD120,,True,True,True,,
Tag_153,默认变量表,Real,%MD124,,True,True,True,,
Tag_199,默认变量表,Time,%MD128,,True,True,True,,
Tag_201,默认变量表,Bool,%M29.1,,True,True,True,,
Tag_202,默认变量表,Bool,%M29.2,,True,True,True,,
Tag_203,默认变量表,Bool,%M29.3,,True,True,True,,
Tag_204,默认变量表,Bool,%M29.4,,True,True,True,,
Tag_205,默认变量表,Bool,%M30.1,,True,True,True,,
Tag_206,默认变量表,Bool,%M30.2,,True,True,True,,
Tag_207,默认变量表,Bool,%M30.3,,True,True,True,,
Tag_208,默认变量表,Bool,%M30.4,,True,True,True,,
Tag_209,默认变量表,Bool,%M31.1,,True,True,True,,
Tag_210,默认变量表,Bool,%M32.2,,True,True,True,,
Tag_211,默认变量表,Bool,%M31.3,,True,True,True,,
Tag_212,默认变量表,Bool,%M31.4,,True,True,True,,
Tag_213,默认变量表,Bool,%M32.1,,True,True,True,,
Tag_214,默认变量表,Bool,%M32.3,,True,True,True,,
Tag_215,默认变量表,Bool,%M32.4,,True,True,True,,
Tag_216,默认变量表,Bool,%M33.1,,True,True,True,,
Tag_217,默认变量表,Bool,%M33.2,,True,True,True,,
Tag_218,默认变量表,Bool,%M33.3,,True,True,True,,
Tag_219,默认变量表,Bool,%M33.4,,True,True,True,,
Tag_220,默认变量表,Bool,%M34.1,,True,True,True,,
Tag_221,默认变量表,Bool,%M34.2,,True,True,True,,
Tag_222,默认变量表,Bool,%M34.3,,True,True,True,,
Tag_223,默认变量表,Bool,%M34.4,,True,True,True,,
Tag_224,默认变量表,Bool,%M35.1,,True,True,True,,
Tag_225,默认变量表,Bool,%M35.2,,True,True,True,,
Tag_226,默认变量表,Bool,%M35.3,,True,True,True,,
Tag_227,默认变量表,Bool,%M35.4,,True,True,True,,
Tag_228,默认变量表,Bool,%M36.1,,True,True,True,,
Tag_229,默认变量表,Bool,%M36.2,,True,True,True,,
Tag_230,默认变量表,Bool,%M36.3,,True,True,True,,
Tag_231,默认变量表,Bool,%M36.4,,True,True,True,,
Tag_232,默认变量表,Bool,%M37.1,,True,True,True,,
Tag_233,默认变量表,Bool,%M37.2,,True,True,True,,
Tag_234,默认变量表,Bool,%M37.3,,True,True,True,,
Tag_235,默认变量表,Bool,%M37.4,,True,True,True,,
Tag_236,默认变量表,Bool,%M38.1,,True,True,True,,
Tag_237,默认变量表,Bool,%M38.2,,True,True,True,,
Tag_238,默认变量表,Bool,%M38.3,,True,True,True,,
Tag_239,默认变量表,Bool,%M38.4,,True,True,True,,
Tag_240,默认变量表,Bool,%M39.1,,True,True,True,,
Tag_241,默认变量表,Bool,%M39.2,,True,True,True,,
Tag_242,默认变量表,Bool,%M39.3,,True,True,True,,
Tag_243,默认变量表,Bool,%M39.4,,True,True,True,,
Tag_244,默认变量表,Bool,%M40.1,,True,True,True,,
Tag_245,默认变量表,Bool,%M40.2,,True,True,True,,
Tag_246,默认变量表,Bool,%M40.3,,True,True,True,,
Tag_247,默认变量表,Bool,%M40.4,,True,True,True,,
Tag_248,默认变量表,Bool,%M41.1,,True,True,True,,
Tag_249,默认变量表,Bool,%M41.2,,True,True,True,,
Tag_250,默认变量表,Bool,%M41.3,,True,True,True,,
Tag_251,默认变量表,Bool,%M41.4,,True,True,True,,
Tag_252,默认变量表,Bool,%M42.1,,True,True,True,,
Tag_253,默认变量表,Bool,%M42.2,,True,True,True,,
Tag_254,默认变量表,Bool,%M42.3,,True,True,True,,
Tag_255,默认变量表,Bool,%M42.4,,True,True,True,,
Tag_256,默认变量表,Bool,%M43.1,,True,True,True,,
Tag_257,默认变量表,Bool,%M43.2,,True,True,True,,
Tag_258,默认变量表,Bool,%M43.3,,True,True,True,,
Tag_259,默认变量表,Bool,%M43.4,,True,True,True,,
Tag_260,默认变量表,Bool,%M44.1,,True,True,True,,
Tag_261,默认变量表,Bool,%M44.2,,True,True,True,,
Tag_262,默认变量表,Bool,%M44.3,,True,True,True,,
Tag_263,默认变量表,Bool,%M44.4,,True,True,True,,
Tag_264,默认变量表,Bool,%M45.1,,True,True,True,,
Tag_265,默认变量表,Bool,%M45.2,,True,True,True,,
Tag_266,默认变量表,Bool,%M45.3,,True,True,True,,
Tag_267,默认变量表,Bool,%M45.4,,True,True,True,,
Tag_268,默认变量表,Bool,%M46.1,,True,True,True,,
Tag_269,默认变量表,Bool,%M46.2,,True,True,True,,
Tag_270,默认变量表,Bool,%M46.3,,True,True,True,,
Tag_271,默认变量表,Bool,%M46.4,,True,True,True,,
Tag_272,默认变量表,Bool,%M47.1,,True,True,True,,
Tag_273,默认变量表,Bool,%M47.2,,True,True,True,,
Tag_274,默认变量表,Bool,%M47.3,,True,True,True,,
Tag_275,默认变量表,Bool,%M47.4,,True,True,True,,
Tag_276,默认变量表,Bool,%M48.1,,True,True,True,,
Tag_277,默认变量表,Bool,%M48.2,,True,True,True,,
Tag_278,默认变量表,Bool,%M48.3,,True,True,True,,
Tag_279,默认变量表,Bool,%M48.4,,True,True,True,,
Tag_280,默认变量表,Bool,%M49.1,,True,True,True,,
Tag_281,默认变量表,Bool,%M49.2,,True,True,True,,
Tag_282,默认变量表,Bool,%M49.3,,True,True,True,,
Tag_283,默认变量表,Bool,%M49.4,,True,True,True,,
Tag_284,默认变量表,Bool,%M50.1,,True,True,True,,
Tag_285,默认变量表,Bool,%M50.2,,True,True,True,,
Tag_286,默认变量表,Bool,%M50.3,,True,True,True,,
Tag_287,默认变量表,Bool,%M50.4,,True,True,True,,
Tag_288,默认变量表,Bool,%M51.1,,True,True,True,,
Tag_289,默认变量表,Bool,%M51.2,,True,True,True,,
Tag_290,默认变量表,Bool,%M51.3,,True,True,True,,
Tag_291,默认变量表,Bool,%M51.4,,True,True,True,,
Tag_292,默认变量表,Bool,%M52.1,,True,True,True,,
Tag_293,默认变量表,Bool,%M52.2,,True,True,True,,
Tag_294,默认变量表,Bool,%M52.3,,True,True,True,,
Tag_295,默认变量表,Bool,%M52.4,,True,True,True,,
Tag_296,默认变量表,Bool,%M53.1,,True,True,True,,
Tag_297,默认变量表,Bool,%M53.2,,True,True,True,,
Tag_298,默认变量表,Bool,%M53.3,,True,True,True,,
Tag_299,默认变量表,Bool,%M53.4,,True,True,True,,
Tag_300,默认变量表,Bool,%M54.1,,True,True,True,,
Tag_301,默认变量表,Bool,%M54.2,,True,True,True,,
Tag_302,默认变量表,Bool,%M54.3,,True,True,True,,
Tag_303,默认变量表,Bool,%M54.4,,True,True,True,,
Tag_304,默认变量表,Bool,%M55.1,,True,True,True,,
Tag_305,默认变量表,Bool,%M55.2,,True,True,True,,
Tag_306,默认变量表,Bool,%M55.3,,True,True,True,,
Tag_307,默认变量表,Bool,%M55.4,,True,True,True,,
Tag_308,默认变量表,Bool,%M56.1,,True,True,True,,
Tag_309,默认变量表,Bool,%M56.2,,True,True,True,,
Tag_310,默认变量表,Bool,%M56.3,,True,True,True,,
Tag_311,默认变量表,Bool,%M56.4,,True,True,True,,
Tag_312,默认变量表,Bool,%M57.1,,True,True,True,,
Tag_313,默认变量表,Bool,%M57.2,,True,True,True,,
Tag_314,默认变量表,Bool,%M57.3,,True,True,True,,
Tag_315,默认变量表,Bool,%M57.4,,True,True,True,,
Tag_316,默认变量表,Bool,%M58.1,,True,True,True,,
Tag_317,默认变量表,Bool,%M58.2,,True,True,True,,
Tag_318,默认变量表,Bool,%M58.3,,True,True,True,,
Tag_319,默认变量表,Bool,%M58.4,,True,True,True,,
Tag_320,默认变量表,Bool,%M59.1,,True,True,True,,
Tag_321,默认变量表,Bool,%M59.2,,True,True,True,,
Tag_322,默认变量表,Bool,%M59.3,,True,True,True,,
Tag_323,默认变量表,Bool,%M59.4,,True,True,True,,
Tag_324,默认变量表,Bool,%M60.1,,True,True,True,,
Tag_325,默认变量表,Bool,%M60.2,,True,True,True,,
Tag_326,默认变量表,Bool,%M60.3,,True,True,True,,
Tag_327,默认变量表,Bool,%M60.4,,True,True,True,,
Tag_328,默认变量表,Bool,%M61.1,,True,True,True,,
Tag_329,默认变量表,Bool,%M62.2,,True,True,True,,
Tag_330,默认变量表,Bool,%M61.2,,True,True,True,,
Tag_331,默认变量表,Bool,%M61.3,,True,True,True,,
Tag_332,默认变量表,Bool,%M61.4,,True,True,True,,
Tag_333,默认变量表,Bool,%M62.1,,True,True,True,,
Tag_334,默认变量表,Bool,%M62.3,,True,True,True,,
Tag_335,默认变量表,Bool,%M62.4,,True,True,True,,
Tag_336,默认变量表,Bool,%M63.1,,True,True,True,,
Tag_337,默认变量表,Bool,%M63.2,,True,True,True,,
Tag_338,默认变量表,Bool,%M63.3,,True,True,True,,
Tag_339,默认变量表,Bool,%M63.4,,True,True,True,,
Tag_340,默认变量表,Bool,%M64.1,,True,True,True,,
Tag_341,默认变量表,Bool,%M64.2,,True,True,True,,
Tag_342,默认变量表,Bool,%M64.3,,True,True,True,,
Tag_343,默认变量表,Bool,%M64.4,,True,True,True,,
Tag_344,默认变量表,Bool,%M65.1,,True,True,True,,
Tag_345,默认变量表,Bool,%M65.2,,True,True,True,,
Tag_346,默认变量表,Bool,%M65.3,,True,True,True,,
Tag_347,默认变量表,Bool,%M65.4,,True,True,True,,
Tag_348,默认变量表,Bool,%M66.1,,True,True,True,,
Tag_349,默认变量表,Bool,%M66.2,,True,True,True,,
Tag_350,默认变量表,Bool,%M66.3,,True,True,True,,
Tag_351,默认变量表,Bool,%M66.4,,True,True,True,,
Tag_352,默认变量表,Bool,%M67.1,,True,True,True,,
Tag_353,默认变量表,Bool,%M67.2,,True,True,True,,
Tag_354,默认变量表,Bool,%M67.3,,True,True,True,,
Tag_355,默认变量表,Bool,%M67.4,,True,True,True,,
Tag_356,默认变量表,Bool,%M68.1,,True,True,True,,
Tag_357,默认变量表,Bool,%M68.2,,True,True,True,,
Tag_358,默认变量表,Bool,%M68.3,,True,True,True,,
Tag_359,默认变量表,Bool,%M68.4,,True,True,True,,
Tag_360,默认变量表,Bool,%M69.1,,True,True,True,,
Tag_361,默认变量表,Bool,%M69.2,,True,True,True,,
Tag_362,默认变量表,Bool,%M69.3,,True,True,True,,
Tag_363,默认变量表,Bool,%M69.4,,True,True,True,,
Tag_364,默认变量表,Bool,%M70.1,,True,True,True,,
Tag_365,默认变量表,Bool,%M70.2,,True,True,True,,
Tag_366,默认变量表,Bool,%M70.3,,True,True,True,,
Tag_367,默认变量表,Bool,%M70.4,,True,True,True,,
Tag_368,默认变量表,Bool,%M71.1,,True,True,True,,
Tag_369,默认变量表,Bool,%M71.2,,True,True,True,,
Tag_370,默认变量表,Bool,%M71.3,,True,True,True,,
Tag_371,默认变量表,Bool,%M71.4,,True,True,True,,
Tag_372,默认变量表,Bool,%M72.1,,True,True,True,,
Tag_373,默认变量表,Bool,%M72.2,,True,True,True,,
Tag_374,默认变量表,Bool,%M72.3,,True,True,True,,
Tag_375,默认变量表,Bool,%M72.4,,True,True,True,,
Tag_376,默认变量表,Bool,%M31.2,,True,True,True,,
Tag_377,默认变量表,Bool,%M100.1,,True,True,True,,
Tag_378,默认变量表,Bool,%M100.2,,True,True,True,,
Tag_379,默认变量表,Bool,%M200.0,,True,True,True,,
Tag_380,默认变量表,Bool,%M200.2,,True,True,True,,
Tag_381,默认变量表,Bool,%M101.1,,True,True,True,,
Tag_382,默认变量表,Bool,%M101.2,,True,True,True,,
Tag_383,默认变量表,Bool,%M102.1,,True,True,True,,
Tag_384,默认变量表,Bool,%M102.2,,True,True,True,,
Tag_385,默认变量表,Bool,%M102.3,,True,True,True,,
Tag_386,默认变量表,Bool,%M300.0,,True,True,True,,
Tag_387,默认变量表,Bool,%M103.1,,True,True,True,,
Tag_388,默认变量表,Bool,%M103.2,,True,True,True,,
Tag_389,默认变量表,Bool,%M104.1,,True,True,True,,
Tag_390,默认变量表,Bool,%M104.2,,True,True,True,,
Tag_391,默认变量表,Bool,%M105.1,,True,True,True,,
Tag_392,默认变量表,Bool,%M105.2,,True,True,True,,
Tag_393,默认变量表,Bool,%M106.1,,True,True,True,,
Tag_394,默认变量表,Bool,%M106.2,,True,True,True,,
Tag_395,默认变量表,Bool,%M107.1,,True,True,True,,
Tag_396,默认变量表,Bool,%M107.2,,True,True,True,,
Tag_397,默认变量表,Bool,%M108.1,,True,True,True,,
Tag_398,默认变量表,Bool,%M108.2,,True,True,True,,
Tag_399,默认变量表,Bool,%M109.1,,True,True,True,,
Tag_400,默认变量表,Bool,%M109.2,,True,True,True,,
Tag_401,默认变量表,Bool,%M110.1,,True,True,True,,
Tag_402,默认变量表,Bool,%M110.2,,True,True,True,,
Tag_403,默认变量表,Bool,%M111.1,,True,True,True,,
Tag_404,默认变量表,Bool,%M111.2,,True,True,True,,
Tag_405,默认变量表,Bool,%M112.1,,True,True,True,,
Tag_406,默认变量表,Bool,%M112.2,,True,True,True,,
Tag_407,默认变量表,Bool,%M113.1,,True,True,True,,
Tag_408,默认变量表,Bool,%M113.2,,True,True,True,,
Tag_409,默认变量表,Bool,%M114.1,,True,True,True,,
Tag_410,默认变量表,Bool,%M114.2,,True,True,True,,
Tag_411,默认变量表,Bool,%M115.1,,True,True,True,,
Tag_412,默认变量表,Bool,%M115.2,,True,True,True,,
Tag_413,默认变量表,Bool,%M116.1,,True,True,True,,
Tag_414,默认变量表,Bool,%M116.2,,True,True,True,,
Tag_415,默认变量表,Bool,%M117.1,,True,True,True,,
Tag_416,默认变量表,Bool,%M117.2,,True,True,True,,
Tag_417,默认变量表,Bool,%M118.1,,True,True,True,,
Tag_418,默认变量表,Bool,%M118.2,,True,True,True,,
Tag_419,默认变量表,Bool,%M119.1,,True,True,True,,
Tag_420,默认变量表,Bool,%M119.2,,True,True,True,,
Tag_421,默认变量表,Bool,%M120.1,,True,True,True,,
Tag_422,默认变量表,Bool,%M120.2,,True,True,True,,
Tag_423,默认变量表,Bool,%M121.1,,True,True,True,,
Tag_424,默认变量表,Bool,%M121.2,,True,True,True,,
Tag_425,默认变量表,Bool,%M122.1,,True,True,True,,
Tag_426,默认变量表,Bool,%M122.2,,True,True,True,,
Tag_427,默认变量表,Bool,%M123.1,,True,True,True,,
Tag_428,默认变量表,Bool,%M123.2,,True,True,True,,
Tag_429,默认变量表,Bool,%M124.1,,True,True,True,,
Tag_430,默认变量表,Bool,%M124.2,,True,True,True,,
Tag_431,默认变量表,Bool,%M125.1,,True,True,True,,
Tag_432,默认变量表,Bool,%M125.2,,True,True,True,,
Tag_433,默认变量表,Bool,%M126.1,,True,True,True,,
Tag_434,默认变量表,Bool,%M126.2,,True,True,True,,
Tag_435,默认变量表,Bool,%M127.1,,True,True,True,,
Tag_436,默认变量表,Bool,%M127.2,,True,True,True,,
Tag_437,默认变量表,Bool,%M128.1,,True,True,True,,
Tag_438,默认变量表,Bool,%M128.2,,True,True,True,,
Tag_439,默认变量表,Bool,%M129.1,,True,True,True,,
Tag_440,默认变量表,Bool,%M129.2,,True,True,True,,
Tag_441,默认变量表,Bool,%M130.1,,True,True,True,,
Tag_442,默认变量表,Bool,%M130.2,,True,True,True,,
Tag_443,默认变量表,Bool,%M131.1,,True,True,True,,
Tag_444,默认变量表,Bool,%M131.2,,True,True,True,,
Tag_445,默认变量表,Bool,%M132.1,,True,True,True,,
Tag_446,默认变量表,Bool,%M132.2,,True,True,True,,
Tag_447,默认变量表,Bool,%M133.1,,True,True,True,,
Tag_448,默认变量表,Bool,%M133.2,,True,True,True,,
Tag_449,默认变量表,Bool,%M134.1,,True,True,True,,
Tag_450,默认变量表,Bool,%M134.2,,True,True,True,,
Tag_451,默认变量表,Bool,%M135.1,,True,True,True,,
Tag_452,默认变量表,Bool,%M135.2,,True,True,True,,
Tag_453,默认变量表,Bool,%M136.1,,True,True,True,,
Tag_454,默认变量表,Bool,%M136.2,,True,True,True,,
Tag_455,默认变量表,Bool,%M137.1,,True,True,True,,
Tag_456,默认变量表,Bool,%M137.2,,True,True,True,,
Tag_457,默认变量表,Bool,%M138.1,,True,True,True,,
Tag_458,默认变量表,Bool,%M138.2,,True,True,True,,
Tag_459,默认变量表,Bool,%M139.1,,True,True,True,,
Tag_460,默认变量表,Bool,%M139.2,,True,True,True,,
Tag_461,默认变量表,Bool,%M140.1,,True,True,True,,
Tag_462,默认变量表,Bool,%M140.2,,True,True,True,,
Tag_463,默认变量表,Bool,%M141.1,,True,True,True,,
Tag_464,默认变量表,Bool,%M141.2,,True,True,True,,
Tag_465,默认变量表,Bool,%M142.1,,True,True,True,,
Tag_466,默认变量表,Bool,%M142.2,,True,True,True,,
Tag_467,默认变量表,Bool,%M143.1,,True,True,True,,
Tag_468,默认变量表,Bool,%M143.2,,True,True,True,,
Tag_469,默认变量表,Bool,%M144.1,,True,True,True,,
Tag_470,默认变量表,Bool,%M144.2,,True,True,True,,
Tag_471,默认变量表,Bool,%M145.1,,True,True,True,,
Tag_472,默认变量表,Bool,%M145.2,,True,True,True,,
Tag_473,默认变量表,Bool,%M146.1,,True,True,True,,
Tag_474,默认变量表,Bool,%M146.2,,True,True,True,,
Tag_475,默认变量表,Bool,%M147.1,,True,True,True,,
Tag_476,默认变量表,Bool,%M147.2,,True,True,True,,
Tag_477,默认变量表,Bool,%M148.1,,True,True,True,,
Tag_478,默认变量表,Bool,%M148.2,,True,True,True,,
Tag_479,默认变量表,Bool,%M149.1,,True,True,True,,
Tag_480,默认变量表,Bool,%M149.2,,True,True,True,,
Tag_481,默认变量表,Bool,%M150.1,,True,True,True,,
Tag_482,默认变量表,Bool,%M150.2,,True,True,True,,
Tag_483,默认变量表,Bool,%M151.1,,True,True,True,,
Tag_484,默认变量表,Bool,%M151.2,,True,True,True,,
Tag_485,默认变量表,Bool,%M152.1,,True,True,True,,
Tag_486,默认变量表,Bool,%M152.2,,True,True,True,,
Tag_487,默认变量表,Bool,%M153.1,,True,True,True,,
Tag_488,默认变量表,Bool,%M153.2,,True,True,True,,
Tag_489,默认变量表,Bool,%M154.1,,True,True,True,,
Tag_490,默认变量表,Bool,%M154.2,,True,True,True,,
Tag_491,默认变量表,Bool,%M155.1,,True,True,True,,
Tag_492,默认变量表,Bool,%M155.2,,True,True,True,,
Tag_493,默认变量表,Bool,%M156.1,,True,True,True,,
Tag_494,默认变量表,Bool,%M156.2,,True,True,True,,
Tag_495,默认变量表,Bool,%M157.1,,True,True,True,,
Tag_496,默认变量表,Bool,%M157.2,,True,True,True,,
Tag_497,默认变量表,Bool,%M158.1,,True,True,True,,
Tag_498,默认变量表,Bool,%M158.2,,True,True,True,,
Tag_499,默认变量表,Bool,%M159.1,,True,True,True,,
Tag_500,默认变量表,Bool,%M159.2,,True,True,True,,
Tag_501,默认变量表,Bool,%M160.1,,True,True,True,,
Tag_502,默认变量表,Bool,%M160.2,,True,True,True,,
Tag_503,默认变量表,Bool,%M161.1,,True,True,True,,
Tag_504,默认变量表,Bool,%M161.2,,True,True,True,,
Tag_505,默认变量表,Bool,%M162.1,,True,True,True,,
Tag_506,默认变量表,Bool,%M162.2,,True,True,True,,
Tag_507,默认变量表,Bool,%M163.1,,True,True,True,,
Tag_508,默认变量表,Bool,%M163.2,,True,True,True,,
Tag_509,默认变量表,Bool,%M164.1,,True,True,True,,
Tag_510,默认变量表,Bool,%M164.2,,True,True,True,,
Tag_511,默认变量表,Bool,%M165.1,,True,True,True,,
Tag_512,默认变量表,Bool,%M165.2,,True,True,True,,
Tag_513,默认变量表,Bool,%M166.1,,True,True,True,,
Tag_514,默认变量表,Bool,%M166.2,,True,True,True,,
Tag_515,默认变量表,Bool,%M167.1,,True,True,True,,
Tag_516,默认变量表,Bool,%M167.2,,True,True,True,,
Tag_517,默认变量表,Bool,%M168.1,,True,True,True,,
Tag_518,默认变量表,Bool,%M168.2,,True,True,True,,
Tag_519,默认变量表,Bool,%M169.1,,True,True,True,,
Tag_520,默认变量表,Bool,%M169.2,,True,True,True,,
Tag_521,默认变量表,Bool,%M170.1,,True,True,True,,
Tag_522,默认变量表,Bool,%M170.2,,True,True,True,,
Tag_523,默认变量表,Bool,%M171.1,,True,True,True,,
Tag_524,默认变量表,Bool,%M171.2,,True,True,True,,
Tag_525,默认变量表,Bool,%M172.1,,True,True,True,,
Tag_526,默认变量表,Bool,%M172.2,,True,True,True,,
Tag_527,默认变量表,Bool,%M173.0,,True,True,True,,
Tag_528,默认变量表,Bool,%M0.3,,True,True,True,,
Tag_529,默认变量表,Bool,%M73.1,,True,True,True,,
Tag_530,默认变量表,Bool,%M73.2,,True,True,True,,
Tag_531,默认变量表,Bool,%M0.4,,True,True,True,,
Tag_532,默认变量表,Bool,%M0.5,,True,True,True,,
Tag_533,默认变量表,Bool,%M0.6,,True,True,True,,
Tag_535,默认变量表,Bool,%M80.0,,True,True,True,,
Tag_536,默认变量表,Bool,%M80.1,,True,True,True,,
Tag_537,默认变量表,Bool,%M0.7,,True,True,True,,
Tag_538,默认变量表,Bool,%M80.2,,True,True,True,,
Tag_539,默认变量表,Bool,%M80.3,,True,True,True,,
Tag_540,默认变量表,Bool,%M80.4,,True,True,True,,
Tag_541,默认变量表,Bool,%M80.5,,True,True,True,,
Tag_542,默认变量表,Real,%MD132,,True,True,True,,
Tag_543,默认变量表,UDInt,%MD136,,True,True,True,,
Tag_544,默认变量表,UDInt,%MD140,,True,True,True,,
Tag_545,默认变量表,UDInt,%MD144,,True,True,True,,
Tag_546,默认变量表,Real,%MD148,,True,True,True,,
Tag_547,默认变量表,Real,%MD152,,True,True,True,,
Tag_548,默认变量表,UDInt,%MD156,,True,True,True,,
Tag_154,默认变量表,Real,%MD160,,True,True,True,,
Tag_549,默认变量表,Real,%MD164,,True,True,True,,
Tag_550,默认变量表,DInt,%MD168,,True,True,True,,
Tag_551,默认变量表,Time,%MD12,,True,True,True,,
Tag_552,默认变量表,Bool,%M90.0,,True,True,True,,
Tag_553,默认变量表,Bool,%M90.1,,True,True,True,,
Tag_554,默认变量表,Time,%MD16,,True,True,True,,
Tag_555,默认变量表,Time,%MD20,,True,True,True,,
